departure_hour,day_of_week,month,origin_airport,destination_airport,route_distance_km,weather_score,crew_duty_hours,historical_delay_rate,aircraft_age,gate_turnaround_mins,aircraft_type,delay_label,delay_probability,origin_encoded,destination_encoded,aircraft_encoded
19,4,11,BOM,HYD,641,1,3.0,0.21559945203362027,11,43,A321,1,0.5562,0,3,2
23,3,6,DEL,BOM,1099,0,3.4,0.33042422429595375,12,68,A321,0,0.2822,1,0,2
15,6,3,CCU,DEL,1309,3,7.1,0.46599404067363204,7,40,A320,1,0.9064,4,1,0
13,1,10,BLR,BOM,803,0,4.0,0.27410254660260114,7,63,B777,0,0.1096,2,0,4
13,0,4,BOM,BLR,844,1,5.1,0.2820068021177811,10,23,B777,1,0.4628,0,2,4
1,1,4,MAA,BOM,978,1,5.2,0.3070443974405399,8,72,B737,0,0.3228,5,0,1
8,4,1,DEL,AMD,928,3,11.0,0.16987156815341725,11,27,A321,1,1.0,1,6,2
9,6,10,DEL,BLR,1730,2,12.1,0.4149450674138203,1,67,B777,1,0.966,1,2,4
21,2,3,HYD,BOM,634,0,13.6,0.3048913824266084,5,33,A321,0,0.392,3,0,2
9,3,3,BLR,HYD,512,2,7.2,0.18632755719763835,4,42,B777,1,0.6945,2,3,4
12,6,11,BLR,BOM,880,2,9.1,0.2795633685837714,21,25,ATR72,1,0.9118,2,0,3
19,5,11,MAA,BOM,1056,0,12.8,0.2772132249384635,20,22,A321,1,0.7609,5,0,2
0,2,10,DEL,BLR,1733,0,3.2,0.391876421957307,9,71,A320,0,0.1568,1,2,0
11,5,7,PNQ,BOM,71,1,2.9,0.1897740485048942,17,21,B737,1,0.7259,8,0,1
0,0,3,DEL,BLR,1691,0,6.8,0.4252893089071328,4,74,A321,0,0.1701,1,2,2
5,4,4,DEL,GOI,1947,1,8.0,0.3090289770054408,1,78,B777,0,0.3236,1,7,4
18,1,3,BLR,BOM,813,0,2.3,0.3440523264489604,8,58,B737,0,0.2876,2,0,1
17,6,10,BOM,MAA,1063,0,3.3,0.36821683433294355,20,79,A320,0,0.4473,0,5,0
11,4,5,HYD,BLR,481,1,5.4,0.1749209574612661,16,22,ATR72,1,0.52,3,2,3
23,3,11,BOM,DEL,1169,1,9.7,0.3880686621436455,16,44,B777,1,0.6252,0,1,4
17,1,6,AMD,DEL,874,1,3.9,0.24121792213475357,1,33,B777,1,0.6165,6,1,4
6,2,1,HYD,BOM,602,0,7.6,0.28363326181858955,14,49,B777,0,0.1635,3,0,4
1,4,1,HYD,BOM,597,1,12.2,0.24301852682415553,16,38,ATR72,1,0.6672,3,0,3
16,3,12,DEL,GOI,1879,3,12.9,0.3370158700255444,9,56,B777,1,0.9348,1,7,4
0,3,5,BOM,BLR,826,2,5.1,0.24694927466860928,10,73,B737,1,0.4988,0,2,1
23,1,6,AMD,DEL,862,0,7.7,0.25773730719279553,17,52,A320,0,0.3031,6,1,0
6,4,10,HYD,BLR,475,2,12.3,0.23132405525564714,7,76,ATR72,1,0.6925,3,2,3
7,5,12,BOM,DEL,1184,0,8.5,0.3738474123018087,19,44,B737,1,0.6195,0,1,1
19,1,6,DEL,GOI,1864,0,2.7,0.3522243260054804,21,79,ATR72,1,0.4909,1,7,3
3,5,4,BOM,HYD,663,0,9.3,0.27260913337226617,13,49,A321,0,0.309,0,3,2
22,1,5,BOM,PNQ,159,3,11.9,0.16959742060936978,21,20,B737,1,1.0,0,8,1
1,5,6,BLR,HYD,497,0,13.1,0.19382705938433503,7,83,B777,0,0.4275,2,3,4
11,1,3,BOM,BLR,880,0,2.5,0.2346002642021753,17,81,ATR72,0,0.1938,0,2,3
15,4,7,HYD,BLR,549,0,6.6,0.17985047343973734,10,88,ATR72,0,0.1719,3,2,3
18,1,1,CCU,DEL,1323,1,9.0,0.4743891604560757,2,51,A321,1,0.6398,4,1,2
17,2,12,MAA,BOM,997,0,8.1,0.34414648087765254,3,84,A320,0,0.3877,5,0,0
11,4,12,BOM,MAA,1059,0,1.5,0.3318253884337893,17,27,B777,0,0.3827,0,5,4
18,0,7,DEL,BOM,1165,1,5.5,0.3936648151855707,4,40,B777,1,0.6775,1,0,4
4,0,8,CCU,DEL,1318,1,10.5,0.39276897294224655,17,43,B777,1,0.8271,4,1,4
22,0,3,DEL,AMD,869,2,7.6,0.2326457466107742,13,78,A321,1,0.5431,1,6,2
8,2,12,MAA,BOM,973,0,13.4,0.3450607146937556,19,35,B777,1,0.658,5,0,4
19,2,5,MAA,BOM,1064,2,11.2,0.2613464602017448,21,61,B737,1,0.9545,5,0,1
2,6,11,DEL,BLR,1764,0,2.9,0.44615106317174724,12,36,B777,0,0.3485,1,2,4
12,1,9,AMD,DEL,889,2,2.9,0.22133261686923927,6,27,B777,1,0.7385,6,1,4
16,6,7,PNQ,BOM,158,1,5.6,0.16081811955831998,19,80,ATR72,1,0.5643,8,0,3
18,6,3,CCU,DEL,1299,0,7.1,0.3856303275681837,8,80,A320,0,0.3543,4,1,0
12,3,9,BOM,BLR,857,0,2.1,0.28283701212972095,21,25,B737,0,0.4631,0,2,1
14,4,6,DEL,AMD,924,3,2.0,0.20538542844013208,20,76,B737,1,0.8822,1,6,1
13,6,1,DEL,GOI,1903,1,12.7,0.3045446380341458,12,35,ATR72,1,0.6918,1,7,3
3,1,8,HYD,BOM,627,0,4.5,0.25603450952052687,4,83,A321,0,0.2024,3,0,2
8,0,5,DEL,GOI,1933,1,4.5,0.31331851252237497,3,25,B737,1,0.6253,1,7,1
14,0,2,DEL,BLR,1699,2,12.3,0.3745218670106189,1,84,B737,1,0.7498,1,2,1
10,4,10,DEL,GOI,1912,0,11.8,0.35690814691657474,1,20,B777,0,0.4928,1,7,4
16,4,5,BLR,DEL,1692,1,11.0,0.44447657298824284,10,36,B777,1,0.6478,2,1,4
0,2,4,AMD,DEL,901,2,10.8,0.174689646779122,8,58,B737,1,0.6699,6,1,1
17,3,1,BOM,BLR,848,3,2.1,0.30918178394696333,17,66,B777,1,0.9737,0,2,4
10,2,7,DEL,BOM,1135,1,13.7,0.3608087849541885,18,49,A321,1,0.7443,1,0,2
19,0,6,DEL,BOM,1194,1,6.2,0.36220867002278734,19,24,B777,1,0.8449,1,0,4
9,0,12,DEL,GOI,1933,0,13.7,0.3492618093992869,13,62,A321,0,0.5397,1,7,2
10,5,8,HYD,BLR,453,0,5.5,0.2296788409906012,3,46,B777,0,0.2419,3,2,4
18,4,5,BOM,PNQ,151,0,3.3,0.10887025337570555,1,24,A320,0,0.3935,0,8,0
1,0,10,AMD,DEL,884,0,2.2,0.2181145394056293,15,75,A321,0,0.1372,6,1,2
3,0,8,DEL,GOI,1948,0,3.7,0.3370472102791382,14,47,B737,0,0.2848,1,7,1
23,2,7,AMD,DEL,842,2,7.7,0.22321134852653157,13,37,B737,1,0.7093,6,1,1
14,0,7,BOM,PNQ,97,0,5.2,0.12114480069965446,12,44,A320,0,0.3185,0,8,0
9,2,9,BLR,BOM,812,0,8.0,0.3086841118020879,8,59,A320,0,0.3735,2,0,0
8,4,6,CCU,DEL,1306,1,8.4,0.4156096725897846,13,89,B777,1,0.7662,4,1,4
5,6,4,BLR,DEL,1783,0,4.7,0.3673373595294755,9,22,A321,0,0.3469,2,1,2
3,6,6,DEL,BLR,1755,1,12.9,0.3705300006397605,17,70,A320,1,0.7982,1,2,0
7,1,3,BOM,MAA,1009,1,3.4,0.30236792364042436,19,39,A320,1,0.6409,0,5,0
13,5,5,BOM,DEL,1108,2,5.2,0.38938830975578986,6,69,B737,1,0.6058,0,1,1
11,1,8,CCU,DEL,1256,0,2.8,0.38027108994143294,9,34,A321,0,0.3221,4,1,2
4,5,12,DEL,GOI,1899,0,10.5,0.3938340456821038,12,54,A320,0,0.4575,1,7,0
10,0,5,HYD,BOM,583,1,11.7,0.23864049867881443,19,45,ATR72,1,0.5955,3,0,3
17,6,8,CCU,DEL,1268,2,9.1,0.4339781061914633,15,44,A320,1,1.0,4,1,0
13,4,8,DEL,BOM,1148,0,6.6,0.3332815785912484,19,61,ATR72,0,0.3333,1,0,3
19,5,7,BOM,DEL,1124,1,3.0,0.3611722067795548,5,46,A320,1,0.6445,0,1,0
9,4,11,DEL,BOM,1171,0,11.7,0.3110631736955207,4,71,B777,0,0.4744,1,0,4
3,3,2,BLR,HYD,476,1,10.0,0.18427244433475962,11,46,B777,0,0.4237,2,3,4
7,5,6,CCU,DEL,1326,0,4.7,0.44149502631526544,13,81,B737,1,0.5266,4,1,1
7,3,11,BLR,HYD,525,0,12.9,0.20900846371240867,5,50,B737,0,0.4336,2,3,1
13,0,6,BOM,PNQ,80,0,2.5,0.19848411989623344,14,55,A320,0,0.2794,0,8,0
7,6,5,BOM,PNQ,116,0,5.4,0.18028534485980113,21,45,A320,0,0.4221,0,8,0
10,5,2,PNQ,BOM,76,0,10.6,0.13522179408898072,11,78,ATR72,0,0.4041,8,0,3
19,5,5,BOM,HYD,657,0,11.1,0.2277587172629418,18,68,A320,1,0.5911,0,3,0
19,5,6,DEL,GOI,1941,0,3.4,0.3299595911766477,13,70,A321,1,0.482,1,7,2
12,4,8,DEL,GOI,1868,0,11.1,0.34532888347480273,2,57,A321,0,0.4381,1,7,2
7,4,7,BOM,DEL,1100,0,4.5,0.39439995432390157,1,74,ATR72,0,0.4078,0,1,3
7,0,9,BOM,HYD,636,0,9.7,0.20197105377543642,15,86,A321,0,0.4808,0,3,2
7,1,3,BLR,HYD,545,3,8.8,0.2106850148962586,16,87,ATR72,1,1.0,2,3,3
22,1,7,AMD,DEL,913,0,3.7,0.17265322038738196,19,55,B777,0,0.2691,6,1,4
0,6,5,DEL,BOM,1117,0,11.7,0.33630592121950903,12,39,B777,0,0.5045,1,0,4
1,4,12,DEL,CCU,1353,2,10.9,0.4140113175766453,10,49,A321,1,0.7656,1,4,2
17,2,1,DEL,GOI,1863,1,10.1,0.340255004359698,9,41,A321,1,0.7561,1,7,2
1,6,5,DEL,AMD,914,2,7.9,0.2315054428402457,9,57,B737,1,0.5426,1,6,1
11,6,5,BLR,DEL,1775,0,12.7,0.43738900775625156,8,31,B777,1,0.495,2,1,4
9,4,1,BOM,HYD,595,0,11.0,0.24220360595506873,2,73,A321,0,0.4469,0,3,2
18,1,5,BLR,BOM,805,0,5.6,0.32190459051842457,7,73,B737,0,0.2788,2,0,1
23,0,10,DEL,BLR,1725,0,3.1,0.4541529660310043,17,81,A321,0,0.2817,1,2,2
8,1,2,DEL,BOM,1170,0,10.5,0.34954913162061985,11,61,A320,1,0.5398,1,0,0
17,4,12,BOM,BLR,838,3,1.1,0.24030937460137453,5,63,A321,1,0.8461,0,2,2
9,0,7,DEL,GOI,1896,0,13.5,0.37583924139456815,21,89,A320,1,0.7003,1,7,0
14,2,10,MAA,BOM,990,0,10.2,0.34252483174156656,21,26,B777,1,0.587,5,0,4
15,1,11,BOM,PNQ,156,1,10.7,0.10548826146464749,3,37,A321,1,0.5622,0,8,2
13,6,8,DEL,GOI,1948,1,7.3,0.3884998356523281,11,59,B737,1,0.5554,1,7,1
6,6,8,MAA,BOM,968,1,5.1,0.3125891376437009,16,61,ATR72,1,0.575,5,0,3
9,1,11,BOM,BLR,807,0,13.2,0.30987832357736655,7,65,ATR72,0,0.474,0,2,3
20,3,9,DEL,GOI,1865,2,13.8,0.3768273413864518,7,24,A320,1,1.0,1,7,0
12,5,8,BOM,BLR,824,2,10.3,0.2889108534470895,16,84,B777,1,0.9656,0,2,4
14,0,9,DEL,CCU,1342,0,13.4,0.47979893221433834,5,62,ATR72,0,0.4919,1,4,3
23,2,2,AMD,DEL,864,1,1.8,0.21015802364254876,21,76,B737,0,0.3841,6,1,1
23,5,5,BOM,BLR,799,1,3.8,0.2818260366676392,20,80,A321,0,0.4627,0,2,2
17,5,1,GOI,DEL,1937,2,7.0,0.3422937382935119,15,87,B777,1,0.7869,7,1,4
23,2,11,DEL,CCU,1346,0,1.6,0.4852193533347008,10,28,A320,0,0.3441,1,4,0
23,3,6,DEL,BOM,1169,1,1.6,0.3532602519400762,5,79,B777,0,0.4413,1,0,4
16,1,8,DEL,AMD,884,0,8.7,0.23246809659251494,8,59,A321,0,0.293,1,6,2
5,2,8,BOM,DEL,1189,2,12.3,0.40083629767150347,11,64,A320,1,0.9103,0,1,0
5,3,7,BLR,BOM,799,2,12.3,0.2529247283034559,10,29,A321,1,0.9512,2,0,2
17,3,2,BOM,HYD,647,1,4.4,0.2193132864587293,13,65,A321,1,0.4877,0,3,2
7,6,2,DEL,GOI,1909,0,11.6,0.3128448718093191,19,49,B737,1,0.6251,1,7,1
14,5,5,DEL,BOM,1190,1,3.3,0.37708541085409897,4,83,A320,0,0.4008,1,0,0
9,5,1,DEL,GOI,1871,1,1.6,0.3871536806152376,15,48,ATR72,1,0.6049,1,7,3
19,4,12,BOM,BLR,801,0,11.7,0.26718335292387246,19,77,B737,1,0.5569,0,2,1
3,0,3,DEL,BOM,1110,2,7.9,0.3825920765799896,11,51,B737,1,0.603,1,0,1
21,2,11,PNQ,BOM,136,3,3.0,0.1332334801042602,21,66,B777,1,0.8033,8,0,4
18,0,5,BLR,DEL,1692,0,5.2,0.4224422672614117,2,80,A321,0,0.319,2,1,2
17,6,12,MAA,BOM,1044,0,3.1,0.2703701249276274,21,27,A321,1,0.5581,5,0,2
6,2,12,PNQ,BOM,122,2,13.6,0.10854588746766544,15,44,A320,1,0.8134,8,0,0
3,0,6,PNQ,BOM,117,0,1.8,0.1481971401914399,21,21,A321,1,0.4593,8,0,2
7,4,2,DEL,GOI,1943,0,7.2,0.36000205481193037,11,64,A320,0,0.344,1,7,0
8,2,6,BLR,DEL,1740,0,4.1,0.44866625932671467,15,73,ATR72,0,0.4795,2,1,3
7,1,12,CCU,DEL,1351,0,2.1,0.4150626931209181,1,45,B737,0,0.316,4,1,1
17,6,2,AMD,DEL,883,0,9.3,0.24064757264869013,6,28,A320,1,0.5463,6,1,0
17,3,8,DEL,CCU,1326,1,11.4,0.43394501925428064,7,23,B737,1,0.9736,1,4,1
8,3,10,BOM,BLR,808,0,1.8,0.2547103234010147,13,44,B777,0,0.3719,0,2,4
22,5,4,BOM,PNQ,114,0,11.3,0.1658707775500876,19,63,B737,0,0.4663,0,8,1
21,4,8,BOM,PNQ,128,1,3.6,0.16802282424312914,15,26,ATR72,1,0.6172,0,8,3
4,3,12,PNQ,BOM,89,0,8.1,0.1413995867808725,9,55,B737,0,0.2066,8,0,1
1,6,2,BLR,BOM,830,0,4.6,0.30923503285933623,12,22,B777,0,0.3737,2,0,4
0,2,10,BLR,HYD,457,0,8.8,0.1932540533226306,14,21,B777,0,0.3773,2,3,4
8,5,6,DEL,AMD,899,0,8.7,0.20794148993435008,20,21,A320,1,0.7332,1,6,0
2,4,5,DEL,BOM,1162,1,2.7,0.3969821045078544,15,50,A321,0,0.4088,1,0,2
15,1,10,AMD,DEL,915,2,6.6,0.194871427258763,11,20,A320,1,0.6779,6,1,0
10,4,5,PNQ,BOM,145,0,12.0,0.17056701529500534,15,25,ATR72,1,0.5182,8,0,3
17,5,2,PNQ,BOM,142,0,13.2,0.09393435406685097,3,89,B777,1,0.4876,8,0,4
0,0,3,DEL,BLR,1767,1,6.2,0.41798970815920733,11,69,B777,0,0.4172,1,2,4
10,1,7,BLR,HYD,493,0,2.6,0.14327146538192773,20,69,B737,0,0.2573,2,3,1
17,4,1,HYD,BOM,577,0,4.0,0.31633468328203995,15,53,A320,0,0.3265,3,0,0
9,5,2,BOM,MAA,1046,1,12.3,0.32706097466388295,12,65,ATR72,1,0.7808,0,5,3
15,5,5,BOM,PNQ,117,1,2.4,0.16578453046030361,18,83,A320,1,0.4663,0,8,0
12,0,5,HYD,BLR,526,0,2.4,0.20505116477917157,6,23,A321,0,0.232,3,2,2
12,0,7,GOI,DEL,1932,2,5.9,0.3096869274560281,7,34,A320,1,0.6939,7,1,0
14,4,3,BOM,HYD,629,0,8.8,0.25456868884954736,3,63,B737,0,0.2018,0,3,1
13,5,10,HYD,BOM,635,0,5.9,0.30633336495718255,16,85,ATR72,0,0.2725,3,0,3
4,1,5,MAA,BOM,1043,0,8.9,0.3264883261542128,6,65,B737,0,0.2306,5,0,1
12,4,7,BOM,MAA,1044,1,12.7,0.2943482296576299,11,70,ATR72,1,0.6677,0,5,3
1,5,4,BOM,PNQ,121,1,13.1,0.153226021333904,8,35,B737,1,0.6313,0,8,1
1,0,4,GOI,DEL,1939,0,3.4,0.3481117853964983,10,58,B777,0,0.1392,7,1,4
9,4,10,DEL,GOI,1905,3,7.3,0.3805992549775158,1,63,B777,1,0.9022,1,7,4
22,5,6,DEL,AMD,860,2,4.0,0.17120448399082266,10,61,A320,1,0.6185,1,6,0
3,1,8,DEL,BLR,1708,2,9.7,0.45095299757684415,19,55,B737,1,0.8804,1,2,1
4,6,1,GOI,DEL,1948,2,7.1,0.3335358101842661,16,56,A321,1,0.6834,7,1,2
9,0,9,BOM,MAA,989,3,2.8,0.3395144554047594,3,61,B777,1,0.9858,0,5,4
10,6,8,DEL,GOI,1909,2,8.8,0.33372271327554204,7,55,B777,1,0.7835,1,7,4
8,0,11,BOM,BLR,864,0,1.9,0.28190597909082704,2,79,B777,0,0.2628,0,2,4
5,1,3,HYD,BOM,613,0,5.3,0.28694869551981905,12,21,A320,0,0.3148,3,0,0
7,5,12,PNQ,BOM,127,3,3.3,0.1590004890820666,16,81,A320,1,1.0,8,0,0
16,3,8,MAA,BOM,1048,0,6.0,0.2619829002017646,19,24,ATR72,0,0.4548,5,0,3
0,0,5,MAA,BOM,1048,1,2.2,0.3255270420496808,1,35,ATR72,0,0.4002,5,0,3
13,3,1,DEL,BOM,1120,0,5.7,0.30876427467638384,9,84,A321,0,0.1235,1,0,2
17,6,6,BLR,BOM,829,1,8.5,0.30665753621714187,20,31,A320,1,0.8927,2,0,0
12,2,8,GOI,DEL,1879,1,2.8,0.30119824909022386,14,34,B777,0,0.5405,7,1,4
2,1,4,DEL,BOM,1179,1,11.7,0.3132524672741848,1,55,A320,1,0.5253,1,0,0
19,2,3,AMD,DEL,880,2,9.7,0.18217619111252747,21,87,A320,1,0.8229,6,1,0
11,3,4,DEL,AMD,857,0,12.1,0.15003325061204895,11,21,ATR72,0,0.46,1,6,3
4,2,2,BOM,PNQ,79,0,7.3,0.17542535443438628,15,28,A321,0,0.3202,0,8,2
18,6,12,AMD,DEL,936,0,14.0,0.2513970269506019,7,71,B777,1,0.5006,6,1,4
6,1,5,BLR,DEL,1752,0,3.5,0.386775935087729,14,24,B737,0,0.3547,2,1,1
14,4,10,BLR,DEL,1776,0,8.0,0.37152018720172375,21,72,B737,0,0.2486,2,1,1
16,2,1,BLR,BOM,854,1,7.5,0.27660192780053805,21,45,ATR72,0,0.4106,2,0,3
17,2,9,HYD,BLR,542,0,7.0,0.2185016543837057,13,83,A320,0,0.3874,3,2,0
0,1,12,DEL,CCU,1302,0,11.9,0.4038426348962325,8,40,ATR72,0,0.4315,1,4,3
7,2,6,DEL,BOM,1169,0,12.6,0.34506196567297576,13,88,ATR72,1,0.638,1,0,3
7,4,8,DEL,BLR,1776,1,1.9,0.37712567277652587,17,24,ATR72,1,0.8509,1,2,3
3,2,4,AMD,DEL,854,2,11.2,0.20548413602568905,5,24,B737,1,0.8322,6,1,1
16,6,8,HYD,BLR,474,3,9.7,0.1410427699397403,4,87,A320,1,0.9064,3,2,0
9,4,4,GOI,DEL,1861,0,2.5,0.328601550297754,16,51,ATR72,0,0.3814,7,1,3
14,0,8,CCU,DEL,1272,0,5.8,0.42320768829441957,18,41,ATR72,0,0.4393,4,1,3
18,5,1,MAA,BOM,985,0,11.6,0.3361369996363436,17,31,A320,1,0.7045,5,0,0
20,5,8,DEL,AMD,885,1,11.1,0.21561618376810715,11,41,A321,1,0.9062,1,6,2
17,1,5,DEL,AMD,918,0,13.5,0.19883941300649396,12,41,A321,1,0.5495,1,6,2
23,2,6,BOM,DEL,1116,0,2.2,0.387717278328755,5,27,B737,0,0.4051,0,1,1
0,3,5,HYD,BOM,572,3,2.3,0.26014943158612885,10,29,B777,1,0.8541,3,0,4
1,0,9,BOM,HYD,605,0,10.9,0.2035311354940239,17,33,A320,1,0.5514,0,3,0
10,2,7,PNQ,BOM,139,2,14.0,0.12683095305068484,4,39,B737,1,0.8707,8,0,1
4,5,5,BOM,BLR,848,1,1.0,0.2919589337459841,4,79,A320,0,0.3668,0,2,0
22,6,4,DEL,GOI,1942,1,1.8,0.3579983787428131,20,23,B737,1,0.6432,1,7,1
18,0,3,BOM,PNQ,91,1,10.7,0.1981969190446145,21,50,ATR72,1,0.7793,0,8,3
12,3,7,HYD,BLR,504,0,5.8,0.14625422268973684,15,76,ATR72,0,0.2085,3,2,3
16,5,4,BOM,DEL,1117,1,2.5,0.37099048896962883,14,28,B737,1,0.5984,0,1,1
9,1,3,PNQ,BOM,146,1,8.6,0.14864790921887072,6,70,B777,1,0.5595,8,0,4
13,1,3,BOM,BLR,863,2,3.4,0.31026433097957107,10,83,B777,1,0.5241,0,2,4
6,6,2,BLR,BOM,829,0,10.5,0.326551289899111,14,79,ATR72,0,0.4306,2,0,3
23,0,4,PNQ,BOM,154,0,1.7,0.11821870746932003,7,54,ATR72,0,0.0973,8,0,3
15,5,10,CCU,DEL,1343,1,1.8,0.4287571193673384,11,76,B777,0,0.4715,4,1,4
6,5,2,BOM,DEL,1129,1,13.5,0.3860168183461842,7,40,B737,1,0.6744,0,1,1
4,1,5,AMD,DEL,921,0,10.4,0.18911907014647888,17,38,A321,0,0.4456,6,1,2
8,0,2,MAA,BOM,1032,0,2.2,0.31837541055770424,1,43,B777,0,0.3474,5,0,4
8,6,6,BOM,MAA,1013,0,2.1,0.31583006415286563,1,24,B737,1,0.5763,0,5,1
9,1,3,DEL,BOM,1136,0,1.8,0.35125026487703315,10,83,A321,0,0.2905,1,0,2
20,3,10,BOM,HYD,637,1,7.8,0.22048812741507126,21,33,A321,1,0.6082,0,3,2
16,6,2,HYD,BOM,594,0,5.5,0.24824308986865118,10,25,ATR72,0,0.2993,3,0,3
10,2,5,GOI,DEL,1900,0,3.4,0.28940361044342666,9,55,B777,0,0.1158,7,1,4
14,6,8,DEL,CCU,1336,0,10.0,0.4793261350438255,7,22,B777,1,0.5917,1,4,4
10,5,1,GOI,DEL,1941,0,3.4,0.36939897100078706,16,23,A321,0,0.4478,7,1,2
10,5,7,MAA,BOM,980,3,7.3,0.26224338983589407,13,53,ATR72,1,0.9049,5,0,3
2,0,4,DEL,BLR,1714,2,3.7,0.40790271262190975,3,80,ATR72,1,0.5632,1,2,3
5,1,6,PNQ,BOM,152,1,13.8,0.1801296010774649,12,22,ATR72,1,0.8221,8,0,3
20,3,8,HYD,BLR,539,0,4.1,0.1541971989760994,9,70,B737,0,0.3117,3,2,1
21,0,5,HYD,BLR,460,2,4.3,0.14311155999173578,16,53,B737,1,0.5572,3,2,1
6,5,9,BLR,HYD,469,0,11.9,0.15792760884544105,3,23,B737,1,0.5632,2,3,1
14,6,5,BLR,DEL,1788,1,6.3,0.4259248733060843,4,36,A320,1,0.4904,2,1,0
14,1,3,DEL,AMD,936,2,1.0,0.16690810703559927,2,65,ATR72,0,0.4668,1,6,3
18,5,11,BOM,BLR,878,0,6.5,0.23271750160908444,6,41,A320,0,0.3631,0,2,0
2,1,3,BOM,PNQ,142,2,13.8,0.16213444972535296,9,38,ATR72,1,0.7849,0,8,3
20,4,4,BLR,DEL,1729,0,1.6,0.40671707799193857,20,33,A321,0,0.4827,2,1,2
13,5,9,DEL,CCU,1322,0,12.4,0.48772617628261794,14,60,B777,1,0.5951,1,4,4
11,2,11,HYD,BLR,513,1,8.5,0.20588250701400707,16,39,B777,1,0.5524,3,2,4
20,4,9,BOM,DEL,1158,0,12.3,0.33646868935151314,1,27,B777,1,0.7346,0,1,4
11,5,12,HYD,BOM,615,1,8.8,0.3092523289954846,8,40,A321,1,0.5437,3,0,2
3,6,7,BOM,PNQ,161,0,6.0,0.14876670686212645,12,85,B737,0,0.3095,0,8,1
0,6,6,DEL,CCU,1260,2,1.0,0.403976596498857,6,46,A321,1,0.7116,1,4,2
12,0,3,BOM,DEL,1137,0,6.8,0.37742884204312604,17,32,B777,0,0.321,0,1,4
16,5,8,AMD,DEL,882,2,4.7,0.21628519550158506,21,68,B737,1,0.7365,6,1,1
8,4,1,DEL,CCU,1295,2,7.9,0.48798626773611603,9,58,B777,1,0.7452,1,4,4
18,2,1,AMD,DEL,879,0,6.3,0.26076110025565546,21,31,B777,0,0.4243,6,1,4
6,3,10,DEL,AMD,908,0,9.3,0.15511353814421008,13,66,A320,0,0.212,1,6,0
17,1,4,GOI,DEL,1943,2,9.6,0.28922847920732575,15,47,ATR72,1,0.8157,7,1,3
18,6,9,MAA,BOM,1003,0,9.4,0.3146450090124607,19,29,B737,1,0.7759,5,0,1
6,3,3,DEL,CCU,1338,1,10.6,0.45299915229264187,3,35,B737,1,0.6512,1,4,1
2,2,1,MAA,BOM,1019,1,1.6,0.26230032951237453,17,44,A320,0,0.4749,5,0,0
17,3,3,BOM,MAA,1009,0,5.0,0.3488985159920793,12,51,A321,0,0.3396,0,5,2
14,0,7,MAA,BOM,1039,1,5.8,0.3101074166800233,4,52,B737,0,0.424,5,0,1
6,3,5,DEL,BLR,1745,1,13.3,0.4039768827151118,10,79,B737,1,0.5616,1,2,1
14,6,11,BOM,MAA,975,0,9.8,0.33057792494526905,2,67,ATR72,0,0.2822,0,5,3
0,6,4,BLR,DEL,1739,0,1.4,0.40054551179104503,11,64,ATR72,0,0.2602,2,1,3
21,2,11,AMD,DEL,890,0,10.8,0.21585230088818907,10,56,B737,0,0.2863,6,1,1
22,5,4,BOM,BLR,812,2,13.8,0.2588405437818746,15,36,B777,1,0.8735,0,2,4
4,4,9,BLR,BOM,843,0,3.2,0.2746907426667585,19,22,B737,0,0.4599,2,0,1
18,1,1,DEL,AMD,924,0,4.5,0.24664173858664074,7,87,A321,0,0.2487,1,6,2
12,6,2,BOM,BLR,805,0,11.2,0.3034577923121413,18,43,B737,1,0.5414,0,2,1
20,3,5,BOM,HYD,586,1,12.8,0.21323723790349725,21,30,B777,1,0.8053,0,3,4
6,3,5,BOM,MAA,1045,1,7.1,0.2734461259425,6,36,A321,0,0.3794,0,5,2
11,3,4,HYD,BLR,545,0,4.9,0.18914181775285568,11,52,A321,0,0.1257,3,2,2
17,0,3,BOM,PNQ,122,3,6.3,0.18275189221063032,15,23,B777,1,1.0,0,8,4
7,3,1,DEL,CCU,1335,2,12.6,0.40624575936190715,6,86,A321,1,0.9125,1,4,2
13,4,7,BLR,HYD,529,1,13.1,0.13305494570933799,3,73,B737,1,0.5532,2,3,1
11,1,9,HYD,BLR,473,1,7.9,0.21933940143053476,3,38,B737,0,0.4577,3,2,1
7,6,7,DEL,GOI,1916,1,11.8,0.3740476131953519,5,32,B777,1,0.9196,1,7,4
0,3,3,DEL,CCU,1320,0,6.2,0.47231494864646295,14,23,A321,0,0.3889,1,4,2
13,3,2,BOM,BLR,839,3,7.8,0.2599565677953874,8,36,B737,1,0.774,0,2,1
5,3,2,HYD,BLR,515,1,9.7,0.16111124711661362,2,58,A321,0,0.3644,3,2,2
23,5,7,AMD,DEL,866,0,8.6,0.2542230746343948,17,49,B777,0,0.4517,6,1,4
20,2,9,BOM,PNQ,94,0,12.6,0.15030839507798363,10,29,ATR72,1,0.7101,0,8,3
19,1,2,PNQ,BOM,97,0,4.9,0.11899701189436092,4,78,B737,0,0.2476,8,0,1
1,1,8,AMD,DEL,937,1,4.5,0.2102446637433669,17,45,B737,0,0.4841,6,1,1
16,6,8,BLR,DEL,1739,0,5.4,0.4440448505736173,11,84,A321,0,0.3776,2,1,2
11,3,4,DEL,BOM,1179,2,6.6,0.3909943143854392,16,75,ATR72,1,0.6564,1,0,3
22,1,1,DEL,GOI,1909,1,10.2,0.30043632696503086,21,40,A321,1,0.6902,1,7,2
23,3,11,BOM,DEL,1114,1,13.3,0.3568968031595386,20,31,B777,1,0.7128,0,1,4
21,6,12,DEL,BLR,1730,0,2.4,0.43344241452865834,3,32,B737,0,0.2934,1,2,1
1,0,9,BLR,BOM,832,0,12.4,0.2715740679176454,13,64,B777,0,0.4586,2,0,4
6,3,2,HYD,BOM,572,0,9.4,0.25951309076115037,8,73,A320,0,0.2038,3,0,0
2,4,9,BOM,MAA,1013,0,7.7,0.29675926767279714,21,65,B777,0,0.3187,0,5,4
21,0,4,DEL,BOM,1111,0,7.4,0.3404289747254869,17,31,ATR72,0,0.3062,1,0,3
3,1,12,BOM,MAA,1054,1,5.1,0.34739913781527626,15,77,ATR72,0,0.389,0,5,3
14,5,9,CCU,DEL,1288,0,6.7,0.41320993653931365,1,74,B737,0,0.3153,4,1,1
15,2,5,MAA,BOM,1064,0,12.4,0.31755800919502597,11,27,A320,1,0.527,5,0,0
12,5,11,HYD,BOM,573,2,10.2,0.3137378438164321,2,47,B777,1,0.7755,3,0,4
3,1,8,MAA,BOM,973,0,7.9,0.31509573351180725,11,34,ATR72,0,0.346,5,0,3
11,6,10,DEL,GOI,1906,1,11.2,0.35782983994203604,11,72,ATR72,1,0.6431,1,7,3
10,0,1,BOM,MAA,1011,2,4.8,0.31699882681579367,15,50,A320,1,0.5768,0,5,0
17,4,4,DEL,GOI,1901,0,1.6,0.34156421866859055,6,46,B737,0,0.2866,1,7,1
4,5,6,AMD,DEL,901,2,7.0,0.2246577142032295,13,22,B777,1,0.8399,6,1,4
10,3,1,DEL,AMD,920,3,11.3,0.23537849217046672,12,89,A320,1,0.9442,1,6,0
15,2,10,BOM,BLR,856,1,4.4,0.2736995885665621,19,74,B737,0,0.4095,0,2,1
11,2,11,BLR,BOM,892,1,6.1,0.34528967959978274,2,27,B777,1,0.4881,2,0,4
14,5,1,BLR,BOM,837,1,3.1,0.3065085312452756,12,28,B777,1,0.5726,2,0,4
9,6,11,DEL,BLR,1774,0,5.2,0.4548042089601484,8,67,A321,0,0.3819,1,2,2
11,4,10,BOM,BLR,894,0,6.2,0.321953102465605,19,20,A320,0,0.3788,0,2,0
2,3,4,DEL,GOI,1943,2,13.4,0.35771225860383205,14,36,B737,1,0.8631,1,7,1
20,2,2,PNQ,BOM,137,2,12.7,0.17773556122052603,20,29,A321,1,1.0,8,0,2
4,1,1,DEL,CCU,1271,0,9.8,0.42248902168159125,4,88,A321,0,0.269,1,4,2
11,1,3,BOM,BLR,813,0,6.6,0.32037575717751426,8,24,B777,0,0.2782,0,2,4
19,6,2,CCU,DEL,1347,0,4.8,0.43938024808096154,14,47,A320,0,0.4258,4,1,0
2,4,1,BLR,HYD,516,0,11.7,0.13476412574365065,4,43,B737,0,0.3239,2,3,1
16,6,5,DEL,BOM,1120,2,6.1,0.3546700520556768,9,76,B777,1,0.5919,1,0,4
4,0,10,BLR,DEL,1729,0,5.0,0.38039425122550274,3,70,ATR72,0,0.1522,2,1,3
18,6,4,BLR,DEL,1730,2,6.5,0.3802930905640429,5,44,A321,1,0.8221,2,1,2
14,5,4,HYD,BLR,488,0,10.9,0.1942471003462656,8,35,A321,0,0.3977,3,2,2
9,2,2,CCU,DEL,1263,0,9.2,0.42818674792746164,17,87,ATR72,1,0.5213,4,1,3
5,0,1,DEL,BLR,1752,0,5.8,0.4632924862569672,2,34,A321,0,0.2553,1,2,2
22,1,7,BLR,HYD,506,0,11.5,0.14952406029564919,13,89,ATR72,0,0.4098,2,3,3
16,6,1,BOM,BLR,870,1,6.7,0.2849309771480104,17,86,B737,0,0.464,0,2,1
17,0,3,BLR,BOM,837,2,1.1,0.3203699779629051,14,53,B777,1,0.7281,2,0,4
5,0,1,BOM,PNQ,118,0,6.6,0.13088344240073407,16,25,B777,0,0.3524,0,8,4
18,3,11,BOM,BLR,837,2,3.0,0.26097878592090995,2,41,A321,1,0.7244,0,2,2
6,5,8,HYD,BOM,636,2,13.8,0.2827993382604098,20,31,B777,1,1.0,3,0,4
16,5,1,MAA,BOM,969,1,6.3,0.25683532003099585,1,81,B737,0,0.3527,5,0,1
21,4,11,BOM,PNQ,135,0,6.0,0.19820495370159624,20,73,A321,0,0.2293,0,8,2
23,1,10,PNQ,BOM,126,0,6.9,0.18771042330515736,2,25,B737,0,0.2751,8,0,1
4,1,10,DEL,CCU,1338,0,5.5,0.4397612378552871,3,29,B737,0,0.3259,1,4,1
1,3,8,HYD,BLR,523,1,2.9,0.19953596612586041,15,39,A321,0,0.4998,3,2,2
11,2,4,PNQ,BOM,168,1,4.5,0.09151106842144752,3,25,A321,0,0.4366,8,0,2
15,5,9,BOM,DEL,1156,0,8.8,0.41660956336116917,1,45,A320,0,0.4166,0,1,0
21,2,5,BLR,HYD,471,1,5.9,0.1350488944412408,1,64,ATR72,0,0.254,2,3,3
3,2,1,DEL,CCU,1264,0,11.9,0.41885406057492514,6,67,A320,0,0.3675,1,4,0
2,3,11,GOI,DEL,1934,2,6.6,0.3058711642155441,9,46,B737,1,0.5223,7,1,1
10,0,9,DEL,GOI,1891,1,3.7,0.36539940923398007,21,42,ATR72,1,0.6162,1,7,3
13,4,11,BOM,DEL,1145,2,5.6,0.3724771530425053,1,35,B737,1,0.619,0,1,1
17,5,3,CCU,DEL,1290,2,8.1,0.40002820178676257,10,84,A321,1,0.86,4,1,2
13,1,1,BOM,PNQ,142,0,11.4,0.13336067890290432,1,73,B777,0,0.3033,0,8,4
10,2,12,DEL,BOM,1137,0,9.4,0.39362806214689267,18,82,A321,0,0.3575,1,0,2
3,5,7,DEL,AMD,900,0,1.4,0.17100293495162816,1,74,A321,0,0.2184,1,6,2
0,5,6,GOI,DEL,1934,0,1.9,0.2985646704901243,21,86,B777,0,0.3694,7,1,4
2,3,5,BOM,PNQ,70,0,4.2,0.1515005659709723,21,80,B737,0,0.2106,0,8,1
22,5,7,DEL,AMD,935,1,9.2,0.18735201768996876,7,80,A320,0,0.5249,1,6,0
2,6,6,DEL,AMD,880,2,9.8,0.23379083748518037,16,86,A320,1,0.8435,1,6,0
14,4,7,DEL,CCU,1267,1,6.0,0.44893764489706706,13,36,B777,1,0.5996,1,4,4
11,1,6,BLR,DEL,1722,0,6.4,0.42324138648126686,19,29,ATR72,1,0.5193,2,1,3
8,1,12,DEL,BOM,1108,0,1.8,0.33910328691273983,19,34,ATR72,0,0.4556,1,0,3
8,6,1,BOM,MAA,1026,2,9.8,0.3111864740417496,10,84,B777,1,0.8245,0,5,4
12,5,1,BOM,PNQ,103,0,13.3,0.169662727121739,21,83,B777,0,0.4679,0,8,4
6,4,5,DEL,GOI,1875,2,3.7,0.3507805063958779,21,84,A320,1,0.6403,1,7,0
2,6,5,BOM,MAA,996,1,12.5,0.34313165197032963,9,75,A320,1,0.5873,0,5,0
8,2,12,HYD,BLR,500,0,7.9,0.19105617954093382,19,85,A320,0,0.3264,3,2,0
10,4,9,BOM,BLR,812,2,3.6,0.23669736120252718,6,76,ATR72,1,0.5947,0,2,3
16,4,2,PNQ,BOM,135,0,13.9,0.11315484359650489,10,86,A321,0,0.2953,8,0,2
7,2,7,AMD,DEL,901,0,5.8,0.17453192789608946,11,49,A321,0,0.3698,6,1,2
8,3,12,DEL,GOI,1947,1,8.1,0.3066463325776272,8,77,B777,1,0.5727,1,7,4
19,0,3,BOM,HYD,652,1,10.6,0.21698810060507354,9,25,B777,1,0.7868,0,3,4
22,6,3,HYD,BLR,470,1,12.6,0.19788067545119406,10,61,B777,1,0.5292,3,2,4
7,2,9,HYD,BLR,489,1,12.2,0.22686396398234257,10,63,A321,1,0.7407,3,2,2
1,1,12,DEL,GOI,1939,0,13.5,0.34310868626232893,6,86,A321,0,0.3372,1,7,2
12,3,5,BOM,DEL,1110,1,11.7,0.3363140292927391,21,23,ATR72,1,0.7845,0,1,3
11,0,12,PNQ,BOM,77,0,4.4,0.09336764038744641,21,54,B777,0,0.1873,8,0,4
17,5,9,AMD,DEL,895,0,7.7,0.243622888252855,7,37,B737,0,0.4674,6,1,1
21,4,6,BOM,DEL,1145,2,12.7,0.4233571083457648,10,86,B777,1,0.8693,0,1,4
15,4,1,BLR,HYD,484,0,5.7,0.20837382510752364,11,49,ATR72,0,0.1333,2,3,3
21,5,8,BOM,BLR,843,1,1.5,0.31371196278306523,11,77,A321,1,0.5255,0,2,2
20,4,10,DEL,BLR,1772,1,13.9,0.4456730167068568,11,85,B737,1,0.7783,1,2,1
15,2,7,PNQ,BOM,93,0,5.8,0.15185270587181857,5,70,B777,0,0.2107,8,0,4
21,0,10,BLR,BOM,878,2,7.6,0.34492006931808916,18,46,B737,1,0.638,2,0,1
20,3,5,BOM,MAA,1051,1,10.1,0.3348638956768816,10,41,A321,1,0.7539,0,5,2
3,0,8,BOM,HYD,645,0,8.5,0.24529110702676107,14,33,B737,0,0.4181,0,3,1
0,6,11,HYD,BLR,492,0,6.9,0.2085700542933644,6,22,ATR72,0,0.2834,3,2,3
12,1,5,DEL,AMD,888,0,13.0,0.20831908042770977,8,59,A321,0,0.2833,1,6,2
7,1,1,HYD,BOM,653,2,12.5,0.28590454101322327,7,64,A321,1,0.8644,3,0,2
20,6,8,HYD,BLR,522,3,1.4,0.22973658657909318,15,76,B777,1,1.0,3,2,4
6,4,7,PNQ,BOM,81,2,12.1,0.18379652314338946,19,30,B737,1,0.9935,8,0,1
1,2,4,MAA,BOM,1014,0,2.3,0.2667491089094107,5,22,B777,0,0.2567,5,0,4
7,3,8,HYD,BOM,592,1,5.2,0.24993833737053484,10,58,ATR72,1,0.55,3,0,3
3,4,10,DEL,AMD,925,2,11.1,0.1576479955499313,2,50,A321,1,0.6631,1,6,2
5,1,8,DEL,BLR,1713,1,4.6,0.41878343185440126,17,84,B737,1,0.5675,1,2,1
20,1,9,CCU,DEL,1276,1,8.5,0.4467212337194181,8,36,B737,1,0.7987,4,1,1
12,0,9,BOM,HYD,609,0,3.5,0.24893925374065887,16,82,ATR72,0,0.2996,0,3,3
6,0,3,BOM,PNQ,117,0,5.3,0.1453989911199699,8,32,B777,0,0.1782,0,8,4
5,2,9,DEL,BLR,1749,0,9.4,0.3929826725797618,7,44,B777,0,0.4272,1,2,4
5,3,5,BLR,DEL,1783,2,7.4,0.39065567838081044,16,41,B777,1,0.7263,2,1,4
5,5,3,HYD,BOM,579,0,2.1,0.27567849109281883,5,81,ATR72,0,0.1603,3,0,3
20,1,4,DEL,CCU,1276,1,9.1,0.46002814605280373,17,39,ATR72,1,0.804,1,4,3
0,0,1,BLR,BOM,818,0,13.0,0.25400591190506944,14,27,A321,0,0.5016,2,0,2
6,4,1,DEL,AMD,867,1,3.0,0.1987265354100051,18,36,B777,0,0.4495,1,6,4
17,4,11,AMD,DEL,924,1,1.6,0.2346600443948662,19,34,A320,1,0.6139,6,1,0
20,6,4,MAA,BOM,994,1,6.7,0.33391803949802984,1,63,A321,1,0.5336,5,0,2
8,6,12,HYD,BLR,546,1,12.9,0.15891391000229846,12,84,A321,1,0.7136,3,2,2
10,6,11,BOM,PNQ,164,1,4.1,0.16773931298888728,21,59,B737,0,0.4671,0,8,1
18,5,8,DEL,AMD,888,0,5.5,0.15301038722113192,19,85,A321,0,0.4612,1,6,2
5,2,8,DEL,GOI,1877,2,13.3,0.38848551176960044,4,68,A321,1,0.8554,1,7,2
19,1,1,DEL,AMD,939,1,13.9,0.18118794357637252,3,75,A321,1,0.6225,1,6,2
17,0,12,CCU,DEL,1326,2,6.9,0.3998491074605349,9,35,ATR72,1,0.7799,4,1,3
12,0,2,AMD,DEL,906,0,7.1,0.23619136326370116,20,83,B737,0,0.1945,6,1,1
2,1,11,DEL,BLR,1769,1,7.0,0.4564962605115202,12,45,B737,0,0.4326,1,2,1
19,3,7,GOI,DEL,1853,0,10.0,0.30716331812743697,2,49,A321,0,0.4729,7,1,2
16,3,6,PNQ,BOM,154,1,7.9,0.11879453426759926,15,71,A320,0,0.4475,8,0,0
5,0,11,DEL,BLR,1736,0,8.6,0.38058532358779085,3,42,A321,0,0.3222,1,2,2
19,0,8,CCU,DEL,1329,2,2.4,0.43768573811327,5,75,A321,1,0.8251,4,1,2
8,2,2,DEL,BLR,1754,1,9.0,0.45634657303414633,12,58,B737,1,0.6825,1,2,1
21,3,10,HYD,BOM,663,0,13.6,0.2631233869791558,15,53,ATR72,0,0.3552,3,0,3
22,5,8,BOM,DEL,1098,0,8.5,0.36592087469826906,21,41,A321,1,0.5664,0,1,2
14,0,1,HYD,BOM,659,0,11.8,0.2558334656671674,13,25,A321,0,0.5023,3,0,2
7,4,6,BLR,HYD,476,1,4.6,0.15042467589121675,6,88,B737,1,0.5102,2,3,1
14,4,10,DEL,BOM,1117,0,9.5,0.36192390320535817,4,36,A320,0,0.3148,1,0,0
6,3,7,DEL,AMD,854,1,13.2,0.21617777324716386,17,54,A321,1,0.6865,1,6,2
15,3,8,BOM,BLR,818,1,5.9,0.25553363737632445,1,51,ATR72,0,0.4022,0,2,3
4,6,4,AMD,DEL,879,0,11.8,0.17419152167162574,13,47,B777,0,0.3697,6,1,4
21,6,11,BOM,BLR,825,3,3.9,0.31861817721293456,12,76,A321,1,0.8274,0,2,2
17,1,5,BLR,DEL,1782,0,6.8,0.4393594586450132,5,25,B737,0,0.4757,2,1,1
3,4,7,MAA,BOM,970,0,12.0,0.2984020572509404,9,25,A321,1,0.5694,5,0,2
10,2,1,CCU,DEL,1350,3,6.1,0.4528370854339646,5,51,A321,1,0.7811,4,1,2
21,6,11,PNQ,BOM,146,3,1.3,0.1503528806501121,14,37,A320,1,0.8801,8,0,0
22,1,3,DEL,CCU,1301,0,7.5,0.49169420482009163,2,44,B737,0,0.2667,1,4,1
22,6,9,AMD,DEL,864,1,8.8,0.1863019113814886,3,30,B777,1,0.5945,6,1,4
6,6,1,DEL,AMD,903,0,4.6,0.1535930182185973,18,73,A321,0,0.2114,1,6,2
18,1,3,DEL,GOI,1908,1,1.1,0.37873719581492726,15,67,B737,1,0.5515,1,7,1
3,6,6,DEL,AMD,841,0,8.0,0.20660716464481652,8,26,ATR72,0,0.3826,1,6,3
16,6,1,BOM,MAA,1000,2,13.1,0.27953609212730035,15,49,B737,1,0.8118,0,5,1
4,4,3,PNQ,BOM,84,0,7.9,0.10613673583883833,10,40,B777,0,0.1625,8,0,4
19,0,6,PNQ,BOM,132,0,6.3,0.15796972168333454,5,73,ATR72,0,0.3632,8,0,3
22,1,11,BOM,PNQ,131,3,5.5,0.13373109541512274,15,55,A320,1,0.7535,0,8,0
5,5,4,BOM,PNQ,148,2,9.8,0.18243504472493494,18,24,ATR72,1,0.923,0,8,3
4,5,10,BOM,MAA,1032,0,2.1,0.3692581795487764,10,26,ATR72,0,0.3477,0,5,3
20,4,3,BOM,BLR,889,0,9.1,0.27111904758694916,2,85,ATR72,0,0.3584,0,2,3
15,5,7,HYD,BLR,480,1,11.7,0.19561906926300116,4,45,B737,1,0.6282,3,2,1
0,2,12,DEL,GOI,1945,0,3.7,0.3765363363858041,2,43,ATR72,0,0.2206,1,7,3
7,1,11,BOM,MAA,1039,2,5.2,0.33764837495206046,17,73,B737,1,0.7851,0,5,1
21,5,4,DEL,BOM,1135,0,1.2,0.34640666894045047,10,59,A320,0,0.1886,1,0,0
21,1,5,DEL,CCU,1334,0,2.6,0.47013832855596904,9,53,B737,0,0.1881,1,4,1
7,0,12,MAA,BOM,1054,0,2.1,0.2758591591134784,20,58,ATR72,0,0.3603,5,0,3
3,5,11,BOM,PNQ,71,1,13.5,0.10504167736022091,12,47,ATR72,1,0.592,0,8,3
13,5,5,CCU,DEL,1272,0,11.4,0.4663009046067227,6,55,B777,0,0.4365,4,1,4
15,4,4,AMD,DEL,895,1,9.8,0.23796331823951436,18,57,A321,0,0.4952,6,1,2
15,2,5,DEL,AMD,907,0,2.7,0.1942366533102419,14,89,ATR72,0,0.1277,1,6,3
22,5,7,DEL,AMD,885,0,2.2,0.23315183331122236,15,63,B737,0,0.2933,1,6,1
22,2,11,PNQ,BOM,166,0,5.2,0.1454356681216369,14,73,B777,0,0.1582,8,0,4
4,0,6,BOM,BLR,819,0,9.7,0.3288835531389165,8,20,ATR72,0,0.4816,0,2,3
6,6,6,BOM,MAA,1052,0,2.1,0.27658117606905763,20,65,A321,0,0.3606,0,5,2
0,0,2,BLR,HYD,478,2,8.7,0.19946537728101754,1,22,ATR72,1,0.7298,2,3,3
11,3,4,MAA,BOM,1037,2,6.5,0.3494684165196487,13,62,B777,1,0.5898,5,0,4
14,4,6,PNQ,BOM,112,0,2.6,0.18634799474743277,16,45,A321,0,0.3245,8,0,2
19,2,7,DEL,CCU,1305,1,8.1,0.4233740792036744,10,46,A321,1,0.7193,1,4,2
18,5,4,BOM,MAA,1006,0,13.7,0.3244772226982789,20,66,A321,1,0.6298,0,5,2
11,1,6,BLR,BOM,806,0,12.8,0.2520934117826733,16,32,A320,1,0.5708,2,0,0
21,3,11,PNQ,BOM,165,1,6.9,0.13122797278316656,9,64,B737,0,0.3025,8,0,1
21,4,3,BLR,HYD,546,0,3.1,0.1958102218056492,17,86,ATR72,0,0.1783,2,3,3
13,0,3,BLR,HYD,496,1,6.9,0.1696947972934293,10,26,A320,0,0.4179,2,3,0
9,1,9,DEL,CCU,1261,0,2.4,0.48681692953265043,1,20,ATR72,1,0.5947,1,4,3
3,0,4,DEL,BOM,1140,1,3.8,0.3041964073443634,18,80,A321,0,0.4217,1,0,2
3,1,4,BOM,PNQ,112,1,12.8,0.13963126254982205,16,66,A321,1,0.6059,0,8,2
4,0,7,BLR,BOM,842,0,7.1,0.3002490876826932,11,85,ATR72,0,0.2701,2,0,3
17,1,5,BLR,BOM,865,1,5.2,0.34877495390991886,13,25,ATR72,1,0.6895,2,0,3
4,1,5,BOM,PNQ,99,1,7.3,0.18096750362658892,7,28,B777,0,0.4724,0,8,4
10,5,5,BOM,DEL,1112,1,1.3,0.3416458930481713,18,22,A321,1,0.6367,0,1,2
4,1,1,BLR,DEL,1748,0,6.7,0.3699411597758535,4,41,B737,0,0.218,2,1,1
9,0,7,BLR,DEL,1746,0,4.2,0.43662924359821814,7,47,ATR72,0,0.4247,2,1,3
8,1,6,DEL,GOI,1881,2,11.2,0.3283364068891118,10,58,B737,1,0.9813,1,7,1
2,2,10,BLR,HYD,541,0,8.8,0.16851026028230295,6,38,A321,0,0.2374,2,3,2
14,3,3,PNQ,BOM,154,0,8.2,0.1420449404165286,3,28,ATR72,0,0.3568,8,0,3
14,6,6,BOM,HYD,667,0,8.0,0.2645572181427428,1,29,A321,0,0.4058,0,3,2
23,0,9,HYD,BOM,619,0,2.7,0.2323283779298947,16,60,ATR72,0,0.2929,3,0,3
5,6,5,BOM,MAA,1007,0,13.1,0.27911406394446775,18,78,ATR72,0,0.4616,0,5,3
23,2,9,BOM,PNQ,165,0,5.4,0.11770822553972898,2,86,B737,0,0.1971,0,8,1
23,6,5,HYD,BLR,474,0,9.0,0.16077834209616915,10,64,B737,0,0.2143,3,2,1
14,4,2,MAA,BOM,1019,1,13.9,0.2740670514757153,14,33,B777,1,0.6296,5,0,4
0,2,11,DEL,CCU,1340,0,11.4,0.433419271417311,1,38,ATR72,0,0.4434,1,4,3
4,1,3,DEL,GOI,1947,1,7.0,0.3675761292895223,16,47,A321,0,0.447,1,7,2
7,3,7,AMD,DEL,925,2,12.8,0.26915327758273866,1,25,A321,1,1.0,6,1,2
10,6,11,BOM,MAA,982,1,3.1,0.3171739837518439,13,63,B737,0,0.4269,0,5,1
7,2,10,BLR,HYD,456,1,8.3,0.15611624325108603,9,76,B777,1,0.5124,2,3,4
12,4,1,HYD,BLR,536,0,12.9,0.146092872172072,9,85,A320,0,0.2584,3,2,0
5,2,9,DEL,CCU,1292,0,5.1,0.41046759705355335,3,43,A321,0,0.3342,1,4,2
19,4,8,DEL,GOI,1884,2,3.6,0.3022564511705347,11,35,B737,1,0.8909,1,7,1
15,5,3,BOM,PNQ,142,1,3.4,0.1268797615030198,12,74,B737,0,0.4008,0,8,1
5,4,10,DEL,AMD,909,1,2.1,0.158778823705816,10,29,A320,0,0.4135,1,6,0
8,6,4,PNQ,BOM,132,2,5.0,0.11935347924586606,17,35,A321,1,0.8677,8,0,2
22,4,4,DEL,BLR,1768,1,9.8,0.4631740403316508,10,80,A320,1,0.4853,1,2,0
13,0,5,HYD,BLR,460,0,2.8,0.22591117576469166,13,31,B777,0,0.2104,3,2,4
19,6,2,DEL,CCU,1310,2,9.1,0.4803755236011763,21,42,B777,1,1.0,1,4,4
4,6,9,BOM,PNQ,100,3,6.1,0.11307173235897572,2,44,B777,1,0.9152,0,8,4
22,5,3,CCU,DEL,1312,0,3.7,0.41132664765806104,5,78,ATR72,0,0.2145,4,1,3
15,0,4,BLR,HYD,464,1,12.7,0.21461242105302314,17,26,A321,1,0.7358,2,3,2
14,5,8,HYD,BLR,500,0,5.1,0.2208826323491684,10,36,B777,0,0.3084,3,2,4
1,3,9,CCU,DEL,1260,1,13.3,0.4482540478767157,17,65,A321,1,0.7793,4,1,2
1,3,3,BOM,PNQ,144,2,2.8,0.19523867523987246,21,73,A321,1,0.6281,0,8,2
15,5,11,PNQ,BOM,140,0,10.2,0.1641977729513986,4,54,A321,0,0.3657,8,0,2
7,6,11,DEL,AMD,840,0,12.0,0.1883397141058259,9,61,B777,0,0.4753,1,6,4
4,0,11,BLR,BOM,875,0,11.8,0.332956271568305,20,66,A321,0,0.4332,2,0,2
16,3,8,HYD,BLR,472,1,5.0,0.17261078525125734,15,89,A321,0,0.419,3,2,2
22,6,3,BLR,BOM,856,2,4.9,0.3275505296718999,20,32,A320,1,0.751,2,0,0
11,5,9,BLR,HYD,542,0,6.7,0.21799146267270145,6,33,A321,0,0.3072,2,3,2
4,5,9,DEL,GOI,1905,0,7.1,0.3410709245391666,3,35,B737,0,0.3564,1,7,1
10,0,10,DEL,GOI,1851,2,9.6,0.3746362884313241,17,88,B777,1,0.7499,1,7,4
18,0,5,HYD,BLR,522,0,3.9,0.14002270382182555,4,83,B737,0,0.206,3,2,1
13,0,2,BLR,DEL,1760,2,6.6,0.36191406719960484,4,46,A321,1,0.5448,2,1,2
9,0,7,BOM,DEL,1197,2,2.4,0.3532636638386775,18,75,A320,1,0.8913,0,1,0
21,4,1,GOI,DEL,1892,1,7.6,0.36614456860213246,19,49,B737,0,0.4465,7,1,1
2,6,8,BLR,BOM,812,3,10.8,0.2748604884613306,1,87,A320,1,1.0,2,0,0
20,1,9,BOM,MAA,1011,0,4.1,0.35188692705204716,20,46,A320,1,0.4908,0,5,0
23,6,7,DEL,GOI,1932,0,1.8,0.32239245877965894,11,48,A321,0,0.329,1,7,2
0,6,2,DEL,BOM,1114,0,9.8,0.3844314864152382,3,75,A321,0,0.3038,1,0,2
2,1,1,DEL,BOM,1149,2,2.5,0.3171876512135924,1,40,B777,1,0.5969,1,0,4
15,3,1,HYD,BOM,669,2,12.8,0.3019624869547645,7,63,B777,1,0.7208,3,0,4
1,5,4,BLR,HYD,527,0,3.1,0.19912466637859894,10,69,B777,0,0.1296,2,3,4
5,5,9,MAA,BOM,1048,1,2.5,0.2901497610564876,19,37,B777,1,0.6361,5,0,4
6,6,12,DEL,AMD,866,0,1.6,0.16790949393281818,5,80,B737,0,0.1172,1,6,1
15,6,6,BOM,DEL,1177,1,5.5,0.39276688771588086,2,60,A320,1,0.5071,0,1,0
17,2,7,BOM,BLR,795,1,9.7,0.32263082769211965,10,49,ATR72,1,0.6791,0,2,3
0,1,3,DEL,GOI,1912,1,8.3,0.3932956625528227,16,60,A321,1,0.5573,1,7,2
17,1,2,AMD,DEL,875,0,6.4,0.1899345489471183,1,44,B777,0,0.296,6,1,4
8,4,8,BLR,DEL,1729,0,8.1,0.3731599024763899,2,81,A320,0,0.4993,2,1,0
20,1,8,DEL,GOI,1907,1,8.1,0.3884478727596759,10,36,B737,1,0.7754,1,7,1
4,4,2,PNQ,BOM,86,0,10.9,0.12388234824228075,18,39,A321,0,0.4696,8,0,2
14,2,12,DEL,AMD,858,0,7.3,0.21914160575131522,14,68,B737,0,0.1377,1,6,1
1,0,10,BOM,BLR,813,1,10.9,0.3111806718350887,3,68,B737,1,0.5245,0,2,1
3,4,6,PNQ,BOM,76,0,8.1,0.09410681727904055,1,68,A320,0,0.2876,8,0,0
15,1,8,HYD,BLR,478,0,9.0,0.18802942587913557,7,62,B737,0,0.2752,3,2,1
0,1,9,BOM,HYD,614,0,2.4,0.2531356831752695,11,21,ATR72,0,0.4013,0,3,3
11,0,8,MAA,BOM,1062,1,7.6,0.29287642911146833,8,85,B737,0,0.4172,5,0,1
12,6,1,BLR,HYD,497,1,3.0,0.20281164373361663,3,74,ATR72,0,0.3311,2,3,3
13,2,2,BLR,BOM,838,1,1.9,0.3397397318321586,18,31,ATR72,1,0.5059,2,0,3
7,6,3,BOM,PNQ,75,0,12.1,0.1084264366155851,7,78,B777,0,0.4934,0,8,4
4,6,5,BOM,BLR,831,0,2.8,0.2586473737744584,21,40,A320,0,0.3235,0,2,0
9,4,3,HYD,BOM,583,0,10.1,0.23928705686896146,14,53,A320,1,0.4957,3,0,0
16,2,3,DEL,GOI,1850,1,8.8,0.31662553303497004,10,23,B737,1,0.5767,1,7,1
11,0,10,DEL,BOM,1195,0,5.3,0.34872120069219137,12,21,B737,0,0.3395,1,0,1
9,4,4,BLR,BOM,802,1,6.0,0.3006685790854003,16,73,B737,1,0.5703,2,0,1
17,5,7,MAA,BOM,984,2,7.5,0.2827883994018258,6,57,B777,1,0.8131,5,0,4
9,6,10,MAA,BOM,970,1,10.6,0.2985017987524041,10,40,B777,1,0.7894,5,0,4
23,0,11,BOM,HYD,587,0,2.4,0.28374725196187744,16,61,A321,0,0.2135,0,3,2
9,1,10,PNQ,BOM,94,0,1.5,0.09527439521622175,7,52,B777,0,0.2381,8,0,4
0,4,2,BLR,HYD,533,0,8.5,0.18709070537521447,14,49,ATR72,0,0.2248,2,3,3
16,2,2,PNQ,BOM,127,1,7.7,0.1184600382304681,4,61,A321,0,0.2974,8,0,2
22,2,6,BOM,PNQ,149,0,13.0,0.10562242948509722,8,37,A320,0,0.4622,0,8,0
18,4,3,DEL,AMD,929,0,2.3,0.22517707876829784,2,47,B737,0,0.2401,1,6,1
1,6,5,MAA,BOM,971,2,8.5,0.262611532237541,8,79,A320,1,0.655,5,0,0
12,4,11,DEL,BLR,1763,1,4.5,0.40162151225633297,15,26,ATR72,1,0.5606,1,2,3
15,3,5,BLR,HYD,519,0,3.9,0.1916621978165275,5,42,B777,0,0.1467,2,3,4
12,0,11,DEL,AMD,879,0,13.4,0.1841865768798151,4,50,B777,0,0.2737,1,6,4
11,1,5,MAA,BOM,1061,0,8.0,0.34132296862792705,3,88,B737,0,0.1365,5,0,1
6,1,10,DEL,AMD,917,0,6.6,0.2128502170236204,7,75,A320,0,0.0851,1,6,0
9,2,9,BOM,PNQ,84,1,1.8,0.1387223141210207,19,29,ATR72,1,0.8055,0,8,3
15,3,9,GOI,DEL,1936,0,11.4,0.32345309633044955,21,37,A321,1,0.5994,7,1,2
8,5,4,DEL,BOM,1190,1,6.8,0.37423699370897817,10,88,B737,1,0.5497,1,0,1
16,2,11,BOM,HYD,657,1,12.5,0.21517429129530524,17,81,ATR72,1,0.5861,0,3,3
3,6,7,DEL,CCU,1256,2,2.7,0.4797394357907779,15,50,A321,1,0.7919,1,4,2
15,0,11,DEL,GOI,1917,2,4.8,0.347546360616912,3,68,ATR72,1,0.539,1,7,3
11,6,10,BLR,BOM,881,0,1.8,0.33227029217172066,16,56,B777,0,0.2829,2,0,4
4,4,3,GOI,DEL,1879,1,3.3,0.331318989170983,20,71,A321,0,0.4325,7,1,2
11,4,4,BOM,HYD,603,2,1.1,0.24567305928858402,9,88,B737,0,0.4983,0,3,1
18,4,8,BLR,DEL,1754,1,4.7,0.36843013969500993,21,68,A320,1,0.6974,2,1,0
7,5,11,PNQ,BOM,132,0,8.3,0.10119345781347894,1,81,B777,0,0.3905,8,0,4
11,1,6,BLR,BOM,851,2,5.4,0.31150697540146977,16,75,ATR72,1,0.7246,2,0,3
23,4,2,DEL,BLR,1736,0,4.6,0.4104968587376188,1,22,B737,0,0.3142,1,2,1
7,2,9,DEL,CCU,1309,0,2.5,0.4869681323343663,16,89,A321,1,0.5448,1,4,2
22,0,1,DEL,GOI,1915,2,9.8,0.35701816317546936,10,61,A321,1,0.6428,1,7,2
14,1,4,DEL,GOI,1868,1,13.9,0.32875111993837586,7,58,ATR72,0,0.5315,1,7,3
5,0,5,BLR,BOM,824,0,8.8,0.2727261053559662,19,43,B777,0,0.3791,2,0,4
11,1,1,BOM,PNQ,99,1,3.2,0.13845158137062663,15,51,ATR72,0,0.3554,0,8,3
21,2,3,BOM,BLR,870,1,3.4,0.3050598456744127,10,66,A321,0,0.322,0,2,2
21,1,11,BOM,HYD,661,2,2.8,0.25692064631294276,12,73,B737,1,0.5528,0,3,1
5,2,9,GOI,DEL,1922,0,13.6,0.3758138119804496,5,33,ATR72,1,0.5203,7,1,3
19,0,12,BOM,HYD,645,0,3.2,0.22667720636239239,16,39,B777,0,0.4107,0,3,4
14,0,1,BLR,BOM,801,0,7.4,0.2820733582311571,18,61,ATR72,0,0.2128,2,0,3
1,1,12,GOI,DEL,1866,0,9.9,0.35159846935417244,7,53,B737,0,0.2406,7,1,1
1,3,6,BOM,PNQ,119,0,5.0,0.1937825799985067,10,70,A321,0,0.2275,0,8,2
16,6,8,HYD,BLR,515,0,4.8,0.16387517710860242,6,88,B737,0,0.2156,3,2,1
18,4,8,DEL,AMD,843,2,6.4,0.19443956184510808,5,59,A321,1,0.7278,1,6,2
7,4,4,MAA,BOM,1010,2,5.7,0.3187234343460683,8,21,A320,1,0.8275,5,0,0
19,3,11,DEL,BOM,1187,0,2.8,0.3862211423321938,12,88,ATR72,0,0.3545,1,0,3
8,0,5,DEL,AMD,851,0,7.0,0.18967893254145843,16,64,A321,0,0.3259,1,6,2
10,5,7,DEL,BLR,1745,0,10.3,0.41446276579139046,11,85,A320,1,0.5658,1,2,0
1,1,9,PNQ,BOM,81,0,13.1,0.17677020979192393,14,89,B737,1,0.4707,8,0,1
14,3,1,PNQ,BOM,162,0,10.9,0.11655575980124137,18,24,B737,1,0.5466,8,0,1
18,6,10,DEL,BLR,1768,0,10.0,0.44950115369284704,1,35,A321,1,0.5498,1,2,2
12,0,11,DEL,BOM,1166,1,12.3,0.3828185869323453,13,46,B737,1,0.6031,1,0,1
14,4,11,CCU,DEL,1292,0,11.7,0.4769490899406178,16,38,A320,1,0.5608,4,1,0
6,3,3,BOM,PNQ,133,1,9.5,0.19981999076656176,11,46,A320,1,0.4799,0,8,0
13,1,11,BLR,DEL,1725,2,9.4,0.41473421343730915,3,54,ATR72,1,0.6659,2,1,3
5,3,3,BOM,MAA,1027,0,11.7,0.34014991014651663,10,88,A320,0,0.3361,0,5,0
9,1,12,BLR,DEL,1725,0,1.9,0.4472568235649737,17,22,B737,1,0.5789,2,1,1
5,6,12,DEL,AMD,865,0,2.6,0.21555099718461126,1,35,B777,0,0.2062,1,6,4
12,6,11,BLR,HYD,470,2,10.6,0.18010402369846035,6,65,A320,1,0.722,2,3,0
0,4,7,HYD,BOM,633,0,4.3,0.2831049393270221,21,83,ATR72,0,0.3132,3,0,3
17,0,9,AMD,DEL,854,1,10.8,0.24274523912861207,4,56,A320,1,0.7471,6,1,0
5,3,6,HYD,BLR,480,2,5.2,0.17496143988077223,13,48,A321,1,0.62,3,2,2
22,4,5,HYD,BOM,611,0,5.6,0.2326110141678625,14,85,A320,0,0.143,3,0,0
22,1,10,BOM,DEL,1149,0,5.3,0.3902256302377257,6,72,B737,0,0.1561,0,1,1
22,1,12,GOI,DEL,1871,1,12.1,0.30861350424583145,1,84,A320,1,0.5234,7,1,0
12,5,9,PNQ,BOM,72,1,3.3,0.11353832618983577,12,64,B737,0,0.4954,8,0,1
2,3,4,CCU,DEL,1334,0,10.8,0.40533793988293343,15,35,A320,0,0.4821,4,1,0
14,1,3,BOM,DEL,1165,0,6.3,0.42840894639665145,18,60,B737,0,0.2714,0,1,1
6,2,12,BOM,HYD,576,2,3.6,0.2947299999420067,2,51,ATR72,1,0.5179,0,3,3
12,0,12,BLR,BOM,850,0,11.6,0.28356824006428416,16,77,A321,0,0.4134,2,0,2
21,2,4,BOM,PNQ,122,0,2.1,0.12368494705965462,18,69,A320,0,0.1995,0,8,0
20,3,12,DEL,BOM,1144,0,1.5,0.34555667819901087,16,79,A321,0,0.3882,1,0,2
16,4,2,AMD,DEL,887,1,13.7,0.26856007339528004,7,77,A321,1,0.5074,6,1,2
8,2,11,BOM,PNQ,151,0,9.2,0.14301427320968263,12,24,A320,1,0.5572,0,8,0
10,0,5,CCU,DEL,1299,0,9.1,0.4274076264107858,18,28,A320,0,0.521,4,1,0
13,0,6,GOI,DEL,1891,0,5.9,0.3426753348542331,17,63,A321,0,0.3371,7,1,2
17,5,10,BOM,PNQ,133,0,8.5,0.19126050268831102,20,77,A320,1,0.5265,0,8,0
3,6,1,DEL,AMD,931,0,2.1,0.22700212284558288,5,88,B777,0,0.1408,1,6,4
2,5,2,BOM,DEL,1173,1,3.6,0.3560661654832937,9,45,B737,0,0.3924,0,1,1
3,0,3,AMD,DEL,852,2,2.8,0.1754348098348657,2,80,A320,0,0.4702,6,1,0
14,1,2,MAA,BOM,1041,2,6.8,0.3208583545767825,11,53,B777,1,0.5783,5,0,4
21,6,3,BLR,DEL,1702,0,9.3,0.4358932349324728,6,62,ATR72,0,0.3244,2,1,3
11,0,4,CCU,DEL,1320,0,12.8,0.3954415757539213,4,71,ATR72,0,0.3582,4,1,3
10,6,12,GOI,DEL,1879,0,3.1,0.37597457214619695,20,44,A321,0,0.3704,7,1,2
7,2,7,BLR,HYD,476,0,8.6,0.17553949052479406,18,61,B777,1,0.5202,2,3,4
0,2,5,DEL,CCU,1337,0,13.8,0.4382903014037246,12,24,B737,1,0.5753,1,4,1
16,1,5,DEL,BLR,1711,1,1.4,0.424123821443383,1,37,B737,0,0.4396,1,2,1
12,6,1,HYD,BLR,475,0,2.7,0.1690999389564663,6,65,B737,0,0.1176,3,2,1
8,3,10,GOI,DEL,1866,0,4.2,0.3714842149851655,6,45,ATR72,0,0.2986,7,1,3
22,6,8,BOM,PNQ,119,2,7.0,0.11816314218788218,9,71,B737,1,0.6473,0,8,1
18,1,2,DEL,BOM,1132,0,2.1,0.3984575896376113,6,67,A320,0,0.3094,1,0,0
6,0,4,GOI,DEL,1925,1,4.2,0.3517561382648536,5,20,A321,0,0.4907,7,1,2
11,4,9,GOI,DEL,1851,0,6.3,0.3020699074785335,4,30,B737,0,0.2908,7,1,1
15,5,12,BOM,BLR,889,0,1.3,0.3179393056807196,19,21,B737,0,0.4272,0,2,1
7,1,3,BOM,PNQ,147,1,1.4,0.1121605259348057,18,28,B777,1,0.6949,0,8,4
5,6,12,CCU,DEL,1354,0,9.7,0.44891814104275163,20,22,ATR72,1,0.5796,4,1,3
23,5,6,DEL,BOM,1184,2,4.8,0.39522600783623235,3,85,A320,1,0.7081,1,0,0
4,2,12,AMD,DEL,899,0,2.9,0.17140145175260568,9,46,A321,0,0.0686,6,1,2
20,1,5,DEL,BLR,1741,0,7.0,0.4198967944220793,6,39,B737,0,0.388,1,2,1
8,0,3,BLR,DEL,1786,0,12.2,0.3713035319843264,16,44,A320,1,0.6685,2,1,0
4,1,6,MAA,BOM,1041,0,2.6,0.3122302979074026,20,50,B777,0,0.3249,5,0,4
7,1,4,BOM,DEL,1113,0,6.4,0.4153284798567202,7,65,ATR72,0,0.3161,0,1,3
22,1,12,GOI,DEL,1945,1,4.0,0.343920182938996,16,60,B737,0,0.4376,7,1,1
17,6,4,DEL,GOI,1939,0,4.8,0.345128517717764,18,48,B777,0,0.4381,1,7,4
0,0,5,DEL,GOI,1866,0,5.7,0.33587270195460983,20,49,A321,0,0.2343,1,7,2
17,6,1,DEL,AMD,857,1,13.1,0.22260613260624745,19,89,A321,1,0.789,1,6,2
19,0,4,DEL,BOM,1171,0,13.3,0.33050996868195265,17,26,A321,1,0.7322,1,0,2
11,2,1,HYD,BOM,590,3,5.9,0.24582268132599833,9,25,A321,1,0.8483,3,0,2
8,3,5,DEL,BOM,1158,0,7.4,0.32860899220312606,1,89,B777,0,0.2814,1,0,4
12,1,9,BLR,HYD,463,1,3.4,0.2120919213613,10,36,ATR72,0,0.4548,2,3,3
23,4,6,HYD,BLR,540,0,13.0,0.19448246756734316,18,56,B737,0,0.4778,3,2,1
7,3,6,BOM,BLR,880,0,2.5,0.23039183749510936,11,50,A320,0,0.3922,0,2,0
22,2,12,BLR,BOM,809,0,5.9,0.3256310096980294,18,45,ATR72,0,0.2303,2,0,3
19,3,6,BLR,HYD,499,0,12.0,0.18328471322832599,2,27,B777,1,0.6733,2,3,4
22,5,2,GOI,DEL,1863,0,9.1,0.3746186893991261,12,86,B777,0,0.3498,7,1,4
6,0,5,BOM,MAA,974,1,2.8,0.3536078900795281,20,69,B777,0,0.4414,0,5,4
7,0,9,AMD,DEL,874,0,2.8,0.17528258939086025,19,62,B737,0,0.4201,6,1,1
2,3,4,AMD,DEL,851,0,5.1,0.22934964158218513,17,26,ATR72,0,0.3417,6,1,3
13,5,3,DEL,GOI,1937,0,2.9,0.36974316172371924,6,53,A321,0,0.1979,1,7,2
17,3,12,BOM,DEL,1154,3,8.9,0.330126807691549,21,53,A321,1,1.0,0,1,2
19,4,10,BOM,BLR,822,0,5.1,0.3088945123934927,8,72,ATR72,0,0.2736,0,2,3
0,0,2,DEL,BLR,1719,0,8.4,0.37153105866269054,5,26,ATR72,0,0.3986,1,2,3
13,4,2,BOM,HYD,573,0,5.6,0.2503179167051345,6,47,B777,0,0.1001,0,3,4
9,1,4,BLR,HYD,532,1,9.5,0.21668214856884893,7,42,B777,1,0.6067,2,3,4
9,2,10,DEL,BOM,1106,1,8.9,0.3166787335183674,10,44,ATR72,1,0.6467,1,0,3
6,6,11,BOM,PNQ,143,0,8.1,0.16195825928270868,21,52,B737,0,0.3648,0,8,1
4,0,2,BOM,BLR,869,2,1.7,0.316355680299831,8,21,A320,1,0.6765,0,2,0
9,1,12,BOM,DEL,1152,1,9.1,0.39067928958213366,6,38,A321,1,0.6763,0,1,2
0,5,8,PNQ,BOM,101,2,6.6,0.1866590770223317,2,28,A321,1,0.8247,8,0,2
20,5,4,BLR,HYD,474,0,9.7,0.20021567651969038,2,65,A321,0,0.3801,2,3,2
10,2,1,BOM,HYD,615,0,6.8,0.23761904687696223,8,53,ATR72,0,0.095,0,3,3
14,5,4,BOM,DEL,1177,0,5.4,0.34944635191823137,13,40,B737,0,0.3098,0,1,1
5,2,9,CCU,DEL,1267,0,5.7,0.38814738977129415,10,86,A321,0,0.2553,4,1,2
16,0,11,DEL,GOI,1911,0,7.6,0.32431245304226686,7,75,A320,0,0.1297,1,7,0
11,2,4,BLR,BOM,825,1,11.5,0.3325248666652181,7,41,B777,1,0.603,2,0,4
6,3,7,BOM,DEL,1152,1,6.8,0.37475002478104286,9,74,ATR72,0,0.4499,0,1,3
16,1,2,MAA,BOM,992,2,9.2,0.30035135112979966,1,39,B737,1,0.6901,5,0,1
22,5,11,DEL,CCU,1279,0,10.6,0.48276102613491534,16,73,B777,1,0.5431,1,4,4
18,2,7,BOM,MAA,1035,1,8.2,0.34426359896816905,5,27,A320,1,0.8377,0,5,0
13,0,10,BOM,DEL,1173,0,7.5,0.3629530413773997,10,83,A321,0,0.1452,0,1,2
19,0,3,GOI,DEL,1857,0,7.7,0.3740690187723232,12,79,ATR72,0,0.3496,7,1,3
8,6,10,BLR,HYD,497,0,12.9,0.2061934375743097,6,62,ATR72,0,0.4825,2,3,3
23,5,9,BLR,DEL,1751,1,6.0,0.42844056656084006,20,50,A321,1,0.6214,2,1,2
20,3,6,MAA,BOM,984,1,2.5,0.2626137658016152,16,73,A321,1,0.655,5,0,2
6,4,2,AMD,DEL,873,3,7.3,0.17636014363777974,12,53,B737,1,0.7205,6,1,1
21,5,7,DEL,GOI,1895,1,1.8,0.37212244674989164,6,53,A320,0,0.4988,1,7,0
16,2,10,MAA,BOM,1063,2,1.7,0.3038121010039813,17,82,B737,1,0.6215,5,0,1
8,5,2,BLR,DEL,1789,0,2.5,0.40281777214230174,21,59,A321,0,0.4611,2,1,2
18,6,6,BOM,PNQ,85,0,13.4,0.13836090403551582,7,68,A320,1,0.6053,0,8,0
6,5,7,CCU,DEL,1255,0,6.8,0.4691313935606456,7,43,A321,0,0.4077,4,1,2
3,3,12,BOM,BLR,851,0,5.5,0.32231687117541796,16,31,B737,0,0.2989,0,2,1
1,6,9,DEL,AMD,914,1,9.2,0.19716987668912095,16,58,B777,1,0.6289,1,6,4
18,6,6,MAA,BOM,972,2,8.2,0.340163122948636,6,80,B737,1,0.9361,5,0,1
18,5,11,BOM,HYD,598,0,10.3,0.2623411731336265,6,76,B777,0,0.5049,0,3,4
8,0,1,BOM,HYD,634,0,2.9,0.2442066213118075,1,84,B777,0,0.2477,0,3,4
19,2,2,BOM,DEL,1175,0,8.2,0.33016011875490286,4,45,B777,0,0.3821,0,1,4
22,5,5,DEL,BOM,1101,0,10.1,0.3560115983009348,5,45,ATR72,0,0.3924,1,0,3
16,4,8,BLR,BOM,878,0,13.0,0.30030437475570215,19,85,ATR72,1,0.5201,2,0,3
16,2,1,AMD,DEL,844,0,11.3,0.21539588330478598,3,82,A320,0,0.2862,6,1,0
13,3,12,HYD,BLR,493,2,8.6,0.19334802087447828,20,83,A321,1,0.6773,3,2,2
9,1,11,DEL,BOM,1167,2,11.2,0.3195358960848608,13,56,A320,1,0.9278,1,0,0
23,0,10,DEL,CCU,1326,1,2.5,0.44063664052774615,3,84,ATR72,0,0.3763,1,4,3
5,2,12,MAA,BOM,1006,1,6.7,0.33177884305894195,1,32,B737,0,0.4027,5,0,1
22,4,9,DEL,CCU,1264,0,10.8,0.4794134561732273,6,86,A321,0,0.4918,1,4,2
9,5,9,PNQ,BOM,119,0,3.6,0.13380217963503294,9,21,ATR72,1,0.5535,8,0,3
5,5,10,BOM,HYD,574,0,8.4,0.2441853708091064,2,39,B777,0,0.3177,0,3,4
11,5,4,BLR,BOM,876,1,4.6,0.3146365112123656,4,88,A321,0,0.3759,2,0,2
15,4,8,DEL,AMD,893,1,7.9,0.21554359784406613,17,70,A321,0,0.4862,1,6,2
16,1,6,DEL,BLR,1728,0,9.9,0.39077904647047534,10,78,B737,0,0.3563,1,2,1
9,5,10,BLR,HYD,481,1,5.7,0.19100433454577515,10,21,A320,1,0.6264,2,3,0
6,3,11,BOM,HYD,578,0,12.1,0.2798484242930426,20,72,A321,0,0.4119,0,3,2
12,3,9,HYD,BOM,591,0,2.7,0.22125778124861956,6,67,B777,0,0.1885,3,0,4
4,6,3,BOM,PNQ,106,0,8.5,0.17865834708315065,8,80,B777,0,0.2715,0,8,4
19,3,2,BLR,HYD,523,0,3.1,0.18631643884539548,13,37,B777,0,0.3445,2,3,4
15,0,10,DEL,BOM,1180,1,9.3,0.3853465553202553,10,84,B737,0,0.4541,1,0,1
14,2,9,BLR,HYD,518,0,8.3,0.16043075918208644,7,75,ATR72,0,0.2642,2,3,3
5,6,2,DEL,CCU,1317,0,1.8,0.45981874999385286,6,56,B737,0,0.2339,1,4,1
3,3,5,AMD,DEL,918,0,4.7,0.22113390897961327,4,81,ATR72,0,0.0885,6,1,3
5,1,5,HYD,BOM,598,0,8.6,0.2338283173404748,1,58,B777,0,0.1935,3,0,4
19,1,7,BLR,BOM,828,2,12.1,0.30505453006199956,10,73,ATR72,1,0.972,2,0,3
4,6,1,BOM,DEL,1125,3,5.1,0.339804453811094,17,32,A321,1,0.9559,0,1,2
16,6,9,BOM,BLR,804,2,8.3,0.2479656965836846,6,49,A320,1,0.7492,0,2,0
8,1,5,HYD,BLR,450,0,13.1,0.2259502975624898,9,53,A321,0,0.4404,3,2,2
17,1,2,BLR,DEL,1721,0,9.8,0.3905001098587549,16,69,B777,0,0.5062,2,1,4
7,1,5,MAA,BOM,983,0,9.0,0.2659394884771402,20,39,B777,1,0.5264,5,0,4
9,1,10,GOI,DEL,1879,2,3.5,0.3216284928544355,4,80,B777,1,0.6787,7,1,4
14,6,1,BLR,BOM,813,1,1.3,0.2827006768496102,11,49,A320,0,0.4131,2,0,0
23,5,9,BOM,HYD,588,2,4.0,0.22006320901465734,15,32,A320,1,0.758,0,3,0
8,3,3,HYD,BLR,490,0,9.1,0.1740222994451257,8,78,A320,0,0.3196,3,2,0
21,1,12,BLR,DEL,1726,1,3.7,0.382168636870131,3,29,A321,1,0.5029,2,1,2
12,0,3,MAA,BOM,1030,1,7.6,0.29770482251793545,20,33,B737,0,0.4891,5,0,1
9,1,2,HYD,BOM,599,0,9.8,0.30588415834142607,8,22,A321,1,0.5224,3,0,2
3,0,3,DEL,GOI,1858,0,6.4,0.39778536935017816,11,39,A321,0,0.2791,1,7,2
10,3,8,AMD,DEL,843,2,9.0,0.21119465486122635,12,67,A321,1,0.7345,6,1,2
3,2,9,PNQ,BOM,73,1,10.1,0.15381399025162695,6,58,ATR72,1,0.6115,8,0,3
16,4,10,BOM,PNQ,97,1,7.5,0.131003402401245,9,33,B777,0,0.3724,0,8,4
0,0,8,BLR,HYD,479,0,10.2,0.22733665661522873,16,85,A320,0,0.4909,2,3,0
19,2,12,HYD,BOM,653,0,8.0,0.287730068633566,11,68,A321,0,0.3151,3,0,2
14,1,12,MAA,BOM,987,2,5.7,0.3160469721364431,7,34,ATR72,1,0.5964,5,0,3
13,0,6,BLR,DEL,1733,0,10.7,0.43279249545453125,19,85,ATR72,1,0.5731,2,1,3
8,1,9,AMD,DEL,926,2,1.5,0.2504832817296472,16,80,A320,1,0.8502,6,1,0
21,5,4,BLR,DEL,1771,0,6.9,0.4205759051036985,7,84,A321,0,0.2182,2,1,2
16,4,7,BOM,MAA,1047,0,5.9,0.32335544335535793,5,49,ATR72,0,0.2293,0,5,3
8,6,10,DEL,CCU,1256,1,1.3,0.403642544330172,13,47,A321,1,0.6115,1,4,2
16,5,4,PNQ,BOM,134,0,12.2,0.1600454865424358,13,62,ATR72,0,0.414,8,0,3
23,3,3,BOM,DEL,1107,0,9.3,0.3754214419765248,11,31,B737,0,0.3702,0,1,1
4,6,4,HYD,BLR,474,1,6.1,0.20460469440965962,18,81,A320,0,0.4318,3,2,0
13,0,1,DEL,GOI,1874,0,11.8,0.33026792103787544,19,42,A320,1,0.5021,1,7,0
15,0,2,GOI,DEL,1863,1,6.3,0.32601171832033254,15,66,ATR72,0,0.3804,7,1,3
22,6,3,BLR,HYD,521,0,3.0,0.14829229259620846,17,42,ATR72,0,0.2793,2,3,3
0,3,1,CCU,DEL,1344,1,5.4,0.45651065916331307,15,32,ATR72,0,0.5026,4,1,3
23,4,8,BOM,PNQ,80,1,5.0,0.10857942848994895,9,71,ATR72,0,0.3934,0,8,3
9,6,5,MAA,BOM,1057,0,4.1,0.338974899029538,8,72,ATR72,0,0.3356,5,0,3
14,6,7,PNQ,BOM,127,1,7.9,0.1869441469132257,5,86,B737,0,0.4748,8,0,1
4,3,4,PNQ,BOM,78,0,10.1,0.10132697530646859,13,80,ATR72,0,0.3405,8,0,3
0,5,1,BOM,PNQ,126,0,13.3,0.1282667360541159,8,89,B737,0,0.3513,0,8,1
8,6,7,DEL,AMD,848,0,13.3,0.16325740774844824,20,53,A320,1,0.6653,1,6,0
12,4,1,BLR,DEL,1721,1,2.4,0.44623653164545285,2,83,A321,0,0.3785,2,1,2
5,3,9,BLR,HYD,533,1,6.3,0.1929219193008292,19,72,A321,0,0.4772,2,3,2
10,3,3,DEL,AMD,858,2,5.6,0.16009476816360407,13,47,B737,0,0.514,1,6,1
16,3,12,CCU,DEL,1315,0,7.3,0.4277999545054311,3,21,A320,0,0.3211,4,1,0
7,2,11,BLR,DEL,1778,1,10.8,0.4309770403897263,3,87,A320,1,0.7224,2,1,0
7,5,2,BLR,HYD,532,0,2.8,0.18183996266330651,14,68,A320,0,0.3227,2,3,0
22,6,7,DEL,BLR,1772,0,11.3,0.4156316820550962,16,59,A320,1,0.6163,1,2,0
4,0,1,BOM,MAA,1035,2,13.3,0.2944715597023701,11,43,B777,1,0.8378,0,5,4
16,5,8,BLR,BOM,812,1,2.0,0.3264643572614112,10,78,ATR72,0,0.4806,2,0,3
21,6,10,BOM,BLR,883,0,11.7,0.32055821375731325,7,43,A321,0,0.4482,0,2,2
14,1,1,BOM,HYD,573,2,12.9,0.22652850890860524,11,78,A320,1,0.7406,0,3,0
15,4,9,BLR,HYD,460,0,11.6,0.17087930172711724,5,66,A321,0,0.3684,2,3,2
14,1,5,AMD,DEL,897,3,9.3,0.17234329553673883,16,49,B777,1,0.8689,6,1,4
0,6,1,BOM,DEL,1135,0,2.4,0.4181004084814708,5,60,A320,0,0.2172,0,1,0
16,6,8,HYD,BOM,634,0,13.5,0.27474064060012254,1,44,A320,0,0.5299,3,0,0
2,0,3,CCU,DEL,1314,0,13.6,0.46016194859820336,17,79,ATR72,0,0.4841,4,1,3
11,3,4,DEL,GOI,1899,2,4.9,0.37892906546771044,18,56,B737,1,0.6516,1,7,1
10,6,4,HYD,BLR,473,3,1.5,0.2054907123147859,1,36,A320,1,0.8022,3,2,0
18,2,6,BLR,HYD,523,1,4.1,0.139785700271645,9,72,B777,0,0.5059,2,3,4
15,6,4,CCU,DEL,1345,0,13.5,0.3942654351473162,20,55,A320,1,0.5077,4,1,0
8,5,6,BOM,BLR,837,1,8.2,0.29457592922613063,3,23,B777,1,0.8678,0,2,4
18,1,1,BLR,BOM,839,1,10.2,0.273419905978809,1,63,ATR72,1,0.6594,2,0,3
16,5,5,DEL,BOM,1158,2,7.7,0.31057006038793006,2,62,B737,1,0.5742,1,0,1
6,2,4,DEL,GOI,1862,1,2.2,0.3430983062847258,8,80,B737,0,0.3372,1,7,1
0,5,11,BOM,MAA,997,0,10.4,0.27800895096711614,16,66,ATR72,0,0.4612,0,5,3
18,0,11,HYD,BLR,539,1,4.2,0.14656007649450295,12,42,B777,1,0.5286,3,2,4
2,1,8,BLR,BOM,849,0,2.2,0.29337782744071533,13,20,B777,0,0.4174,2,0,4
17,2,4,PNQ,BOM,136,0,2.1,0.16141191409249162,8,88,ATR72,0,0.2646,8,0,3
18,4,4,PNQ,BOM,148,0,5.0,0.15637343606939386,18,20,A321,0,0.5125,8,0,2
0,2,3,MAA,BOM,1001,2,1.1,0.25351746315315965,4,33,B737,1,0.5714,5,0,1
2,6,5,HYD,BLR,472,0,11.8,0.159510882002421,9,57,A321,0,0.3138,3,2,2
22,3,3,BLR,HYD,514,3,5.2,0.2296296804245226,14,76,A321,1,0.7419,2,3,2
0,4,6,HYD,BLR,461,1,9.0,0.17341430223838622,5,89,A320,0,0.4694,3,2,0
12,3,10,BOM,DEL,1185,0,12.3,0.3746739525311393,18,71,B737,0,0.4499,0,1,1
22,4,1,BOM,PNQ,167,0,13.5,0.15992775178235918,7,43,B777,0,0.384,0,8,4
23,4,7,GOI,DEL,1946,2,3.8,0.3468753254449814,20,23,B737,1,0.8888,7,1,1
5,1,10,DEL,BLR,1715,1,4.3,0.4583733388831387,1,52,ATR72,0,0.3833,1,2,3
22,6,10,DEL,AMD,926,0,5.4,0.20492684933484429,1,22,ATR72,0,0.282,1,6,3
9,2,8,DEL,CCU,1332,1,10.4,0.4274041589704276,9,32,B737,1,0.891,1,4,1
14,5,11,BOM,PNQ,102,2,10.1,0.1789040604202047,20,61,B777,1,0.8716,0,8,4
1,2,4,BOM,DEL,1190,0,11.1,0.3552586006684724,20,22,A321,1,0.5921,0,1,2
7,0,5,BLR,BOM,891,0,4.0,0.30736278579429077,14,56,A320,0,0.3229,2,0,0
10,0,6,MAA,BOM,1024,0,5.8,0.3042299975621079,14,52,B737,0,0.2717,5,0,1
10,2,4,BLR,BOM,891,1,6.1,0.25012844255268013,9,46,A320,0,0.3001,2,0,0
7,1,11,DEL,AMD,872,0,3.5,0.2339998223243943,16,37,A320,0,0.4136,1,6,0
21,4,8,BOM,PNQ,72,0,10.6,0.13045753662885684,19,69,B777,0,0.5022,0,8,4
17,4,9,BLR,HYD,465,1,12.5,0.21057468921781203,14,72,A320,1,0.7842,2,3,0
19,4,12,HYD,BLR,466,2,13.5,0.1589490145899604,5,31,A320,1,0.8836,3,2,0
21,1,8,BOM,DEL,1106,0,12.7,0.4050669014281655,4,64,A320,0,0.462,0,1,0
2,4,3,AMD,DEL,862,2,2.4,0.1828747202875713,10,35,A320,1,0.5431,6,1,0
21,0,7,DEL,BLR,1789,0,9.9,0.44790053939240376,18,62,B777,1,0.4792,1,2,4
16,3,4,BOM,DEL,1174,1,3.0,0.4149937491404724,5,88,A320,0,0.366,0,1,0
18,4,2,BLR,DEL,1699,2,5.5,0.4269772307385586,13,66,A321,1,0.7708,2,1,2
9,6,1,BLR,BOM,823,0,4.5,0.3429505705368149,3,54,A321,0,0.3372,2,0,2
17,2,11,BOM,HYD,629,0,11.9,0.20723572577413266,19,22,ATR72,1,0.6829,0,3,3
8,2,3,BOM,DEL,1187,2,4.4,0.4011265824710453,5,33,ATR72,1,0.7805,0,1,3
14,5,4,BOM,PNQ,163,0,11.9,0.10334265330932216,14,79,B737,0,0.3913,0,8,1
22,2,6,DEL,BLR,1779,0,9.3,0.3754684620753365,19,20,B777,1,0.6002,1,2,4
15,6,11,BLR,DEL,1770,2,8.1,0.40274564637217325,4,28,B737,1,0.8611,2,1,1
20,4,10,BLR,DEL,1748,1,8.5,0.36625156447571156,12,75,B737,1,0.6465,2,1,1
17,0,2,BOM,PNQ,94,0,1.2,0.19214193348763275,4,28,ATR72,0,0.4269,0,8,3
0,1,6,BLR,DEL,1778,2,12.6,0.3696441315222786,15,67,B777,1,0.8979,2,1,4
16,1,6,BOM,HYD,624,2,9.4,0.2338749904214507,1,48,B777,1,0.6935,0,3,4
18,4,7,CCU,DEL,1300,2,7.7,0.42555016952192204,8,44,ATR72,1,0.8902,4,1,3
6,5,7,HYD,BOM,652,2,7.5,0.28789008422302076,19,79,A320,1,0.7652,3,0,0
19,0,3,BOM,BLR,822,2,3.1,0.25335804342223595,1,35,B777,1,0.7213,0,2,4
14,3,5,DEL,AMD,870,1,12.1,0.175695229950847,3,45,A320,0,0.4703,1,6,0
17,0,9,BOM,PNQ,125,0,8.6,0.162437269792361,7,80,A321,0,0.465,0,8,2
16,1,7,GOI,DEL,1920,1,6.9,0.3656729946505898,3,30,B777,1,0.5163,7,1,4
15,3,2,BLR,BOM,889,0,12.4,0.2658286256059098,1,22,B777,0,0.4563,2,0,4
13,0,3,DEL,GOI,1862,0,7.0,0.382073584081573,19,73,B737,0,0.2528,1,7,1
8,5,10,BLR,BOM,801,1,4.8,0.2995653920883247,2,74,B777,1,0.5198,2,0,4
10,6,10,BOM,MAA,1059,0,1.1,0.33272584006359784,6,51,ATR72,0,0.1831,0,5,3
3,6,9,GOI,DEL,1856,1,11.1,0.3549157823176532,8,22,A320,1,0.842,7,1,0
17,3,6,AMD,DEL,843,0,6.4,0.2446670964786637,17,50,B777,0,0.4479,6,1,4
14,2,2,HYD,BLR,511,0,7.5,0.22016425898313674,20,64,A321,0,0.1881,3,2,2
8,3,5,BLR,DEL,1741,0,5.2,0.4281687097766398,13,63,A320,0,0.3713,2,1,0
22,6,12,HYD,BLR,496,2,9.7,0.2132441459130449,15,20,A320,1,0.8353,3,2,0
22,4,11,DEL,CCU,1347,0,9.4,0.47120719922479304,20,70,A320,0,0.3885,1,4,0
17,2,5,BOM,DEL,1137,0,11.7,0.4069250559241587,13,25,A320,1,0.7128,0,1,0
5,6,8,DEL,AMD,862,1,9.4,0.17095346239501258,17,75,ATR72,1,0.6184,1,6,3
13,1,7,MAA,BOM,983,0,13.4,0.25632626718206747,15,57,A321,0,0.4525,5,0,2
1,6,12,HYD,BLR,520,0,1.5,0.22788811459128522,20,58,ATR72,0,0.2412,3,2,3
4,6,10,MAA,BOM,1047,2,13.8,0.31370475535036274,3,62,B777,1,0.7755,5,0,4
20,0,10,DEL,CCU,1331,1,3.6,0.4211006691707526,8,51,ATR72,1,0.5184,1,4,3
2,4,6,DEL,AMD,847,2,9.5,0.17284258523084203,12,30,B737,1,0.7891,1,6,1
1,2,3,DEL,BOM,1165,0,10.2,0.37354365938921863,18,30,B777,1,0.5194,1,0,4
15,3,2,PNQ,BOM,157,1,1.7,0.15728550378096912,17,32,ATR72,0,0.4829,8,0,3
1,5,6,HYD,BOM,579,1,3.7,0.24498537960783298,20,48,A320,1,0.548,3,0,0
1,4,4,AMD,DEL,900,1,11.7,0.17594801631083895,12,82,B777,0,0.5204,6,1,4
23,6,6,GOI,DEL,1859,0,1.7,0.32569388498982493,18,45,A321,0,0.3803,7,1,2
14,6,3,DEL,BLR,1754,2,2.8,0.3827311878746725,12,82,B777,1,0.6531,1,2,4
5,3,5,BOM,PNQ,158,0,12.2,0.11226280499780064,4,66,A321,0,0.2949,0,8,2
1,2,7,DEL,CCU,1303,2,3.7,0.42408780637054827,11,53,A320,1,0.7196,1,4,0
21,1,2,DEL,CCU,1333,0,13.1,0.4951442638887332,17,79,A320,1,0.4981,1,4,0
15,3,3,DEL,CCU,1351,0,12.1,0.42297023153621344,13,25,B737,1,0.5692,1,4,1
19,1,12,BOM,BLR,857,1,11.6,0.32882621151431873,14,87,ATR72,1,0.7315,0,2,3
3,1,10,BOM,PNQ,119,0,5.0,0.19737425820384935,17,41,ATR72,0,0.2989,0,8,3
8,3,3,BOM,HYD,585,1,11.3,0.29893406378396237,21,30,A320,1,0.8396,0,3,0
3,2,2,DEL,AMD,848,1,8.3,0.1975297073823256,20,24,A321,1,0.629,1,6,2
21,2,10,DEL,CCU,1334,0,10.1,0.4644856043429727,6,81,A320,0,0.3858,1,4,0
23,2,9,BLR,DEL,1748,0,11.7,0.3603146760878361,16,51,A321,1,0.5441,2,1,2
1,3,6,CCU,DEL,1297,1,8.4,0.4280090142240046,17,60,A320,1,0.6712,4,1,0
21,6,3,BOM,HYD,631,0,3.5,0.28160335023020683,18,45,A321,0,0.2626,0,3,2
0,0,3,BLR,DEL,1774,0,12.3,0.3794714846856469,11,29,ATR72,1,0.5518,2,1,3
16,4,10,BOM,HYD,579,0,2.8,0.26951964597032113,18,81,B737,0,0.2078,0,3,1
7,4,8,HYD,BLR,529,0,3.5,0.18074052716113487,18,56,B777,0,0.4223,3,2,4
16,0,9,AMD,DEL,873,2,11.5,0.2680986302798683,16,56,B777,1,0.9072,6,1,4
15,3,10,DEL,GOI,1932,0,4.8,0.3733401849334905,2,26,B777,0,0.2993,1,7,4
2,0,10,BOM,DEL,1156,0,8.7,0.38251408517696295,15,40,A320,0,0.373,0,1,0
3,5,2,DEL,BLR,1788,1,9.8,0.3724426882940633,13,81,B777,1,0.549,1,2,4
4,2,3,DEL,BLR,1741,1,11.4,0.4416148778875695,20,55,A320,1,0.6766,1,2,0
7,0,8,HYD,BLR,456,1,11.3,0.14855995528227683,12,67,ATR72,1,0.7594,3,2,3
6,3,4,CCU,DEL,1302,2,1.8,0.4615487765580136,11,48,B737,1,0.6346,4,1,1
15,1,3,BLR,BOM,850,0,6.2,0.2526446902597667,13,28,A321,0,0.3011,2,0,2
18,2,12,GOI,DEL,1910,0,2.0,0.33103927213487067,10,39,B737,0,0.3524,7,1,1
4,4,12,DEL,BLR,1701,2,13.4,0.43982725935305467,18,60,B777,1,0.8759,1,2,4
21,6,5,DEL,CCU,1330,1,10.9,0.49931541035901605,16,50,A321,1,0.7497,1,4,2
17,1,10,CCU,DEL,1272,2,13.1,0.4181415343783356,12,82,A321,1,0.9673,4,1,2
8,5,5,HYD,BOM,663,0,9.7,0.290425907450242,21,59,B777,1,0.5162,3,0,4
9,1,4,DEL,AMD,911,0,5.4,0.21079593508323421,11,67,ATR72,0,0.2843,1,6,3
22,1,5,HYD,BLR,482,1,11.5,0.14328254988192402,7,53,ATR72,0,0.4573,3,2,3
10,3,9,HYD,BLR,523,0,3.6,0.17172552164497001,11,60,B777,0,0.2187,3,2,4
19,5,5,HYD,BLR,534,1,9.5,0.2367862351163213,17,33,A321,1,0.7647,3,2,2
14,1,3,PNQ,BOM,99,0,4.6,0.1400231478925802,7,37,B777,0,0.176,8,0,4
22,3,1,BOM,PNQ,163,1,9.7,0.17030939037594328,13,44,ATR72,0,0.5381,0,8,3
12,5,8,BOM,HYD,588,1,3.3,0.20645358838446762,4,59,A321,0,0.4326,0,3,2
4,4,6,HYD,BLR,491,2,12.0,0.17563666377550566,20,25,B777,1,1.0,3,2,4
5,2,1,MAA,BOM,1032,3,5.6,0.2952182939360108,20,27,A321,1,0.9681,5,0,2
4,3,12,BOM,BLR,890,2,6.4,0.3083316890219362,8,70,A321,1,0.5233,0,2,2
0,4,6,HYD,BLR,460,0,4.5,0.18972024035565532,14,22,ATR72,0,0.3759,3,2,3
14,6,11,PNQ,BOM,114,1,6.4,0.10796592890299121,14,65,A320,0,0.3932,8,0,0
14,0,3,BOM,HYD,624,2,12.9,0.27389458465787275,3,35,B777,1,0.7796,0,3,4
16,5,7,HYD,BOM,583,3,4.3,0.263677716932332,15,25,A320,1,1.0,3,0,0
11,3,8,HYD,BLR,508,1,2.1,0.20500924511399315,21,66,B777,0,0.482,3,2,4
8,6,4,DEL,AMD,852,0,2.8,0.22640368231674718,9,55,ATR72,0,0.2906,1,6,3
7,4,11,DEL,GOI,1850,3,13.9,0.3555617154682403,7,84,A320,1,1.0,1,7,0
14,6,6,BOM,PNQ,149,3,3.0,0.17333279087168624,17,79,B777,1,0.9693,0,8,4
17,2,8,BOM,PNQ,140,1,5.2,0.1252202402159331,21,39,B777,1,0.7201,0,8,4
22,4,5,MAA,BOM,970,0,7.3,0.31976463827797247,4,40,B777,0,0.1979,5,0,4
14,4,3,BOM,HYD,618,0,8.5,0.2152174601881918,14,87,B777,0,0.2361,0,3,4
0,3,5,MAA,BOM,994,2,8.7,0.28353290074589355,16,71,ATR72,1,0.7134,5,0,3
14,4,11,HYD,BLR,498,0,6.3,0.2079551836572684,15,82,ATR72,0,0.1332,3,2,3
20,3,9,DEL,CCU,1307,1,11.3,0.429274154858316,21,61,ATR72,1,0.9217,1,4,3
8,3,9,BOM,MAA,1058,0,4.5,0.35610629364797197,21,89,A321,0,0.4924,0,5,2
4,0,4,MAA,BOM,992,0,11.0,0.33850153245472586,17,36,B737,1,0.5054,5,0,1
14,6,3,DEL,BLR,1772,0,10.6,0.4301386985981786,13,78,B777,0,0.4721,1,2,4
0,0,1,DEL,BLR,1754,1,6.4,0.44141531463921735,10,83,A321,0,0.3766,1,2,2
19,0,7,CCU,DEL,1307,0,8.4,0.47028766470629957,14,31,B737,1,0.6581,4,1,1
13,4,1,BLR,HYD,509,0,7.5,0.2148417726430511,20,79,B737,0,0.1859,2,3,1
7,2,6,BOM,HYD,591,2,8.1,0.29784443921535697,3,86,A321,1,0.8691,0,3,2
10,6,10,BLR,HYD,473,0,4.6,0.15650349181405473,17,56,A320,0,0.2126,2,3,0
20,2,12,MAA,BOM,1022,0,8.6,0.28714633393344713,4,83,ATR72,0,0.3649,5,0,3
9,4,2,HYD,BLR,484,3,1.1,0.22988153748063467,19,27,B737,1,1.0,3,2,1
22,6,2,BLR,HYD,495,0,3.9,0.18124397687438842,2,86,B737,0,0.1225,2,3,1
18,4,7,DEL,GOI,1869,3,13.8,0.3881674510286872,17,73,B737,1,1.0,1,7,1
21,5,7,BLR,BOM,833,0,6.6,0.31582837834261573,12,21,A321,0,0.4763,2,0,2
2,6,12,DEL,GOI,1921,0,8.5,0.39279006298620267,10,76,A320,0,0.3071,1,7,0
12,2,6,DEL,BLR,1783,0,9.3,0.4206083095740511,2,67,B777,0,0.3682,1,2,4
7,6,1,BOM,PNQ,113,1,12.5,0.14957170100782755,17,40,B737,1,0.8798,0,8,1
11,3,12,BOM,DEL,1148,0,3.8,0.36559683908322366,11,32,A321,0,0.2662,0,1,2
19,0,7,HYD,BOM,647,0,2.0,0.22898257525720841,21,54,B737,0,0.4416,3,0,1
19,3,3,MAA,BOM,1033,0,2.3,0.31097081955367595,5,83,A320,0,0.2744,5,0,0
2,3,6,CCU,DEL,1317,0,7.4,0.38196105324742535,21,49,ATR72,0,0.3528,4,1,3
10,5,5,PNQ,BOM,70,0,4.4,0.14380675507348228,15,78,ATR72,0,0.2075,8,0,3
20,1,5,BLR,DEL,1762,0,11.0,0.38512438322833287,20,45,B777,1,0.604,2,1,4
14,6,5,BOM,PNQ,104,0,2.5,0.13415260754213637,16,36,B737,0,0.3237,0,8,1
19,1,4,PNQ,BOM,151,0,7.2,0.1663615298961657,8,25,ATR72,0,0.4165,8,0,3
7,3,6,AMD,DEL,853,1,1.5,0.1822911182542245,13,46,ATR72,1,0.5729,6,1,3
19,4,4,MAA,BOM,971,1,5.4,0.25838737385520116,6,73,B737,0,0.4534,5,0,1
5,0,5,DEL,AMD,890,0,10.4,0.2011536194234792,13,83,B777,0,0.3305,1,6,4
8,3,2,DEL,GOI,1949,0,12.4,0.3019043409274291,18,24,A321,1,0.7208,1,7,2
4,0,6,CCU,DEL,1267,0,10.0,0.42818372535762583,14,27,B777,1,0.5713,4,1,4
8,5,7,AMD,DEL,865,2,9.0,0.17127564797074304,14,82,A321,1,0.9185,6,1,2
2,6,12,GOI,DEL,1896,0,12.9,0.3360171895567359,11,78,B737,0,0.4344,7,1,1
13,0,10,DEL,AMD,928,0,5.2,0.23104329135731705,6,25,ATR72,0,0.2424,1,6,3
23,3,2,BLR,BOM,885,3,7.4,0.25097003549230423,9,82,A320,1,0.7004,2,0,0
22,4,7,BOM,DEL,1173,0,12.9,0.40805218027570217,20,69,A321,1,0.5632,0,1,2
7,3,9,AMD,DEL,865,0,3.5,0.17278497775827556,6,80,ATR72,0,0.3191,6,1,3
11,0,11,BOM,PNQ,106,1,7.5,0.17214891731316723,14,25,A320,0,0.5189,0,8,0
11,4,4,BOM,MAA,1062,0,3.7,0.28475518468287,20,59,B777,0,0.2139,0,5,4
1,3,4,BOM,DEL,1157,0,5.1,0.4110125427718857,13,74,A321,0,0.2144,0,1,2
19,0,7,DEL,AMD,863,1,11.1,0.23751209923824945,2,61,B777,1,0.745,1,6,4
22,5,12,CCU,DEL,1269,0,6.9,0.3811644899503096,17,28,A321,0,0.4525,4,1,2
14,0,6,BLR,BOM,824,0,3.2,0.3193845386272266,13,26,ATR72,0,0.4278,2,0,3
23,1,11,DEL,CCU,1285,0,10.1,0.43760417911091565,12,69,B777,0,0.425,1,4,4
18,4,4,BOM,DEL,1184,1,2.3,0.4251765516142327,13,36,B777,1,0.6401,0,1,4
17,6,12,DEL,BLR,1750,1,12.1,0.4259185879979848,16,39,A320,1,0.9404,1,2,0
5,5,1,BOM,DEL,1154,1,12.9,0.33901136329341447,6,78,A320,1,0.5856,0,1,0
22,1,3,BOM,BLR,813,2,7.3,0.2605576459327826,10,76,B737,1,0.5042,0,2,1
6,4,7,BLR,DEL,1739,0,4.2,0.40603519740199623,20,69,A320,0,0.3624,2,1,0
9,0,8,MAA,BOM,985,3,4.3,0.29561272089466334,3,73,B737,1,0.9682,5,0,1
1,1,7,BLR,BOM,848,0,8.5,0.3450593965931124,18,42,A321,1,0.508,2,0,2
15,6,6,HYD,BLR,515,0,13.1,0.1764639991013783,2,48,B777,0,0.4206,3,2,4
23,6,2,BOM,PNQ,117,0,1.6,0.19334410071708585,13,64,B737,0,0.2273,0,8,1
12,4,9,BLR,HYD,526,2,11.4,0.13413743824672597,18,40,B737,1,0.9237,2,3,1
20,0,4,BLR,HYD,509,2,11.6,0.181966789646593,2,89,ATR72,1,0.8228,2,3,3
9,6,6,BOM,HYD,649,0,2.9,0.2811230558401358,5,79,B737,0,0.4124,0,3,1
14,2,1,BOM,HYD,596,0,8.8,0.2985991572170659,8,74,ATR72,0,0.2194,0,3,3
6,4,1,DEL,GOI,1887,3,6.4,0.36010826653932154,20,36,ATR72,1,0.914,1,7,3
19,1,12,AMD,DEL,936,1,7.2,0.2493298076698735,18,79,B737,1,0.5497,6,1,1
9,1,5,DEL,BLR,1713,1,6.5,0.4208163790458175,5,21,B737,1,0.6683,1,2,1
11,1,10,CCU,DEL,1274,0,3.2,0.3926135786295765,10,66,B777,0,0.157,4,1,4
1,0,6,DEL,BLR,1707,2,5.3,0.39189701271058014,3,61,A320,1,0.6568,1,2,0
0,4,5,HYD,BOM,669,0,12.1,0.22318847952085924,11,36,B777,0,0.4093,3,0,4
14,2,8,DEL,BLR,1702,0,6.6,0.41078849268503587,17,75,B737,0,0.3643,1,2,1
12,4,9,BOM,PNQ,146,3,11.8,0.14697992206785326,20,29,ATR72,1,1.0,0,8,3
23,3,4,BLR,DEL,1737,1,8.4,0.44456296777489973,7,55,A321,0,0.4778,2,1,2
17,2,6,AMD,DEL,858,0,4.1,0.2254866916999157,1,32,A321,0,0.4102,6,1,2
15,5,8,BOM,MAA,999,2,12.0,0.2827499726671986,10,87,A320,1,0.8631,0,5,0
21,2,3,BLR,BOM,837,0,12.6,0.28839488942629726,9,44,B737,0,0.3854,2,0,1
22,2,10,PNQ,BOM,157,0,1.2,0.1000530358691836,21,32,A321,0,0.26,8,0,2
17,6,12,AMD,DEL,876,0,5.0,0.17423344925183032,15,48,A321,0,0.3197,6,1,2
18,2,9,BLR,DEL,1776,1,6.7,0.3830794994781043,16,36,A321,1,0.7732,2,1,2
4,1,2,DEL,BLR,1715,1,10.9,0.39249059705518224,14,75,A320,1,0.607,1,2,0
23,0,4,HYD,BLR,519,2,7.7,0.22253212848418338,16,29,A320,1,0.739,3,2,0
3,3,8,AMD,DEL,881,1,11.3,0.26690376263025534,18,52,B777,1,0.7068,6,1,4
5,5,3,DEL,BLR,1737,0,1.3,0.4491197162084698,21,46,A321,0,0.3296,1,2,2
1,3,6,DEL,BLR,1706,0,4.5,0.40475998144586506,11,20,A320,1,0.4619,1,2,0
23,6,1,BOM,MAA,972,1,10.4,0.29096609221117004,16,85,B777,1,0.6664,0,5,4
15,5,3,DEL,GOI,1856,0,12.8,0.33406668208217444,15,52,A321,0,0.4336,1,7,2
4,4,12,DEL,BLR,1759,0,7.0,0.43740013710698533,9,22,B737,0,0.325,1,2,1
0,0,5,BLR,BOM,810,0,8.3,0.27284089615674384,1,47,B777,0,0.2091,2,0,4
21,1,1,MAA,BOM,1006,0,11.8,0.2919249249318966,19,69,B737,0,0.4168,5,0,1
15,6,8,CCU,DEL,1296,0,12.4,0.38755544937627695,12,62,A321,1,0.555,4,1,2
12,3,1,GOI,DEL,1876,3,10.3,0.34146411190545023,7,26,A321,1,1.0,7,1,2
6,4,5,GOI,DEL,1944,0,10.5,0.31780310622331953,17,23,A321,1,0.5771,7,1,2
16,6,10,BOM,BLR,843,0,4.0,0.28348009769191684,21,73,A320,0,0.2634,0,2,0
9,6,3,DEL,GOI,1851,0,7.9,0.3517461009384291,5,75,B737,0,0.3407,1,7,1
12,5,9,DEL,GOI,1934,3,9.1,0.35587069945960964,20,53,B777,1,1.0,1,7,4
10,0,9,BOM,HYD,644,3,4.4,0.2576080879014494,20,67,ATR72,1,0.903,0,3,3
15,5,6,HYD,BLR,483,1,1.9,0.23721666237406905,13,66,ATR72,1,0.4949,3,2,3
20,5,4,GOI,DEL,1885,2,4.7,0.32379639639625685,10,44,B777,1,0.7995,7,1,4
17,1,10,BOM,DEL,1118,0,6.8,0.37576456160335403,17,28,A321,1,0.5503,0,1,2
12,6,6,DEL,BLR,1761,0,3.2,0.4015795644508251,11,24,A321,0,0.5106,1,2,2
12,1,3,GOI,DEL,1873,0,1.1,0.3552981617296117,15,35,B777,0,0.2621,7,1,4
23,6,5,PNQ,BOM,114,0,9.4,0.13642723693243403,7,21,A321,0,0.4046,8,0,2
4,2,2,HYD,BOM,623,1,13.1,0.2577968355641284,6,34,B737,1,0.5731,3,0,1
4,3,11,BOM,BLR,871,0,5.0,0.3122517801998349,11,29,B777,0,0.3249,0,2,4
21,5,4,DEL,GOI,1862,1,13.2,0.36717448404774833,21,63,ATR72,1,0.6969,1,7,3
22,1,4,DEL,BOM,1126,2,6.4,0.34408551127025155,9,28,A321,1,0.6876,1,0,2
6,6,12,BLR,BOM,838,0,1.6,0.2893987507713055,10,59,A321,0,0.1658,2,0,2
17,1,2,BOM,BLR,799,2,2.4,0.2804754323565542,5,69,B777,1,0.6622,0,2,4
7,0,12,PNQ,BOM,90,1,10.2,0.09106919901135016,4,59,A320,1,0.6364,8,0,0
0,2,7,GOI,DEL,1851,0,9.9,0.3152435941526575,10,37,A320,0,0.3961,7,1,0
20,5,3,BOM,BLR,835,0,3.0,0.27211358562425,4,41,B777,0,0.3788,0,2,4
5,1,1,HYD,BOM,656,0,7.5,0.25431155164170094,11,32,ATR72,0,0.2217,3,0,3
23,4,6,BOM,HYD,603,0,5.7,0.2827828607066193,4,70,ATR72,0,0.2131,0,3,3
16,4,8,HYD,BOM,597,0,13.6,0.30502673943359243,5,81,B737,0,0.422,3,0,1
20,5,3,BOM,HYD,617,2,6.0,0.25626409972480996,19,33,A320,1,0.8725,0,3,0
7,2,5,DEL,AMD,905,0,9.6,0.17861808707979074,3,88,A321,0,0.3214,1,6,2
18,1,3,CCU,DEL,1278,0,9.7,0.38934679369044434,6,85,B777,0,0.4057,4,1,4
16,4,7,BOM,BLR,887,0,4.7,0.24618956100523587,14,67,B737,0,0.2485,0,2,1
9,4,12,BLR,HYD,488,1,11.6,0.18602414637830525,10,55,A321,1,0.6244,2,3,2
13,1,12,DEL,GOI,1940,1,6.1,0.3577735770160842,6,45,B777,0,0.3431,1,7,4
14,3,11,DEL,BOM,1168,0,5.2,0.37216485442517355,4,33,ATR72,0,0.2189,1,0,3
17,5,3,BOM,BLR,795,2,13.6,0.2738655381350375,13,66,B737,1,0.9595,0,2,1
18,3,4,BOM,BLR,845,0,11.5,0.308073273002867,21,71,A321,1,0.5732,0,2,2
21,5,12,AMD,DEL,849,0,2.8,0.1917904469815385,17,77,B777,0,0.2267,6,1,4
20,2,4,BLR,DEL,1760,0,10.3,0.42700890312540823,10,69,B777,0,0.5208,2,1,4
23,0,10,DEL,BLR,1695,0,6.9,0.39682821955394876,12,83,B777,0,0.2087,1,2,4
15,6,11,GOI,DEL,1922,0,9.3,0.2809344953486244,4,63,A320,0,0.2624,7,1,0
21,5,9,CCU,DEL,1325,2,9.4,0.41415071106840434,12,86,ATR72,1,0.8657,4,1,3
9,5,1,BOM,PNQ,86,0,8.5,0.1925264641656964,9,31,A320,1,0.497,0,8,0
10,6,6,BOM,MAA,1017,3,3.3,0.34660258995192966,11,53,A320,1,0.9386,0,5,0
6,6,2,BOM,PNQ,109,0,1.5,0.14102691383317167,4,56,ATR72,0,0.1564,0,8,3
12,0,12,PNQ,BOM,119,1,2.2,0.11111580374319271,1,36,A320,0,0.3644,8,0,0
1,4,9,DEL,AMD,869,1,12.3,0.24340364906590106,5,82,A321,1,0.5974,1,6,2
8,5,8,AMD,DEL,843,0,5.0,0.21291905819600343,3,26,B737,1,0.5352,6,1,1
10,0,4,GOI,DEL,1863,0,2.1,0.3093396144785785,5,44,A321,0,0.1937,7,1,2
3,6,10,CCU,DEL,1339,1,3.6,0.4293987180143491,20,70,B737,1,0.5218,4,1,1
0,1,8,HYD,BLR,528,2,3.1,0.23955164485903246,21,32,A320,1,0.7658,3,2,0
21,2,10,DEL,CCU,1300,0,10.2,0.4115399858280828,1,74,A321,0,0.3646,1,4,2
8,5,10,BOM,HYD,581,1,12.2,0.24813827117484274,14,21,B777,1,0.8993,0,3,4
4,0,1,DEL,BLR,1695,2,10.0,0.3705025503365312,14,56,B777,1,0.6982,1,2,4
17,0,3,BOM,MAA,1002,0,8.8,0.27889295227550237,11,52,B737,0,0.4116,0,5,1
1,5,6,HYD,BOM,638,0,10.3,0.2569944132054468,20,58,B777,1,0.5528,3,0,4
17,3,10,GOI,DEL,1942,1,11.8,0.28415959562564697,4,28,A321,1,0.8137,7,1,2
2,1,9,BLR,DEL,1743,1,8.5,0.3870089280069971,17,57,A321,1,0.6548,2,1,2
13,5,12,DEL,BOM,1114,0,12.8,0.33046358322935765,13,59,A320,0,0.4322,1,0,0
15,3,2,BOM,BLR,795,2,12.6,0.31232263592465,1,42,ATR72,1,0.7949,0,2,3
12,6,1,BLR,HYD,461,0,1.2,0.19613381138362126,20,75,B777,0,0.2285,2,3,4
17,1,9,DEL,BOM,1191,1,6.0,0.32513076871421565,20,80,B777,1,0.6801,1,0,4
12,1,1,BOM,PNQ,96,0,8.1,0.1491790632623668,21,85,B777,0,0.3097,0,8,4
10,1,11,GOI,DEL,1908,3,1.8,0.32432534414749625,20,54,B737,1,0.8297,7,1,1
3,3,7,BOM,PNQ,161,0,13.4,0.1608213272379575,3,51,A320,0,0.4143,0,8,0
9,6,6,DEL,GOI,1866,2,12.7,0.3946707915033888,5,80,ATR72,1,1.0,1,7,3
13,2,11,HYD,BLR,532,2,1.4,0.20438679275551264,12,87,A320,1,0.5318,3,2,0
16,5,11,BLR,BOM,828,0,1.2,0.2506957587303291,6,40,B737,0,0.2203,2,0,1
6,3,8,HYD,BOM,603,0,10.1,0.24790851361512836,12,41,A320,1,0.5192,3,0,0
12,0,10,DEL,BOM,1189,0,5.0,0.37699922812187037,13,27,B777,0,0.3508,1,0,4
2,5,10,BOM,DEL,1192,1,9.1,0.3532133912800156,3,58,ATR72,1,0.4913,0,1,3
12,3,3,HYD,BLR,454,0,7.7,0.1536918823995663,13,73,B737,0,0.1115,3,2,1
17,3,7,DEL,BLR,1742,1,10.1,0.41527681295114005,16,32,ATR72,1,0.9861,1,2,3
22,2,5,BLR,HYD,503,0,5.4,0.14290041750232588,7,53,A321,0,0.0572,2,3,2
0,1,10,BLR,HYD,529,1,9.5,0.17970236477772067,14,73,A320,0,0.4219,2,3,0
16,6,4,BOM,PNQ,101,0,12.0,0.1827912062149064,1,82,B737,0,0.3731,0,8,1
16,3,1,DEL,GOI,1931,3,9.0,0.3981415721833664,20,71,A320,1,0.9593,1,7,0
0,5,1,DEL,BOM,1142,0,10.2,0.34921166570858614,14,85,A320,0,0.4397,1,0,0
20,3,11,BLR,DEL,1691,0,12.6,0.4218531318122246,15,32,B737,1,0.6387,2,1,1
8,3,7,BLR,DEL,1771,0,9.1,0.39603213900573986,4,23,A320,1,0.6584,2,1,0
13,6,8,PNQ,BOM,76,0,7.1,0.1824622817842529,12,32,B777,0,0.393,8,0,4
23,0,4,GOI,DEL,1917,0,3.3,0.32774880504624276,16,71,ATR72,0,0.2311,7,1,3
2,0,9,HYD,BLR,548,1,9.0,0.1874325570550291,16,41,A321,1,0.645,3,2,2
19,6,1,DEL,GOI,1915,0,6.9,0.3518889531651081,19,89,A321,0,0.4408,1,7,2
6,1,11,GOI,DEL,1887,1,9.8,0.32705007190896823,12,36,ATR72,1,0.5508,7,1,3
3,6,9,BLR,HYD,462,1,4.9,0.13185707187650988,8,67,B777,0,0.4027,2,3,4
22,2,2,BOM,PNQ,120,1,3.8,0.18511108258475545,16,88,ATR72,0,0.424,0,8,3
15,6,8,BOM,MAA,1049,0,12.1,0.33809285366435027,7,85,B777,1,0.4852,0,5,4
4,3,1,BLR,DEL,1718,0,9.8,0.4225096018897651,13,27,B777,0,0.469,2,1,4
16,2,2,DEL,CCU,1319,0,7.7,0.4330600809970002,15,25,ATR72,0,0.3732,1,4,3
17,0,9,BOM,PNQ,96,0,4.6,0.15060362702274807,11,55,A321,0,0.4102,0,8,2
19,1,5,DEL,CCU,1281,3,1.3,0.4699027414042095,1,43,B777,1,1.0,1,4,4
8,1,7,DEL,BOM,1153,2,3.4,0.32130605510175353,17,32,A320,1,0.9485,1,0,0
5,3,3,BOM,MAA,1027,2,1.7,0.3060321137691563,10,88,B737,0,0.5224,0,5,1
16,1,5,PNQ,BOM,70,2,8.6,0.1897021804561697,17,45,ATR72,1,0.7259,8,0,3
7,4,6,BOM,DEL,1120,3,9.7,0.335933823080639,6,30,B777,1,1.0,0,1,4
20,2,7,DEL,BOM,1133,0,3.0,0.3250986485523181,15,30,A321,0,0.5,1,0,2
13,0,2,DEL,BOM,1148,0,12.8,0.3309481579194867,12,28,A320,1,0.5324,1,0,0
20,2,8,DEL,GOI,1947,1,2.0,0.3790166386893462,13,73,B777,1,0.6516,1,7,4
15,0,6,AMD,DEL,899,0,6.4,0.19327302418700534,15,40,B737,0,0.2973,6,1,1
23,5,2,DEL,AMD,922,0,11.2,0.17500567585101534,6,49,B737,0,0.32,1,6,1
16,1,8,BLR,BOM,872,2,7.8,0.29875984380495607,4,84,ATR72,1,0.6195,2,0,3
2,4,6,HYD,BOM,595,1,3.0,0.29415172523269906,19,54,A320,0,0.5177,3,0,0
9,0,12,BLR,DEL,1767,0,11.5,0.36245052543656925,1,25,A320,1,0.645,2,1,0
2,2,3,MAA,BOM,978,0,4.2,0.32954619212214675,2,36,A321,0,0.2018,5,0,2
21,0,11,HYD,BLR,470,0,11.7,0.1542721853968538,21,79,ATR72,0,0.3617,3,2,3
6,0,5,DEL,BLR,1707,0,13.3,0.45475006203763413,19,60,A320,0,0.4819,1,2,0
5,3,9,BOM,DEL,1156,1,6.1,0.4117795680979419,11,59,A320,1,0.5147,0,1,0
12,4,1,PNQ,BOM,137,2,11.7,0.1597797033062524,15,55,A321,1,0.7639,8,0,2
5,2,4,BOM,HYD,643,0,11.2,0.28404495816388053,20,78,A321,0,0.4136,0,3,2
4,3,4,BLR,BOM,839,3,9.7,0.3489980614989181,14,43,A321,1,0.9596,2,0,2
3,6,10,BOM,MAA,1023,2,13.6,0.29666561921325046,7,46,A320,1,0.7687,0,5,0
14,0,6,DEL,CCU,1272,1,4.7,0.48805483423389573,10,73,B777,1,0.4952,1,4,4
8,6,5,DEL,AMD,853,0,1.2,0.20202126887568295,3,74,A320,0,0.2808,1,6,0
1,5,2,BOM,PNQ,116,2,9.9,0.12083607890748572,17,47,A321,1,0.7483,0,8,2
18,0,3,PNQ,BOM,76,1,4.2,0.09494474366793473,11,77,B737,1,0.488,8,0,1
17,1,3,DEL,AMD,923,1,10.2,0.18038071257363678,2,64,A321,1,0.6222,1,6,2
18,5,9,BLR,BOM,817,0,11.0,0.32192114476337885,14,74,B777,1,0.6788,2,0,4
12,0,7,DEL,GOI,1946,0,9.1,0.3544200002113628,13,45,ATR72,0,0.3918,1,7,3
5,3,11,BLR,DEL,1774,0,10.9,0.40825538370419945,12,49,B777,0,0.4133,2,1,4
7,6,2,BLR,DEL,1741,0,11.3,0.38357865835028365,9,37,A320,1,0.6234,2,1,0
11,2,4,BLR,DEL,1773,0,5.2,0.4158786117680913,21,42,A320,0,0.3364,2,1,0
22,6,4,DEL,AMD,858,1,8.6,0.22499869843799752,12,46,B737,0,0.49,1,6,1
19,2,10,GOI,DEL,1880,0,1.6,0.3505113146638995,9,82,B777,0,0.2902,7,1,4
1,1,11,HYD,BLR,487,0,3.9,0.16715447686684393,11,65,ATR72,0,0.1169,3,2,3
0,3,7,PNQ,BOM,77,0,8.2,0.14297749152567987,10,63,A320,0,0.3072,8,0,0
14,6,6,BOM,BLR,862,1,6.3,0.2554021149095563,6,32,A321,1,0.5222,0,2,2
3,1,10,PNQ,BOM,105,1,3.7,0.18488458384670614,1,69,B737,0,0.324,8,0,1
21,6,7,AMD,DEL,868,2,4.3,0.2630477591963668,5,71,A320,1,0.6552,6,1,0
19,1,9,BLR,BOM,829,0,4.8,0.31147709531562623,16,34,B737,1,0.5446,2,0,1
17,5,5,MAA,BOM,980,0,5.7,0.3459439595741165,9,73,A321,0,0.3384,5,0,2
14,2,1,BLR,BOM,844,2,7.2,0.3445117507342546,18,41,A320,1,0.7078,2,0,0
4,2,2,GOI,DEL,1888,2,12.0,0.3369141570454268,5,71,ATR72,1,0.7348,7,1,3
23,1,10,CCU,DEL,1344,1,10.5,0.4312474704119517,16,46,A320,1,0.6725,4,1,0
23,5,9,CCU,DEL,1340,0,12.8,0.4015022569356185,17,62,ATR72,1,0.6106,4,1,3
11,6,8,PNQ,BOM,76,1,1.2,0.12528773505043342,8,81,A320,0,0.4501,8,0,0
1,1,11,CCU,DEL,1268,2,12.4,0.3871451380609422,14,23,B737,1,0.9549,4,1,1
0,0,7,BOM,BLR,856,0,8.7,0.2926463855254056,2,68,B737,0,0.3171,0,2,1
5,1,2,DEL,CCU,1343,3,1.5,0.42851331751807087,4,23,B737,1,0.9214,1,4,1
9,4,4,BOM,DEL,1171,0,12.1,0.3465540794823087,8,84,A320,1,0.4886,0,1,0
15,4,2,DEL,CCU,1277,1,5.7,0.42099318316734846,11,71,A321,0,0.4184,1,4,2
19,0,10,DEL,AMD,935,0,6.9,0.2079610899228284,12,79,A320,0,0.2832,1,6,0
9,1,4,CCU,DEL,1283,0,10.8,0.3830605496336904,14,38,B777,1,0.6232,4,1,4
7,4,5,AMD,DEL,903,0,11.3,0.23307797331049318,1,56,A320,0,0.4432,6,1,0
15,5,5,DEL,BOM,1134,0,12.6,0.327000204478058,15,34,B777,1,0.5008,1,0,4
11,1,2,DEL,AMD,903,0,5.1,0.18607477450552093,10,65,A320,0,0.0744,1,6,0
21,4,9,CCU,DEL,1315,0,10.2,0.447166605720947,10,84,B737,0,0.4789,4,1,1
13,4,1,BOM,HYD,591,0,11.9,0.2066797077262172,10,58,B737,0,0.2827,0,3,1
11,5,3,BOM,PNQ,135,1,5.2,0.1356382430478774,3,41,B777,0,0.4243,0,8,4
2,6,5,BOM,MAA,1036,1,9.7,0.2834720445090664,19,87,ATR72,1,0.5634,0,5,3
5,0,4,HYD,BLR,490,2,12.1,0.19242579279038355,14,40,A321,1,0.797,3,2,2
13,5,9,GOI,DEL,1856,2,9.5,0.32752465265872005,2,20,B737,1,0.931,7,1,1
21,3,7,DEL,BLR,1696,2,13.2,0.3753628390371449,18,80,A320,1,0.9501,1,2,0
7,4,11,BOM,MAA,969,1,2.7,0.3514066905951267,2,75,A320,0,0.4906,0,5,0
9,3,9,DEL,GOI,1931,0,10.8,0.35251023981422436,16,69,B737,1,0.691,1,7,1
6,3,2,DEL,GOI,1859,1,4.2,0.38335396315437736,3,89,ATR72,0,0.3533,1,7,3
2,3,6,GOI,DEL,1929,0,8.7,0.3555917914625138,4,85,B777,0,0.3422,7,1,4
1,5,3,DEL,AMD,927,1,3.0,0.1566168721725181,18,38,A320,1,0.4826,1,6,0
8,1,7,BLR,HYD,501,1,8.9,0.17117820274857745,12,80,A321,1,0.6685,2,3,2
13,3,8,DEL,AMD,864,2,12.2,0.1576727371928206,18,29,ATR72,1,1.0,1,6,3
14,1,2,AMD,DEL,870,0,10.8,0.19147536658250827,3,42,B737,0,0.3466,6,1,1
18,3,4,BOM,BLR,849,0,8.6,0.27208433883866684,7,21,B777,1,0.5088,0,2,4
9,3,10,HYD,BLR,502,1,5.0,0.17200109892470633,17,21,A321,1,0.6688,3,2,2
14,2,11,BOM,BLR,825,0,11.0,0.2523412544929625,11,20,A321,0,0.5009,0,2,2
13,1,4,CCU,DEL,1320,0,7.8,0.42853723712045505,11,81,B737,0,0.2214,4,1,1
22,3,10,BLR,DEL,1775,0,13.3,0.3746617422690674,4,71,ATR72,0,0.3499,2,1,3
5,5,9,BLR,BOM,815,2,5.6,0.27998857400558047,8,75,ATR72,1,0.662,2,0,3
5,4,3,DEL,BLR,1780,1,3.3,0.4296385418403229,7,34,B777,0,0.4419,1,2,4
18,0,12,BLR,DEL,1770,1,5.1,0.35523487668096027,15,29,A321,1,0.6921,2,1,2
17,0,11,BOM,BLR,814,0,12.4,0.2695254099768918,7,29,B777,1,0.6078,0,2,4
9,4,7,PNQ,BOM,119,0,9.7,0.09716793796753348,3,72,B737,0,0.4389,8,0,1
0,5,7,BLR,HYD,468,0,3.5,0.13156723738887258,12,31,B777,0,0.3226,2,3,4
19,3,11,MAA,BOM,1002,1,10.0,0.3424316355007429,9,53,A320,1,0.587,5,0,0
0,5,8,DEL,BLR,1786,0,2.7,0.4354621495797055,18,55,A320,0,0.4242,1,2,0
1,0,7,DEL,BLR,1770,0,10.4,0.3748550427208863,15,44,B777,1,0.5699,1,2,4
1,2,1,BLR,DEL,1721,0,13.6,0.4463549599390851,2,33,ATR72,0,0.4485,2,1,3
8,6,11,BOM,PNQ,132,3,5.3,0.1381621044176604,9,55,B777,1,0.9053,0,8,4
18,3,7,DEL,BOM,1104,1,1.5,0.33323099107399595,3,34,A321,1,0.6533,1,0,2
7,4,3,AMD,DEL,902,3,1.9,0.17460451600448984,6,48,A321,1,0.8198,6,1,2
17,0,11,CCU,DEL,1264,2,13.4,0.42234252316468346,12,32,ATR72,1,1.0,4,1,3
12,4,8,HYD,BLR,549,3,5.8,0.20462525176571905,19,40,A321,1,0.9519,3,2,2
8,0,12,BLR,DEL,1747,0,6.3,0.43661287522923165,11,22,B737,1,0.5246,2,1,1
19,4,2,BLR,DEL,1779,2,9.9,0.448597431768552,6,42,ATR72,1,0.8994,2,1,3
4,6,1,AMD,DEL,873,0,1.2,0.24820900146236097,9,40,ATR72,0,0.2193,6,1,3
17,2,5,BLR,HYD,460,1,1.6,0.22591309329279144,4,67,ATR72,0,0.4404,2,3,3
7,5,6,CCU,DEL,1268,0,3.7,0.4285820558860399,15,84,ATR72,1,0.5214,4,1,3
9,3,11,CCU,DEL,1270,1,1.4,0.45238027766305233,9,72,B737,1,0.531,4,1,1
18,6,10,HYD,BOM,655,1,10.7,0.3034377863656408,16,23,B777,1,0.9714,3,0,4
14,3,5,BLR,DEL,1764,1,4.9,0.4012433232569315,13,24,A320,1,0.5605,2,1,0
4,6,6,AMD,DEL,930,0,2.6,0.26115153281671843,21,31,ATR72,0,0.4245,6,1,3
16,0,5,DEL,AMD,889,0,6.7,0.15656279953357405,18,25,ATR72,0,0.3126,1,6,3
7,2,6,DEL,AMD,868,1,6.1,0.17983805135614692,1,48,A321,1,0.5219,1,6,2
14,4,11,BOM,PNQ,155,0,4.6,0.12309663482160316,5,28,ATR72,0,0.2492,0,8,3
5,2,5,DEL,AMD,860,0,5.5,0.20956806358231153,11,58,B777,0,0.1338,1,6,4
4,5,3,HYD,BOM,577,0,9.0,0.2638332775614354,15,55,ATR72,0,0.3055,3,0,3
4,5,7,AMD,DEL,852,0,8.3,0.18137624624806517,13,54,ATR72,0,0.3726,6,1,3
13,1,3,GOI,DEL,1895,3,1.1,0.3679720533060216,7,39,B737,1,0.8172,7,1,1
21,2,6,PNQ,BOM,122,0,8.2,0.16307068843628864,13,83,A320,0,0.3652,8,0,0
8,5,1,BOM,HYD,571,0,3.6,0.25484835857491245,18,83,ATR72,0,0.4019,0,3,3
7,3,5,DEL,GOI,1936,0,7.6,0.34648709301543434,10,46,A320,0,0.2886,1,7,0
19,6,5,DEL,GOI,1940,2,8.8,0.3579072527685994,5,53,A321,1,0.8432,1,7,2
16,5,6,BOM,BLR,829,0,10.0,0.32236893410218703,1,36,ATR72,0,0.4489,0,2,3
1,2,2,HYD,BOM,664,1,12.9,0.3050802601649513,12,41,ATR72,1,0.642,3,0,3
0,2,3,BOM,PNQ,81,0,3.3,0.1862674070331889,1,61,A320,0,0.1245,0,8,0
18,2,8,BLR,HYD,509,0,11.2,0.22679694455202548,8,77,B737,1,0.5407,2,3,1
10,5,3,BLR,HYD,528,2,2.1,0.18579007788105092,1,45,B737,1,0.5243,2,3,1
9,4,10,CCU,DEL,1346,2,6.9,0.45443037173373657,12,63,B737,1,0.7818,4,1,1
9,1,6,DEL,GOI,1932,1,5.5,0.33133238035767915,4,50,B737,1,0.5825,1,7,1
9,6,6,MAA,BOM,987,0,10.9,0.318798402152367,20,59,A320,1,0.7275,5,0,0
17,0,6,HYD,BOM,596,2,8.7,0.2391876713102357,9,26,A320,1,0.9957,3,0,0
5,5,9,BLR,BOM,859,0,5.0,0.3425544325862223,11,31,B777,0,0.407,2,0,4
0,5,11,CCU,DEL,1306,1,2.0,0.4394548382611657,4,87,B777,0,0.4258,4,1,4
8,6,2,PNQ,BOM,158,1,12.5,0.13262314582647644,16,39,B777,1,0.873,8,0,4
4,1,7,BOM,PNQ,136,1,8.2,0.17053563363554206,7,86,B777,1,0.5182,0,8,4
22,6,9,CCU,DEL,1268,0,6.5,0.4107149950189952,2,58,ATR72,0,0.3143,4,1,3
16,4,7,DEL,CCU,1331,1,3.8,0.48575876757624015,20,86,ATR72,1,0.5943,1,4,3
12,1,4,BLR,HYD,530,1,5.1,0.21288971119758776,15,55,ATR72,0,0.3352,2,3,3
23,6,4,BOM,MAA,1063,1,4.2,0.32735846069537894,20,48,B737,1,0.4809,0,5,1
20,2,10,GOI,DEL,1925,3,7.4,0.2911637445321186,21,20,A320,1,1.0,7,1,0
3,6,6,BLR,HYD,535,2,12.5,0.14603938750061451,9,58,A321,1,0.8084,2,3,2
5,6,3,DEL,BOM,1126,1,9.2,0.33756487354930004,4,48,B777,1,0.485,1,0,4
22,4,2,BLR,BOM,844,1,10.8,0.2610579187068659,15,67,A320,1,0.5544,2,0,0
19,5,8,CCU,DEL,1299,0,6.1,0.46514386963311144,4,58,ATR72,1,0.4861,4,1,3
6,1,10,BLR,BOM,806,0,6.5,0.30092115852460427,19,87,B737,0,0.2204,2,0,1
8,4,4,BOM,HYD,583,1,7.8,0.2222748770273704,21,40,A320,1,0.6089,0,3,0
3,2,10,BLR,DEL,1692,1,3.4,0.43880088460026384,14,77,A320,0,0.4255,2,1,0
2,5,3,BOM,HYD,626,2,8.4,0.230556306102143,3,47,B737,1,0.6422,0,3,1
6,6,5,BOM,HYD,604,0,4.2,0.2335109860036944,4,43,B777,0,0.2134,0,3,4
14,0,5,HYD,BOM,633,1,7.7,0.233073473945785,15,89,B777,0,0.3432,3,0,4
8,2,11,HYD,BOM,603,1,12.6,0.2835874527331007,19,50,A321,1,0.7634,3,0,2
5,3,10,BOM,BLR,856,3,1.3,0.30857821503937544,18,50,A320,1,0.8234,0,2,0
23,6,10,BLR,BOM,833,1,7.0,0.27770455962834223,1,55,ATR72,0,0.3611,2,0,3
7,1,7,GOI,DEL,1924,1,1.3,0.365644304464543,6,64,B737,1,0.5963,7,1,1
21,6,11,HYD,BOM,657,0,6.0,0.27263987958652736,18,76,B737,0,0.2591,3,0,1
14,1,4,DEL,AMD,889,0,3.2,0.1955924424319417,9,34,ATR72,0,0.1482,1,6,3
13,4,12,DEL,CCU,1280,0,10.0,0.49511122009762665,3,33,A320,0,0.368,1,4,0
16,1,2,BOM,DEL,1111,0,2.5,0.3878718010590238,8,85,B737,0,0.1551,0,1,1
19,4,11,DEL,CCU,1279,0,10.8,0.40981188739005125,12,45,A320,1,0.5639,1,4,0
11,1,4,DEL,BLR,1698,0,3.2,0.38174719402728585,11,46,B777,0,0.2027,1,2,4
6,5,10,DEL,GOI,1936,0,9.3,0.3949495431739162,18,75,A320,0,0.408,1,7,0
2,0,12,BLR,BOM,808,1,6.0,0.27687274694647906,2,56,ATR72,0,0.3107,2,0,3
19,1,4,BOM,BLR,812,3,3.5,0.3122139209100103,10,20,A321,1,1.0,0,2,2
20,4,5,PNQ,BOM,87,0,10.2,0.1523431793443361,13,82,A321,1,0.5109,8,0,2
0,5,3,DEL,GOI,1901,2,3.1,0.30055941558818694,18,67,A320,1,0.6702,1,7,0
3,4,1,DEL,AMD,936,0,7.6,0.23102058495033356,15,25,B737,0,0.2924,1,6,1
22,5,11,DEL,AMD,882,0,6.6,0.21340505083067196,17,37,ATR72,0,0.3054,1,6,3
10,4,10,DEL,GOI,1883,0,13.8,0.3306006105208943,5,67,B777,0,0.3322,1,7,4
22,5,9,MAA,BOM,984,1,10.3,0.25946853747279225,12,52,ATR72,1,0.7038,5,0,3
8,4,1,MAA,BOM,981,1,10.5,0.30873744001258085,1,63,A321,1,0.6735,5,0,2
16,0,12,BLR,BOM,888,0,9.7,0.33958542570085304,6,82,B777,0,0.2358,2,0,4
2,3,6,BLR,BOM,817,2,3.5,0.26616723355537114,8,74,B737,1,0.6065,2,0,1
15,3,4,PNQ,BOM,107,1,12.8,0.10884880499386387,13,56,B737,1,0.5435,8,0,1
6,5,7,AMD,DEL,926,0,11.4,0.2471668106310746,14,58,B737,1,0.4989,6,1,1
0,5,2,DEL,BLR,1702,0,1.2,0.429365257944681,6,67,A321,0,0.2217,1,2,2
5,5,9,BOM,BLR,857,2,5.7,0.28318909576591,13,71,B737,1,0.7133,0,2,1
13,3,11,HYD,BOM,639,0,9.1,0.3027934324851857,2,51,B777,0,0.2211,3,0,4
23,6,2,BLR,BOM,815,1,13.8,0.2898043174104096,5,77,ATR72,1,0.5659,2,0,3
0,0,1,MAA,BOM,1062,2,7.4,0.27166866437053927,13,87,A321,1,0.5587,5,0,2
0,3,4,BOM,DEL,1162,1,6.2,0.3974673992023162,15,83,A320,0,0.409,0,1,0
20,3,3,DEL,GOI,1917,2,10.0,0.3121618156819649,11,29,B777,1,0.9749,1,7,4
9,6,3,MAA,BOM,1015,3,10.5,0.2727514963074645,14,40,A321,1,1.0,5,0,2
17,3,11,HYD,BLR,540,0,8.4,0.1642886236624789,6,72,A320,0,0.3157,3,2,0
9,6,1,DEL,AMD,917,0,7.1,0.17387146839350637,3,51,B777,0,0.2695,1,6,4
4,3,10,HYD,BLR,491,1,12.6,0.2315890634736703,12,51,A321,1,0.5426,3,2,2
19,6,9,PNQ,BOM,109,0,5.3,0.10361364403505113,18,67,B777,0,0.4914,8,0,4
2,4,2,AMD,DEL,842,2,9.8,0.2654015804119187,2,88,B777,1,0.6062,6,1,4
3,2,5,BOM,DEL,1185,0,6.5,0.3918676709068865,21,68,A320,0,0.2567,0,1,0
18,2,1,BLR,BOM,860,0,12.9,0.29678699136339315,9,39,A321,0,0.5387,2,0,2
2,4,9,BLR,DEL,1696,0,1.4,0.4184803695645857,15,83,B737,0,0.3174,2,1,1
6,5,8,HYD,BLR,513,0,13.2,0.17169452886355854,20,58,A321,0,0.5187,3,2,2
2,0,9,BLR,HYD,547,0,11.3,0.14152912598836,1,41,B737,0,0.4266,2,3,1
0,2,9,DEL,CCU,1277,2,3.3,0.40708147013857643,8,82,B737,1,0.6628,1,4,1
10,5,3,MAA,BOM,978,1,8.3,0.2947891344844463,3,50,A320,0,0.4679,5,0,0
11,6,5,BOM,DEL,1124,0,4.8,0.40862823072902255,2,26,B737,0,0.3635,0,1,1
10,2,3,BOM,HYD,615,0,6.1,0.29832414364723986,10,82,B737,0,0.1193,0,3,1
19,0,7,CCU,DEL,1300,2,6.7,0.39238805652955616,6,41,B737,1,0.877,4,1,1
1,2,9,BOM,BLR,845,0,9.8,0.27013971163126943,6,26,A320,1,0.4581,0,2,0
21,2,7,DEL,AMD,890,0,13.0,0.22239842652481515,18,59,B737,0,0.489,1,6,1
22,5,2,DEL,GOI,1873,0,4.8,0.36274390076821506,21,72,B777,0,0.2951,1,7,4
18,4,10,BLR,DEL,1724,1,3.4,0.36772093798212396,10,36,ATR72,1,0.5671,2,1,3
17,0,8,GOI,DEL,1915,0,12.0,0.3558931948614682,1,61,A320,1,0.5924,7,1,0
3,6,7,BLR,HYD,471,3,2.0,0.17730351250837,10,33,A321,1,0.8909,2,3,2
5,4,1,BOM,MAA,983,0,7.7,0.29264437621038925,11,72,B737,0,0.1671,0,5,1
1,0,11,CCU,DEL,1292,0,10.9,0.44079711675981625,1,86,A320,0,0.3763,4,1,0
11,1,10,CCU,DEL,1275,0,6.9,0.39562441142519167,17,36,A320,0,0.3282,4,1,0
7,4,7,DEL,GOI,1856,0,11.4,0.3215232732105732,15,85,B737,1,0.6286,1,7,1
21,1,1,CCU,DEL,1261,0,4.0,0.41438224912587523,13,35,B777,0,0.2858,4,1,4
5,1,6,BLR,DEL,1745,0,9.0,0.4337519315364774,13,63,A321,0,0.4235,2,1,2
7,6,4,BOM,DEL,1182,2,8.1,0.3713416575173909,17,86,A321,1,0.9485,0,1,2
22,3,9,BOM,DEL,1120,2,3.5,0.3556520427325808,17,23,B777,1,0.8923,0,1,4
10,0,5,DEL,AMD,867,3,12.3,0.23618151761459077,9,21,A321,1,1.0,1,6,2
2,2,3,BOM,HYD,625,1,6.8,0.2491140969134662,15,20,A320,0,0.4996,0,3,0
5,1,1,BLR,HYD,511,0,5.9,0.1765618694837962,17,59,A320,0,0.1706,2,3,0
11,4,9,DEL,CCU,1354,0,1.9,0.4032907522980972,4,65,B777,0,0.2613,1,4,4
3,1,7,HYD,BOM,669,0,9.8,0.23333965889408095,6,20,A320,0,0.4433,3,0,0
0,0,7,BOM,BLR,815,0,11.4,0.289580753238997,14,23,ATR72,1,0.6158,0,2,3
20,6,10,DEL,GOI,1948,0,11.1,0.3371416911993232,1,29,B737,1,0.6849,1,7,1
7,5,6,DEL,GOI,1875,0,13.1,0.37071375179356864,11,25,A320,1,0.8483,1,7,0
10,6,3,DEL,CCU,1256,3,3.8,0.44178561865221316,7,23,B737,1,0.9767,1,4,1
2,0,11,AMD,DEL,913,0,13.8,0.21698020756976796,3,34,A320,0,0.3568,6,1,0
18,3,8,BOM,PNQ,138,2,8.7,0.13445018551424615,6,63,B737,1,0.8538,0,8,1
3,4,5,DEL,CCU,1262,2,12.4,0.4857200334324534,5,35,B777,1,0.8643,1,4,4
4,6,2,CCU,DEL,1279,3,12.5,0.38082007094276454,8,87,A321,1,1.0,4,1,2
20,4,7,GOI,DEL,1946,3,12.5,0.3756563928561169,7,20,B737,1,1.0,7,1,1
23,4,7,DEL,AMD,922,2,12.2,0.1567067651540289,1,51,A321,1,0.7627,1,6,2
11,0,2,DEL,CCU,1265,2,4.3,0.4327191605828913,7,50,ATR72,1,0.5731,1,4,3
9,0,8,BLR,DEL,1779,1,5.4,0.4133106822717732,9,34,B737,1,0.6853,2,1,1
8,4,8,DEL,CCU,1345,0,6.2,0.43700035405750315,17,67,A320,1,0.5248,1,4,0
2,5,1,PNQ,BOM,90,2,5.1,0.1474161999609583,15,25,B737,1,0.759,8,0,1
0,0,12,DEL,GOI,1949,3,4.4,0.36827438396270407,11,68,A320,1,0.7973,1,7,0
6,4,12,DEL,CCU,1335,0,4.4,0.45382003914098207,17,54,A320,0,0.2815,1,4,0
3,6,12,GOI,DEL,1868,0,3.8,0.377107245862782,5,71,ATR72,0,0.2008,7,1,3
3,5,12,MAA,BOM,1046,0,1.0,0.3353151809969007,1,68,B737,0,0.1841,5,0,1
4,0,8,DEL,AMD,932,0,8.4,0.19423244033662102,1,30,B737,0,0.3477,1,6,1
14,3,12,CCU,DEL,1316,0,11.8,0.44144100093171657,13,50,A320,0,0.4266,4,1,0
14,3,5,BOM,DEL,1153,0,12.4,0.408172226598796,12,80,B737,0,0.4133,0,1,1
3,5,1,PNQ,BOM,84,1,12.3,0.1870064537020164,5,75,A321,1,0.5748,8,0,2
21,0,3,BLR,DEL,1696,1,8.9,0.42055026606631374,18,60,A321,1,0.5682,2,1,2
8,2,6,BOM,DEL,1161,0,11.3,0.3687986480095322,18,21,ATR72,1,0.8475,0,1,3
23,5,7,BOM,BLR,860,0,3.9,0.3092902278329636,19,75,ATR72,0,0.3737,0,2,3
21,6,4,DEL,BOM,1147,0,9.1,0.3821329450350243,15,62,A321,0,0.3529,1,0,2
15,4,2,MAA,BOM,1018,2,3.9,0.2968217596087969,6,64,A321,1,0.5187,5,0,2
4,0,11,BOM,PNQ,122,0,13.9,0.17829577659672802,16,69,B777,0,0.4213,0,8,4
0,5,3,BLR,BOM,799,0,12.9,0.33284997121442694,21,66,A320,0,0.4831,2,0,0
12,1,11,DEL,CCU,1334,0,6.2,0.41933786098790554,8,64,ATR72,0,0.1677,1,4,3
21,5,12,DEL,BLR,1721,0,6.4,0.44992900059042146,5,44,B777,0,0.3,1,2,4
22,3,9,PNQ,BOM,90,0,9.6,0.151312197374156,10,30,B777,0,0.3805,8,0,4
18,1,6,BOM,MAA,1025,0,9.7,0.3484285771740469,14,71,B737,1,0.5394,0,5,1
14,5,9,DEL,GOI,1908,2,2.4,0.3121751997647678,9,64,B777,1,0.6749,1,7,4
20,2,5,BOM,PNQ,78,0,11.9,0.19068963916338277,19,88,A321,1,0.5763,0,8,2
7,2,10,BOM,MAA,995,0,6.5,0.27753214321674047,7,67,ATR72,0,0.261,0,5,3
2,5,4,BOM,PNQ,169,0,6.0,0.15303327560696342,17,39,ATR72,0,0.3312,0,8,3
23,5,8,BOM,BLR,880,0,12.8,0.2949242732837971,1,40,A320,1,0.538,0,2,0
19,2,4,DEL,CCU,1290,0,5.7,0.49146651074237496,9,56,A321,0,0.3466,1,4,2
12,3,4,BOM,MAA,1007,1,3.8,0.34219095739923044,7,40,A320,0,0.4069,0,5,0
1,3,8,CCU,DEL,1350,3,5.5,0.42110407805746114,18,64,B737,1,0.9684,4,1,1
19,6,2,BOM,DEL,1132,2,13.0,0.380525539025091,15,71,B737,1,1.0,0,1,1
6,4,11,AMD,DEL,868,2,2.4,0.2562299216974124,10,50,B777,1,0.5025,6,1,4
4,3,2,BLR,DEL,1701,1,3.0,0.4383165677975618,21,80,A321,1,0.4753,2,1,2
14,4,6,BOM,HYD,650,2,9.3,0.21729224976272613,14,34,ATR72,1,0.8069,0,3,3
5,3,9,CCU,DEL,1263,1,9.0,0.39507928158323513,20,77,ATR72,1,0.658,4,1,3
10,1,8,HYD,BLR,482,1,2.8,0.22770272712616374,18,22,A321,1,0.6411,3,2,2
5,6,7,AMD,DEL,913,0,2.2,0.26159504705123443,19,48,A320,0,0.3546,6,1,0
8,4,4,MAA,BOM,1021,0,10.5,0.2620840451333959,17,79,B737,1,0.5548,5,0,1
23,2,7,BOM,MAA,996,1,13.5,0.36308436696831947,19,85,B777,1,0.7452,0,5,4
23,6,6,BOM,MAA,997,0,12.6,0.29485360020128365,8,59,ATR72,0,0.4679,0,5,3
0,3,3,BLR,HYD,518,1,11.9,0.16733154063659408,8,20,B777,1,0.6169,2,3,4
4,4,12,DEL,BLR,1741,0,9.2,0.4635250314394333,17,62,A320,0,0.3854,1,2,0
21,2,2,BLR,DEL,1739,0,13.0,0.4262318761693976,21,66,B777,0,0.4705,2,1,4
20,4,1,BLR,BOM,809,1,10.0,0.29301182736076903,18,53,B777,1,0.6672,2,0,4
6,0,3,DEL,BLR,1690,0,6.0,0.407483056958753,1,36,B777,0,0.233,1,2,4
21,2,6,BLR,DEL,1734,1,4.9,0.35554907210710607,5,86,ATR72,0,0.4422,2,1,3
14,3,1,AMD,DEL,845,0,2.9,0.2251031352680157,17,63,A320,0,0.19,6,1,0
21,1,4,AMD,DEL,909,1,2.3,0.2646771481436021,19,63,ATR72,0,0.4059,6,1,3
13,1,11,BOM,BLR,845,0,7.8,0.25398116705688817,19,87,A321,0,0.2016,0,2,2
20,0,7,DEL,GOI,1902,0,8.0,0.34919164197523767,15,26,ATR72,1,0.5897,1,7,3
5,6,6,BOM,MAA,979,0,2.5,0.33536826656571356,18,41,B777,1,0.4541,0,5,4
7,3,8,BOM,PNQ,90,1,7.9,0.18286061336487835,14,46,A320,1,0.6231,0,8,0
11,2,5,BOM,DEL,1162,2,9.1,0.36027293771897073,16,23,B737,1,0.8941,0,1,1
8,1,1,BLR,HYD,507,0,2.0,0.20510791939024364,19,74,ATR72,0,0.332,2,3,3
19,1,1,GOI,DEL,1852,2,1.1,0.36862957447514,14,28,ATR72,1,0.8975,7,1,3
7,5,4,CCU,DEL,1343,1,4.8,0.42022728138904614,9,81,B737,1,0.5681,4,1,1
10,5,6,BOM,PNQ,84,1,9.4,0.1711607727605029,21,85,ATR72,1,0.6685,0,8,3
23,3,11,BOM,PNQ,121,2,6.9,0.18174809350901402,18,83,ATR72,1,0.6227,0,8,3
21,3,10,DEL,BLR,1761,0,4.7,0.43734208002468705,6,63,ATR72,0,0.1749,1,2,3
12,4,8,DEL,BOM,1174,0,12.0,0.36158438944212357,12,26,B737,1,0.6446,1,0,1
9,6,4,DEL,GOI,1928,0,1.4,0.38238405151711935,18,39,B737,0,0.523,1,7,1
13,4,7,BOM,BLR,843,0,13.0,0.3115007776983758,21,64,A320,1,0.5246,0,2,0
2,0,2,BLR,BOM,877,0,2.2,0.3420886157830195,15,57,ATR72,0,0.1868,2,0,3
19,3,3,BLR,HYD,523,0,11.8,0.14115953930487984,1,71,A320,0,0.4065,2,3,0
3,3,10,CCU,DEL,1286,1,9.0,0.4589668462780503,20,81,B737,1,0.5836,4,1,1
10,0,10,BOM,BLR,842,0,8.4,0.29373048264283247,4,49,B777,0,0.2175,0,2,4
13,2,7,DEL,CCU,1302,0,4.2,0.45636165855983,10,37,A321,0,0.3525,1,4,2
17,2,6,PNQ,BOM,113,0,12.5,0.1012554507365516,10,20,A320,1,0.6905,8,0,0
16,2,5,BOM,HYD,621,1,6.9,0.25472460421002874,11,71,A320,0,0.3519,0,3,0
7,4,12,HYD,BOM,632,0,11.8,0.2350214895466926,14,72,B737,1,0.494,3,0,1
2,5,6,HYD,BOM,595,0,10.2,0.25849508839285473,4,40,A320,1,0.5234,3,0,0
3,0,10,DEL,AMD,860,1,8.9,0.20604734821735018,8,48,B777,0,0.3824,1,6,4
23,1,12,DEL,GOI,1899,3,9.1,0.3816968450474876,10,86,ATR72,1,0.8527,1,7,3
14,5,11,BOM,PNQ,83,0,13.6,0.16949674606058468,17,42,ATR72,1,0.5378,0,8,3
12,2,12,PNQ,BOM,168,2,14.0,0.10641144395957905,8,43,B777,1,0.7626,8,0,4
17,1,4,BLR,BOM,848,1,5.9,0.30655602934580406,1,82,A321,1,0.4726,2,0,2
12,0,1,DEL,AMD,853,0,2.2,0.1936448398823113,16,29,B777,0,0.3275,1,6,4
3,1,8,AMD,DEL,862,0,9.5,0.1743396694156052,2,66,A320,0,0.2697,6,1,0
17,6,2,PNQ,BOM,93,1,3.6,0.15682594372081746,8,53,B737,0,0.5127,8,0,1
21,3,6,BOM,DEL,1184,0,12.5,0.33664907951747663,7,32,A320,0,0.5047,0,1,0
14,3,2,HYD,BLR,536,1,13.0,0.22164640593918386,12,36,B737,1,0.6087,3,2,1
5,5,4,CCU,DEL,1269,0,8.0,0.43931059551121643,7,70,B737,0,0.2257,4,1,1
14,1,10,DEL,AMD,870,0,8.6,0.206175545254439,11,32,A321,0,0.3025,1,6,2
2,2,7,DEL,BLR,1766,3,3.4,0.40512783724511414,9,59,B737,1,0.8621,1,2,1
21,5,1,DEL,BLR,1692,0,13.8,0.4131061244290789,11,57,ATR72,0,0.4652,1,2,3
15,3,2,BOM,DEL,1178,0,3.4,0.33047998248173704,17,57,A320,0,0.2322,0,1,0
6,2,4,BLR,HYD,479,1,12.8,0.13854886373515712,9,60,ATR72,0,0.4554,2,3,3
1,2,4,GOI,DEL,1890,1,11.9,0.31603781215565696,21,29,B737,1,0.7764,7,1,1
23,2,1,DEL,CCU,1322,1,4.3,0.4311205359328308,20,25,B777,1,0.6224,1,4,4
8,2,10,DEL,BOM,1131,2,4.1,0.36936348407276476,18,68,A320,1,0.7977,1,0,0
13,5,1,AMD,DEL,905,1,9.8,0.2036078387742238,16,35,A320,1,0.6014,6,1,0
19,6,11,BOM,HYD,651,0,4.5,0.20948304388441014,6,69,ATR72,0,0.2838,0,3,3
18,2,8,AMD,DEL,937,1,8.6,0.26586977413653984,19,62,B777,1,0.7563,6,1,4
17,0,8,AMD,DEL,902,1,5.1,0.22395065739842956,4,32,B777,1,0.6096,6,1,4
19,4,4,DEL,AMD,917,2,10.4,0.15221286744215817,15,84,B737,1,0.8609,1,6,1
2,6,10,HYD,BOM,647,0,3.9,0.31712187899607824,16,61,B777,0,0.2768,3,0,4
21,0,6,BLR,DEL,1735,1,3.3,0.39642704049639604,4,23,A320,1,0.6086,2,1,0
1,0,7,BOM,PNQ,126,2,8.4,0.16815350002084706,9,77,ATR72,1,0.7173,0,8,3
2,2,9,BLR,DEL,1788,0,13.5,0.3682694812711383,7,38,B737,1,0.5173,2,1,1
12,4,9,DEL,AMD,881,0,4.2,0.188430018756052,8,60,A320,0,0.1754,1,6,0
2,4,3,HYD,BOM,667,0,6.6,0.2701702984176349,2,78,B777,0,0.1081,3,0,4
19,4,7,BLR,HYD,467,2,4.9,0.15574112301967052,5,64,ATR72,1,0.7123,2,3,3
3,4,8,PNQ,BOM,117,0,12.1,0.11471450700302935,9,37,A320,0,0.4659,8,0,0
8,0,7,BLR,HYD,515,2,13.2,0.1635694142310384,2,37,B737,1,0.9854,2,3,1
16,2,4,MAA,BOM,1024,0,9.1,0.26737988571352395,2,83,A320,0,0.207,5,0,0
18,0,10,MAA,BOM,981,0,1.6,0.2507252428015144,15,34,ATR72,0,0.3703,5,0,3
11,0,2,BOM,DEL,1144,1,12.6,0.3654544206264328,21,45,ATR72,1,0.6462,0,1,3
20,5,5,BOM,DEL,1099,1,7.6,0.4002213368408325,9,70,B777,1,0.5601,0,1,4
4,1,11,MAA,BOM,1032,1,6.0,0.3270898404318803,12,21,B737,1,0.5308,5,0,1
21,0,8,CCU,DEL,1275,0,3.6,0.41880276183415144,8,41,A320,0,0.3375,4,1,0
9,4,11,GOI,DEL,1919,0,10.9,0.3425886644330484,18,34,B737,1,0.657,7,1,1
6,3,12,MAA,BOM,1003,0,9.0,0.2565590864664637,6,30,ATR72,0,0.2726,5,0,3
18,2,5,HYD,BOM,668,1,5.2,0.2546967075624484,18,31,ATR72,1,0.6219,3,0,3
10,4,12,AMD,DEL,864,0,7.1,0.1726770585703128,4,25,B737,0,0.2191,6,1,1
15,2,2,HYD,BOM,639,0,11.2,0.3191507688278502,14,38,A321,0,0.4477,3,0,2
4,1,9,AMD,DEL,846,1,5.9,0.2627732279783004,18,40,A321,1,0.5751,6,1,2
7,2,4,DEL,CCU,1286,0,13.1,0.45517508829395514,7,63,B737,1,0.5321,1,4,1
19,4,7,DEL,AMD,933,0,2.6,0.24381183305967025,9,45,ATR72,0,0.3475,1,6,3
18,1,6,HYD,BLR,497,2,8.3,0.2261362718956567,4,38,ATR72,1,0.9105,3,2,3
3,0,12,DEL,AMD,881,3,3.4,0.2364803808740171,11,40,B737,1,0.8146,1,6,1
17,1,3,BLR,DEL,1690,1,12.5,0.4217290681470571,16,20,A321,1,0.9687,2,1,2
23,4,1,DEL,BOM,1189,2,3.8,0.3802929841374276,5,51,ATR72,1,0.5521,1,0,3
19,0,5,CCU,DEL,1332,1,8.2,0.42046554179046663,7,36,B737,1,0.6882,4,1,1
5,2,12,PNQ,BOM,127,1,9.0,0.11855876797940565,16,79,A321,1,0.4974,8,0,2
2,1,12,HYD,BOM,617,1,12.5,0.26232884884198365,20,21,A320,1,0.7549,3,0,0
8,2,11,DEL,CCU,1277,2,11.7,0.4972583032551332,1,60,ATR72,1,0.9489,1,4,3
2,3,11,BOM,MAA,974,2,3.4,0.28984007292457165,6,82,A320,0,0.5159,0,5,0
1,2,9,BOM,BLR,853,1,12.6,0.26260705023271236,21,31,ATR72,1,0.775,0,2,3
19,0,5,BOM,DEL,1157,0,2.5,0.3440899638073126,10,83,ATR72,0,0.2876,0,1,3
6,5,10,BOM,HYD,657,0,12.6,0.29983031557339584,9,22,B777,1,0.5199,0,3,4
23,3,4,BLR,HYD,512,1,4.4,0.15219156227133024,11,48,B777,0,0.3109,2,3,4
14,2,4,HYD,BLR,483,0,5.6,0.173755725356045,19,68,ATR72,0,0.1695,3,2,3
9,0,9,DEL,BLR,1777,3,5.7,0.40941332428283117,16,42,A321,1,1.0,1,2,2
16,5,4,BOM,HYD,647,0,7.7,0.25385088730141137,9,27,B777,0,0.3015,0,3,4
8,2,1,BOM,HYD,613,1,2.7,0.26223132974558777,14,28,A321,1,0.6549,0,3,2
16,1,3,BOM,MAA,1003,0,11.3,0.2879353359264552,16,45,A320,0,0.4152,0,5,0
14,5,10,DEL,GOI,1947,0,13.3,0.32917238871803606,5,34,ATR72,0,0.4517,1,7,3
10,2,6,BOM,DEL,1120,1,4.5,0.4190314208320651,9,66,A321,0,0.4676,0,1,2
12,0,1,PNQ,BOM,128,0,8.2,0.16870566539903664,18,77,A320,0,0.3175,8,0,0
12,5,4,HYD,BLR,549,0,6.4,0.16191615537379653,14,65,A320,0,0.1648,3,2,0
18,5,3,AMD,DEL,920,1,3.4,0.26095255593623295,15,49,B737,1,0.5544,6,1,1
12,0,7,DEL,BLR,1785,1,5.7,0.4149480158674915,13,47,A321,0,0.516,1,2,2
1,2,6,HYD,BLR,450,0,2.9,0.23548392096765597,1,70,B737,0,0.1942,3,2,1
22,4,9,BOM,DEL,1195,3,11.3,0.3790111476636455,5,59,B777,1,1.0,0,1,4
12,0,4,DEL,AMD,889,1,11.4,0.23793234248697198,18,36,ATR72,1,0.6652,1,6,3
2,2,6,DEL,BOM,1121,0,4.7,0.3262315850165534,1,46,A320,0,0.2305,1,0,0
9,6,12,DEL,GOI,1874,1,10.9,0.38764856130873654,13,33,B737,1,0.8751,1,7,1
4,0,6,BOM,BLR,873,1,6.1,0.3189757814973154,21,62,B737,1,0.5276,0,2,1
2,1,3,HYD,BLR,543,2,5.1,0.2217465344510961,4,29,A321,1,0.6387,3,2,2
3,0,4,BLR,HYD,478,2,3.8,0.13590104702230005,2,78,A321,0,0.4544,2,3,2
0,6,12,BLR,BOM,835,3,6.1,0.31245586359173944,16,46,A320,1,0.875,2,0,0
11,2,1,BOM,BLR,826,0,10.5,0.31310120604856695,8,67,A321,0,0.3252,0,2,2
4,6,11,BOM,HYD,643,0,8.8,0.21602934738208288,20,52,A321,0,0.3364,0,3,2
18,2,5,BLR,BOM,857,2,11.8,0.27538775483056543,8,32,B777,1,0.9302,2,0,4
12,5,8,MAA,BOM,979,0,9.5,0.3027520175294209,13,72,ATR72,0,0.4211,5,0,3
7,5,3,BOM,MAA,1024,0,7.6,0.33650317617021314,8,24,B737,1,0.4846,0,5,1
16,5,9,MAA,BOM,1038,0,6.7,0.2752960494457629,16,55,B737,0,0.3601,5,0,1
22,2,10,BOM,BLR,858,0,3.1,0.23977041036905938,18,88,B777,0,0.1959,0,2,4
2,1,9,HYD,BOM,588,2,4.0,0.3048736327753968,13,68,A321,1,0.6719,3,0,2
3,0,5,BLR,DEL,1774,2,3.8,0.3603749424575352,2,34,B737,1,0.6141,2,1,1
20,6,5,BLR,DEL,1717,1,1.3,0.4150323323117406,7,85,A320,1,0.566,2,1,0
7,2,9,BOM,PNQ,169,0,12.2,0.11507324072964703,2,30,A320,1,0.616,0,8,0
17,5,7,DEL,BLR,1761,0,3.5,0.45507077917284977,19,46,ATR72,1,0.582,1,2,3
0,5,9,HYD,BOM,588,0,9.4,0.2550718509454251,11,52,ATR72,0,0.402,3,0,3
19,3,1,HYD,BOM,643,3,13.1,0.2962232562044193,5,54,A321,1,1.0,3,0,2
17,0,3,BLR,BOM,820,0,8.9,0.25401986912578767,14,67,B737,0,0.4016,2,0,1
18,6,8,BOM,HYD,647,1,8.5,0.20308971225713154,6,70,ATR72,1,0.6812,0,3,3
3,4,2,BOM,BLR,884,0,4.7,0.32104716261712846,3,69,B737,0,0.1284,0,2,1
11,2,2,DEL,AMD,860,2,10.6,0.21939870698193195,9,61,A320,1,0.6878,1,6,0
6,6,8,BOM,MAA,990,0,11.7,0.2975922553068103,19,57,ATR72,1,0.569,0,5,3
22,5,1,CCU,DEL,1284,0,2.3,0.4218993685310231,19,61,B737,0,0.3188,4,1,1
5,0,12,BOM,DEL,1166,0,7.8,0.34348748464080475,10,48,B737,0,0.1374,0,1,1
2,6,4,DEL,CCU,1292,0,12.8,0.4019299132226985,8,56,B777,0,0.4108,1,4,4
21,4,5,BOM,HYD,658,0,13.8,0.27704893585012963,18,79,B777,0,0.4108,0,3,4
7,4,11,BOM,HYD,657,0,6.8,0.22443672285277066,8,72,ATR72,0,0.2398,0,3,3
20,1,1,BLR,HYD,501,1,2.6,0.1625979043768812,20,49,A320,1,0.515,2,3,0
18,5,10,BLR,HYD,493,0,10.7,0.15816006102352514,17,24,ATR72,1,0.7133,2,3,3
17,6,8,DEL,GOI,1895,1,8.3,0.39746092108632414,1,28,ATR72,1,0.909,1,7,3
15,1,4,DEL,AMD,915,0,11.2,0.17967062891698998,5,22,B737,0,0.4219,1,6,1
20,3,11,AMD,DEL,867,0,2.4,0.26382353222556326,19,64,B737,0,0.3555,6,1,1
1,0,11,BLR,DEL,1720,0,9.4,0.3856248253087584,4,59,B737,0,0.2542,2,1,1
4,4,4,BLR,HYD,471,0,6.4,0.1733543102803801,8,57,ATR72,0,0.0693,2,3,3
17,5,10,BLR,BOM,885,0,7.8,0.30904037256539063,11,72,B737,0,0.3736,2,0,1
18,1,9,BOM,PNQ,156,1,11.8,0.18805824431209667,19,82,A321,1,0.8752,0,8,2
23,4,2,PNQ,BOM,86,2,5.3,0.18448890262149537,10,56,B777,0,0.5238,8,0,4
3,6,7,MAA,BOM,1002,2,13.1,0.3376296640491485,13,72,A320,1,0.9351,5,0,0
10,5,9,BLR,BOM,824,0,10.8,0.3292700450561319,7,55,B777,1,0.4817,2,0,4
16,1,10,BOM,HYD,605,2,2.3,0.2069591847396309,1,64,B777,0,0.4828,0,3,4
11,5,6,DEL,GOI,1872,0,5.6,0.32565732259900465,14,70,B777,0,0.3303,1,7,4
10,3,6,GOI,DEL,1893,2,7.8,0.29369968286189674,3,39,A320,1,0.6875,7,1,0
16,6,3,DEL,GOI,1927,0,8.0,0.3517740657104462,17,60,A321,0,0.2907,1,7,2
1,5,9,DEL,BLR,1772,1,2.9,0.4537636988682872,13,58,ATR72,1,0.5815,1,2,3
5,3,9,HYD,BLR,484,0,6.7,0.20763969864937395,7,29,A320,0,0.3331,3,2,0
23,3,3,BOM,BLR,834,0,11.4,0.2577538986143969,13,44,A321,0,0.4231,0,2,2
15,2,7,DEL,GOI,1856,0,12.7,0.3304443448990374,13,31,A320,1,0.5522,1,7,0
14,2,8,AMD,DEL,897,1,12.6,0.23365444885767242,1,60,B777,1,0.5935,6,1,4
23,2,1,DEL,BOM,1110,1,4.2,0.3768032454254082,15,58,B737,0,0.4007,1,0,1
15,1,1,BOM,PNQ,138,1,11.1,0.1042936154867717,19,76,B737,1,0.5917,0,8,1
12,4,8,BLR,HYD,492,0,3.7,0.15387008046989784,12,28,B777,0,0.3615,2,3,4
7,6,11,GOI,DEL,1911,0,1.6,0.3677941563999606,13,65,B777,0,0.3971,7,1,4
6,2,1,BLR,BOM,842,2,5.2,0.3093237721565417,18,20,A321,1,0.7737,2,0,2
0,3,6,BLR,DEL,1697,0,5.2,0.3682887650896553,16,75,A320,0,0.3473,2,1,0
19,1,2,CCU,DEL,1290,0,5.7,0.3929096349859633,7,66,A321,0,0.3072,4,1,2
2,4,2,BOM,DEL,1109,0,1.3,0.33402812581662716,9,68,ATR72,0,0.1336,0,1,3
18,6,3,BLR,HYD,544,3,11.1,0.21748819674421443,11,57,B737,1,1.0,2,3,1
18,2,11,DEL,BOM,1117,0,3.4,0.36608950539389273,8,26,B777,0,0.4464,1,0,4
8,6,11,HYD,BLR,522,1,5.8,0.1704070284780257,19,51,ATR72,1,0.5682,3,2,3
2,3,8,DEL,AMD,879,0,11.1,0.15520523983673074,12,84,A320,0,0.4121,1,6,0
10,4,11,MAA,BOM,1046,0,2.0,0.3180061395747956,12,60,ATR72,0,0.1772,5,0,3
20,2,9,HYD,BLR,494,1,13.6,0.15972883087170686,9,34,B777,1,0.7839,3,2,4
18,5,12,MAA,BOM,1052,0,13.9,0.33972965885332945,12,58,A321,1,0.5859,5,0,2
17,2,3,DEL,CCU,1285,0,6.1,0.480376069488048,19,32,ATR72,0,0.5122,1,4,3
21,4,3,CCU,DEL,1334,2,13.9,0.39681907844282543,15,51,A320,1,0.8087,4,1,0
22,6,12,BLR,DEL,1774,0,8.8,0.4134953712972289,18,82,B737,0,0.4154,2,1,1
15,4,5,GOI,DEL,1878,2,8.6,0.30148711738491346,19,54,B737,1,0.7206,7,1,1
1,4,2,BOM,BLR,796,3,4.4,0.2512850770959914,17,71,A321,1,0.8005,0,2,2
4,0,1,DEL,CCU,1279,0,5.3,0.4870047996606392,16,38,A321,0,0.3648,1,4,2
18,5,4,DEL,BLR,1737,1,10.8,0.4030702788399311,21,50,A320,1,0.8612,1,2,0
0,5,7,HYD,BOM,576,0,13.9,0.2522497218356694,17,30,A320,1,0.6209,3,0,0
1,3,2,PNQ,BOM,161,0,7.1,0.18562591980273813,20,41,B777,0,0.2943,8,0,4
21,0,5,MAA,BOM,1041,0,6.2,0.2860806826245751,11,30,B777,0,0.2344,5,0,4
16,5,1,BOM,HYD,644,0,8.9,0.2239464779534467,5,49,A320,0,0.2396,0,3,0
6,5,6,BLR,HYD,483,0,7.8,0.18996401440689661,6,27,A321,0,0.376,2,3,2
1,4,9,BOM,DEL,1160,3,8.4,0.3742605029780933,16,25,A320,1,1.0,0,1,0
14,1,9,CCU,DEL,1318,0,2.9,0.478503384500596,7,25,A320,0,0.4414,4,1,0
3,4,6,HYD,BLR,541,0,2.9,0.156809744776661,1,32,A321,0,0.2327,3,2,2
21,5,11,DEL,AMD,925,2,1.6,0.1923058809196725,6,76,ATR72,1,0.5269,1,6,3
9,6,12,HYD,BOM,580,0,11.9,0.3135974084710724,21,84,B777,1,0.6254,3,0,4
2,0,4,HYD,BOM,626,0,4.5,0.2967937551618011,16,42,B737,0,0.2887,3,0,1
11,3,12,DEL,BOM,1149,2,4.3,0.33811476533610507,8,81,B777,1,0.5352,1,0,4
11,2,2,DEL,AMD,872,0,11.8,0.15451677564974778,21,68,A320,0,0.3618,1,6,0
22,4,5,BLR,HYD,503,0,4.2,0.21636964590026922,14,33,A320,0,0.2065,2,3,0
18,5,10,DEL,BOM,1169,1,7.4,0.3640621549057689,5,51,A320,1,0.5456,1,0,0
7,4,5,MAA,BOM,1042,1,9.9,0.2717155333491065,12,28,A320,1,0.7587,5,0,0
12,6,6,PNQ,BOM,143,0,3.6,0.1818302742009773,19,50,B737,0,0.3727,8,0,1
0,6,10,BLR,BOM,874,0,8.2,0.3279711525180385,1,58,B737,0,0.2812,2,0,1
0,2,8,CCU,DEL,1328,1,3.2,0.41454463858055135,4,46,B737,1,0.4658,4,1,1
18,5,7,AMD,DEL,915,1,3.5,0.20025039603514116,4,26,B737,1,0.7301,6,1,1
11,1,9,HYD,BOM,663,2,7.6,0.2743701419644918,17,45,ATR72,1,0.7097,3,0,3
12,2,8,BOM,MAA,1057,1,13.8,0.3138418864701912,17,51,A321,1,0.7255,0,5,2
15,1,2,DEL,BLR,1705,1,4.6,0.4398571485130732,10,42,B737,0,0.4459,1,2,1
20,1,5,GOI,DEL,1878,1,3.0,0.3111442524332299,5,27,B737,1,0.6245,7,1,1
16,0,5,GOI,DEL,1859,0,2.5,0.32337270626460163,21,74,A321,0,0.2293,7,1,2
7,2,9,HYD,BOM,599,0,12.3,0.2501398377417183,4,89,B777,1,0.5501,3,0,4
22,4,1,DEL,BLR,1746,0,8.4,0.40984251687394635,19,58,A321,0,0.3639,1,2,2
12,1,4,HYD,BLR,463,2,6.3,0.2079640954999673,14,47,B737,0,0.5332,3,2,1
3,4,2,PNQ,BOM,72,3,12.4,0.14800435552980984,3,21,A320,1,1.0,8,0,0
9,0,11,DEL,AMD,908,0,6.9,0.22144484939393952,20,42,A321,0,0.4086,1,6,2
8,6,7,BOM,MAA,1022,1,13.6,0.35092812643714333,1,78,ATR72,1,0.8404,0,5,3
0,1,7,DEL,AMD,876,0,5.5,0.21757847536712316,14,30,A321,0,0.307,1,6,2
12,6,12,HYD,BOM,597,0,10.8,0.24190666163123792,4,79,ATR72,0,0.3468,3,0,3
3,5,4,DEL,GOI,1875,0,10.0,0.36301855690545726,5,68,B737,0,0.2952,1,7,1
3,4,4,BOM,HYD,663,0,13.1,0.2737124965897477,2,22,A320,0,0.4595,0,3,0
15,4,2,BOM,HYD,666,1,5.7,0.2988760405894262,15,67,A321,0,0.3696,0,3,2
20,0,8,GOI,DEL,1871,0,9.4,0.3009578481938338,7,60,ATR72,1,0.4704,7,1,3
7,5,5,BOM,BLR,887,0,4.0,0.3223593630461328,17,49,A321,0,0.4289,0,2,2
16,4,10,HYD,BOM,597,1,11.1,0.2807028654384547,20,39,B737,1,0.6823,3,0,1
23,0,9,BOM,DEL,1101,0,13.2,0.3793984884692086,7,51,ATR72,0,0.4518,0,1,3
13,4,8,DEL,CCU,1298,1,2.0,0.40686009848951454,10,85,B737,0,0.4627,1,4,1
11,3,12,BLR,DEL,1782,0,3.5,0.41517744788191036,2,53,A320,0,0.1661,2,1,0
13,3,10,PNQ,BOM,148,0,13.0,0.12258354395041454,20,34,A320,0,0.469,8,0,0
12,3,8,PNQ,BOM,106,0,4.2,0.1471839289856542,14,48,A320,0,0.2589,8,0,0
1,5,3,AMD,DEL,869,2,11.8,0.23875824434076875,16,47,ATR72,1,0.8455,6,1,3
0,6,6,BLR,HYD,469,3,1.6,0.17411435993690766,7,55,A320,1,0.8196,2,3,0
23,6,5,BLR,DEL,1784,2,8.9,0.3888393180383887,12,75,A321,1,0.7555,2,1,2
4,4,6,DEL,CCU,1341,2,9.7,0.48424520760986567,20,84,A320,1,0.8937,1,4,0
12,3,5,DEL,BOM,1110,1,10.6,0.3259098205382111,21,73,A321,1,0.6304,1,0,2
11,0,11,BLR,HYD,473,1,12.1,0.2239218494877685,8,47,A321,0,0.4896,2,3,2
5,4,11,BOM,DEL,1132,0,11.4,0.36964754287233875,13,35,B777,1,0.4679,0,1,4
22,5,3,BOM,MAA,1055,1,7.6,0.2903160038364209,1,38,ATR72,0,0.4361,0,5,3
3,0,8,BLR,HYD,476,2,9.3,0.22050265974431982,14,75,B777,1,0.7382,2,3,4
17,1,6,DEL,BOM,1149,2,5.0,0.3654393364830575,10,88,A320,1,0.7962,1,0,0
2,2,4,BOM,MAA,1038,1,11.5,0.30838749534342774,7,52,A320,1,0.5234,0,5,0
22,2,3,DEL,BOM,1114,0,3.5,0.3689274382461614,7,85,A320,0,0.1476,1,0,0
22,5,7,BOM,MAA,1064,1,2.1,0.35903091977745644,4,27,B737,1,0.6436,0,5,1
2,6,2,HYD,BLR,450,0,2.4,0.17636591143316066,5,37,B737,0,0.1905,3,2,1
9,0,1,BOM,DEL,1130,2,13.1,0.35255031025209627,12,74,B737,1,0.941,0,1,1
1,1,9,BLR,BOM,831,2,8.4,0.336745095538886,20,37,ATR72,1,0.9047,2,0,3
2,1,8,BLR,DEL,1707,0,9.3,0.3957002309376941,21,80,A321,0,0.4583,2,1,2
6,5,11,DEL,BLR,1768,0,3.4,0.4260508734077973,13,22,B777,0,0.4204,1,2,4
16,5,11,BLR,BOM,832,0,7.3,0.29689428434408155,2,48,ATR72,0,0.1688,2,0,3
9,1,5,DEL,BLR,1698,1,8.4,0.3735674416360532,4,77,A320,1,0.5994,1,2,0
2,6,7,CCU,DEL,1287,0,4.5,0.4784865940344843,14,27,A321,1,0.5414,4,1,2
21,4,11,DEL,AMD,853,2,10.2,0.24816094273320144,17,67,A321,1,0.7993,1,6,2
4,3,6,DEL,GOI,1867,0,2.0,0.3596639199933454,10,60,A320,0,0.2439,1,7,0
7,5,2,DEL,AMD,884,0,3.1,0.15473499773268395,4,69,A320,0,0.2619,1,6,0
3,6,7,BLR,BOM,852,0,4.8,0.3023698386271309,4,44,B777,0,0.3409,2,0,4
11,1,9,BOM,HYD,650,1,6.5,0.2510852364963798,7,20,A321,1,0.5504,0,3,2
21,6,9,BOM,MAA,1053,2,8.3,0.3052076479809099,8,83,ATR72,1,0.7721,0,5,3
3,4,9,BOM,MAA,1037,3,3.3,0.3246421424213939,12,30,ATR72,1,0.9499,0,5,3
15,1,4,AMD,DEL,849,0,12.3,0.2638883315070567,15,28,B737,0,0.5056,6,1,1
23,5,6,PNQ,BOM,85,2,12.6,0.10868344062945831,21,39,A321,1,1.0,8,0,2
2,1,9,HYD,BOM,639,0,1.2,0.31939977334136715,2,25,A321,0,0.3778,3,0,2
13,6,5,BLR,HYD,539,3,5.7,0.14519060509889395,3,57,B777,1,0.7081,2,3,4
20,5,2,BOM,DEL,1195,1,3.4,0.41001582366647965,3,66,B777,1,0.564,0,1,4
4,1,9,PNQ,BOM,113,0,2.0,0.1638354602708283,19,61,ATR72,0,0.3155,8,0,3
10,5,2,BLR,HYD,473,0,6.3,0.1950574791109346,9,29,B777,0,0.278,2,3,4
10,2,1,BOM,MAA,1022,0,10.6,0.310170953341334,9,75,A320,0,0.3241,0,5,0
0,2,10,BLR,BOM,857,0,10.0,0.2565171995897207,5,48,A321,0,0.2026,2,0,2
3,0,9,HYD,BLR,514,2,3.1,0.19474884331494713,16,77,B737,1,0.6779,3,2,1
15,2,11,BOM,DEL,1178,0,10.6,0.3329593603559936,14,43,A321,0,0.4532,0,1,2
16,3,10,BOM,HYD,605,2,4.0,0.25533924402297636,7,31,A320,1,0.5721,0,3,0
16,4,1,DEL,BOM,1184,1,7.8,0.3834737954776967,3,35,A320,0,0.4234,1,0,0
22,1,6,MAA,BOM,999,0,1.0,0.3219830311749954,15,61,A321,0,0.2788,5,0,2
0,1,6,BLR,HYD,462,0,9.7,0.22791764972000583,6,42,B737,0,0.3612,2,3,1
22,3,9,BLR,HYD,450,2,1.1,0.21616571554970482,6,88,A321,1,0.5865,2,3,2
17,5,5,BOM,BLR,873,1,6.2,0.2723416709306272,18,86,ATR72,1,0.6089,0,2,3
0,3,9,DEL,CCU,1334,1,12.7,0.4829132029648398,12,41,B777,1,0.8132,1,4,4
23,4,5,DEL,GOI,1889,2,13.0,0.342749387199432,10,64,A321,1,0.7371,1,7,2
0,1,11,BOM,BLR,840,0,13.1,0.2550571291422148,7,34,B737,0,0.372,0,2,1
21,6,7,BLR,DEL,1690,0,8.2,0.3520748873740379,19,22,ATR72,1,0.6408,2,1,3
17,1,6,CCU,DEL,1337,1,6.8,0.38918333078551604,12,78,ATR72,1,0.6557,4,1,3
3,1,1,BLR,BOM,843,3,8.7,0.3224709487464378,9,35,A321,1,0.899,2,0,2
13,3,12,HYD,BLR,487,1,6.9,0.1740763489348887,3,85,A321,0,0.2696,3,2,2
7,0,10,CCU,DEL,1351,0,7.2,0.4666415129524824,10,23,ATR72,0,0.4867,4,1,3
7,6,12,BOM,DEL,1120,1,10.8,0.42709402836729515,18,84,A320,1,0.8708,0,1,0
19,4,10,DEL,BLR,1727,1,7.8,0.38841804614846265,19,71,ATR72,1,0.6054,1,2,3
8,3,2,DEL,AMD,896,0,2.2,0.16907504031233814,8,82,A320,0,0.2176,1,6,0
7,2,3,GOI,DEL,1922,1,5.6,0.35516307935672675,13,27,B777,1,0.6921,7,1,4
16,6,9,DEL,AMD,893,0,13.2,0.21628030863757358,8,37,ATR72,0,0.5065,1,6,3
8,5,8,BOM,MAA,1052,1,12.6,0.3424460423251412,11,57,ATR72,1,0.887,0,5,3
3,4,2,BLR,HYD,458,2,10.2,0.1361347557962646,14,36,ATR72,1,0.7745,2,3,3
14,2,12,GOI,DEL,1935,2,13.1,0.358877423637543,20,56,A321,1,0.8436,7,1,2
3,4,7,HYD,BLR,519,3,4.7,0.20973145402967294,14,65,ATR72,1,0.8339,3,2,3
0,4,9,BOM,BLR,803,1,10.8,0.25424220950060744,6,74,B777,1,0.6017,0,2,4
0,1,1,BLR,HYD,509,2,12.9,0.21967513646130649,7,63,B777,1,0.6879,2,3,4
1,4,7,BLR,DEL,1735,2,8.7,0.3621203277371693,3,44,A321,1,0.8148,2,1,2
22,6,8,BLR,DEL,1726,0,9.6,0.4459689219114014,12,27,A321,1,0.6284,2,1,2
17,1,9,AMD,DEL,909,0,9.2,0.2560287264814549,4,75,ATR72,0,0.4524,6,1,3
1,2,9,MAA,BOM,1005,0,4.8,0.2629526609900352,1,21,A321,0,0.3552,5,0,2
9,2,10,BOM,PNQ,149,2,4.4,0.12100529201793052,18,64,A320,1,0.7484,0,8,0
5,0,6,GOI,DEL,1931,0,8.1,0.35026394640066844,10,70,A320,0,0.3401,7,1,0
9,1,3,BLR,BOM,893,0,5.2,0.31087304825848483,13,38,ATR72,0,0.3943,2,0,3
3,0,6,DEL,AMD,876,0,3.5,0.23610550912175915,4,63,A321,0,0.1944,1,6,2
3,0,12,HYD,BLR,467,0,8.0,0.1977306418189748,18,25,A321,0,0.3291,3,2,2
0,4,1,BOM,BLR,802,2,3.6,0.2501443964629682,9,24,ATR72,1,0.6501,0,2,3
23,4,1,BOM,DEL,1100,1,10.3,0.3747368477991872,20,50,B737,1,0.6499,0,1,1
9,2,4,BOM,HYD,578,0,11.7,0.2911085131574049,7,27,A320,1,0.6164,0,3,0
20,2,11,CCU,DEL,1285,0,13.8,0.4264195622421631,13,78,A321,1,0.5706,4,1,2
23,2,6,DEL,CCU,1335,1,7.9,0.40831936768515076,11,46,B737,1,0.5133,1,4,1
20,2,3,DEL,CCU,1288,0,13.2,0.44587555319894545,18,22,A320,1,0.7784,1,4,0
10,2,8,BOM,PNQ,138,0,1.5,0.17931106750282208,4,27,ATR72,0,0.3717,0,8,3
19,1,2,DEL,BOM,1140,0,1.9,0.3767506695395364,14,82,A321,0,0.3507,1,0,2
19,0,3,BLR,HYD,495,0,10.9,0.20842947047887264,8,74,A321,0,0.4334,2,3,2
14,4,6,GOI,DEL,1894,1,5.4,0.32281494419923523,14,34,B777,1,0.5491,7,1,4
19,2,10,DEL,CCU,1333,0,6.9,0.4825853434338965,8,86,A321,0,0.343,1,4,2
3,0,12,BOM,BLR,830,0,12.5,0.2994479741953393,17,81,B737,0,0.4198,0,2,1
19,5,6,HYD,BLR,456,0,9.5,0.21446890216377804,20,73,B737,1,0.5858,3,2,1
23,6,9,BOM,DEL,1100,2,9.4,0.33331964861054697,16,48,B737,1,0.8833,0,1,1
9,6,9,DEL,BOM,1124,1,6.7,0.3250546058931128,16,45,A321,1,0.73,1,0,2
1,6,9,HYD,BOM,621,2,10.0,0.24207003996555673,8,78,B737,1,0.7468,3,0,1
16,4,4,BOM,PNQ,98,1,11.7,0.11781325969966998,11,50,ATR72,1,0.5471,0,8,3
21,2,8,HYD,BLR,525,1,5.5,0.20642589771401376,12,68,A320,0,0.4326,3,2,0
21,0,11,GOI,DEL,1932,0,5.7,0.3450156220738494,5,55,ATR72,0,0.138,7,1,3
12,3,4,BLR,DEL,1763,0,4.2,0.4188730357606324,3,50,A321,0,0.1675,2,1,2
14,2,3,DEL,AMD,859,0,7.0,0.21042409640970988,9,22,A321,0,0.2342,1,6,2
12,5,1,DEL,GOI,1851,0,4.3,0.3400694431592782,2,56,A320,0,0.186,1,7,0
18,0,10,MAA,BOM,1015,3,8.6,0.27565326176109783,20,23,ATR72,1,1.0,5,0,3
4,1,6,BOM,HYD,583,2,7.0,0.21632220859445989,12,27,B737,1,0.7865,0,3,1
8,4,4,HYD,BOM,650,1,6.0,0.2487936554703735,20,48,A320,1,0.5495,3,0,0
13,0,5,DEL,BOM,1180,0,12.1,0.3587974248370348,21,49,ATR72,0,0.4435,1,0,3
9,1,2,DEL,CCU,1290,1,7.4,0.4142828279216766,17,67,B737,1,0.6157,1,4,1
17,3,7,BOM,DEL,1181,0,5.4,0.3884491542252227,3,25,B777,1,0.5554,0,1,4
0,5,8,BLR,BOM,831,2,4.1,0.29238578941692717,5,44,B737,1,0.737,2,0,1
11,3,10,DEL,AMD,929,0,6.3,0.15313996298127414,9,72,ATR72,0,0.0613,1,6,3
18,3,3,DEL,BOM,1113,0,2.5,0.32817164753332106,18,57,B737,0,0.3813,1,0,1
13,4,7,DEL,AMD,916,0,5.4,0.18195490628784067,3,45,B737,0,0.1728,1,6,1
14,1,10,DEL,AMD,873,0,9.7,0.1861488429965248,1,21,A321,0,0.3245,1,6,2
15,3,10,DEL,BOM,1113,0,6.2,0.3919525279519145,8,25,B777,0,0.3068,1,0,4
21,0,6,BLR,DEL,1706,2,12.6,0.4143740458377247,13,51,B777,1,0.9157,2,1,4
15,2,9,AMD,DEL,886,0,11.7,0.2646799277795759,10,42,A321,0,0.4759,6,1,2
6,2,4,DEL,BLR,1738,3,3.9,0.4425350871900422,5,83,B777,1,0.777,1,2,4
10,5,10,BLR,HYD,543,0,5.4,0.16914360202228557,14,20,A320,0,0.3177,2,3,0
13,4,6,DEL,GOI,1888,0,6.2,0.35712569016303775,6,86,B737,0,0.2429,1,7,1
10,2,5,BLR,DEL,1713,0,3.7,0.4365415881788444,4,67,A320,0,0.1746,2,1,0
6,1,6,BLR,BOM,886,0,3.0,0.3062014654543024,4,33,B777,0,0.2925,2,0,4
14,2,3,HYD,BOM,628,0,10.5,0.3195863875430702,6,20,A320,1,0.4778,3,0,0
17,3,12,CCU,DEL,1286,0,2.6,0.40815350401068945,9,76,B737,0,0.3133,4,1,1
22,3,6,BLR,DEL,1717,0,2.1,0.4120710863735949,11,63,B777,0,0.3148,2,1,4
10,4,10,BLR,DEL,1725,1,4.2,0.3743445634028745,1,88,B777,0,0.3497,2,1,4
5,4,2,GOI,DEL,1881,3,11.6,0.3668972165064002,11,45,ATR72,1,0.9968,7,1,3
19,2,7,DEL,AMD,883,1,2.5,0.20699873195387433,1,48,B777,1,0.5328,1,6,4
13,1,11,HYD,BOM,620,0,6.2,0.24299251635455607,4,75,ATR72,0,0.0972,3,0,3
12,4,1,PNQ,BOM,156,0,13.5,0.17101537352766982,6,71,ATR72,0,0.3184,8,0,3
21,0,10,DEL,CCU,1352,0,9.5,0.42905792289046624,13,48,B737,0,0.3216,1,4,1
9,6,7,BOM,MAA,1038,2,2.5,0.31518586651342406,17,40,A321,1,0.9961,0,5,2
5,1,9,HYD,BOM,601,0,13.6,0.2356581376178964,18,56,B737,1,0.4943,3,0,1
10,2,3,BLR,HYD,454,0,4.3,0.14978546496776643,14,87,ATR72,0,0.1099,2,3,3
14,1,10,MAA,BOM,975,2,7.2,0.34877733321371224,8,40,B777,1,0.6095,5,0,4
12,0,12,BLR,DEL,1695,1,12.2,0.44868617025302165,17,31,A321,1,0.7495,2,1,2
21,5,12,MAA,BOM,1037,1,4.5,0.262315547398879,10,66,A320,0,0.3549,5,0,0
8,5,5,BOM,MAA,1055,1,13.9,0.3237356404772887,21,20,ATR72,1,0.9795,0,5,3
10,4,7,AMD,DEL,905,0,13.7,0.2695182120624939,8,61,A321,0,0.4078,6,1,2
8,0,5,AMD,DEL,896,0,12.6,0.1809881969735201,10,82,ATR72,0,0.4224,6,1,3
8,6,5,BLR,DEL,1774,1,8.5,0.3679539252199593,13,36,B737,1,0.7672,2,1,1
1,3,2,BOM,BLR,816,0,10.4,0.25802653001744286,6,71,ATR72,0,0.3032,0,2,3
4,2,10,BLR,BOM,812,1,4.9,0.270036030400345,8,41,ATR72,0,0.378,2,0,3
12,6,10,BOM,PNQ,97,0,6.2,0.17324644791774516,18,36,ATR72,0,0.3393,0,8,3
7,2,9,DEL,BLR,1772,0,9.2,0.43885244021078645,17,77,A321,1,0.6255,1,2,2
7,4,10,BOM,PNQ,75,0,8.4,0.19322276981844633,6,85,B737,0,0.3773,0,8,1
10,5,8,BOM,MAA,1008,1,10.0,0.32863840220928986,8,56,A320,1,0.5815,0,5,0
3,2,9,BOM,MAA,1034,0,3.5,0.35130512071433084,12,51,A320,0,0.2905,0,5,0
10,2,9,BOM,DEL,1195,0,10.1,0.3687930537654872,7,42,A320,1,0.5175,0,1,0
22,5,10,BOM,BLR,842,1,6.7,0.30965909363976446,7,47,A321,0,0.3739,0,2,2
17,6,3,BOM,PNQ,105,1,3.5,0.12875717488919283,8,85,B777,0,0.5015,0,8,4
3,5,5,BOM,MAA,986,0,4.8,0.32579923148934525,4,24,A320,0,0.3303,0,5,0
15,1,5,BLR,BOM,880,0,9.1,0.29061238076312434,18,64,ATR72,0,0.3162,2,0,3
0,1,1,CCU,DEL,1276,0,12.6,0.4233979351187165,12,49,ATR72,0,0.4194,4,1,3
17,6,6,CCU,DEL,1325,2,1.4,0.41586455984015247,18,65,A321,1,0.9663,4,1,2
10,1,6,BOM,DEL,1132,0,8.6,0.4056294923860394,1,81,B777,0,0.3623,0,1,4
10,4,9,BOM,DEL,1102,0,6.6,0.3422112621365994,12,33,B777,0,0.3569,0,1,4
19,1,4,CCU,DEL,1266,0,5.6,0.4438572737705632,6,34,B737,0,0.3975,4,1,1
0,4,5,BLR,DEL,1743,3,4.7,0.4408593587916376,14,41,B777,1,0.8963,2,1,4
10,6,3,HYD,BOM,646,0,7.5,0.3100277027127692,15,32,B737,0,0.294,3,0,1
12,0,2,BOM,MAA,1002,3,8.9,0.3428565211633271,9,34,A320,1,0.9071,0,5,0
21,6,4,GOI,DEL,1922,0,1.8,0.3337203486591083,1,63,A320,0,0.1835,7,1,0
17,0,12,BLR,HYD,526,0,9.6,0.1995585174303544,7,79,B777,0,0.3298,2,3,4
9,1,10,PNQ,BOM,158,0,2.7,0.09684462549290532,6,71,ATR72,0,0.2387,8,0,3
5,0,2,BOM,MAA,1019,0,11.2,0.27747966479969394,10,36,B737,0,0.381,0,5,1
19,5,3,CCU,DEL,1305,0,11.9,0.39696240930315724,12,30,B777,1,0.6788,4,1,4
18,6,12,BLR,HYD,456,1,4.7,0.16779881162099616,19,87,A321,1,0.5671,2,3,2
14,1,6,BOM,PNQ,159,0,10.4,0.13009865092617834,20,29,B737,1,0.652,0,8,1
13,3,11,GOI,DEL,1861,0,2.0,0.34174519819443167,9,44,A320,0,0.2067,7,1,0
20,0,8,BOM,BLR,808,0,5.8,0.27709568523910305,6,39,B777,0,0.4308,0,2,4
3,3,4,DEL,AMD,850,0,3.8,0.16164627488916322,1,37,A321,0,0.1347,1,6,2
14,5,8,BLR,HYD,535,0,2.6,0.1337300547861478,13,62,ATR72,0,0.2535,2,3,3
12,5,12,MAA,BOM,980,1,2.4,0.34612792423673866,4,60,A321,0,0.3885,5,0,2
18,1,12,DEL,GOI,1904,0,9.0,0.3813748295567547,7,61,A320,0,0.4025,1,7,0
9,0,7,PNQ,BOM,74,0,7.8,0.10140863104390976,10,56,B777,0,0.3406,8,0,4
7,0,11,CCU,DEL,1276,0,12.3,0.39043350528690823,10,34,A320,1,0.5762,4,1,0
7,5,3,BOM,MAA,978,0,5.2,0.28827739026634963,14,61,A320,0,0.3653,0,5,0
10,5,5,DEL,BOM,1138,0,7.8,0.3269209919114398,16,82,B737,0,0.2808,1,0,1
0,1,11,DEL,GOI,1927,0,4.5,0.30433456199273257,17,72,A321,0,0.2217,1,7,2
20,2,9,BLR,BOM,822,1,1.7,0.2680271536018376,19,76,B777,1,0.6572,2,0,4
21,2,3,BLR,DEL,1769,0,9.2,0.3711254730810582,11,58,A320,0,0.2985,2,1,0
3,2,6,MAA,BOM,1044,0,5.2,0.25492802014477445,20,44,B777,0,0.372,5,0,4
2,3,3,BOM,PNQ,109,1,2.8,0.16480871121084562,6,55,A321,0,0.3159,0,8,2
16,5,10,DEL,BOM,1196,3,6.4,0.378887010981808,1,23,A321,1,0.9516,1,0,2
16,2,9,CCU,DEL,1308,2,5.7,0.3940579128663082,16,74,B777,1,0.7576,4,1,4
7,2,5,DEL,AMD,905,1,3.2,0.21864108816231304,11,82,A321,1,0.4875,1,6,2
18,5,8,GOI,DEL,1892,0,9.0,0.3194571698463239,10,42,ATR72,1,0.5978,7,1,3
17,5,1,DEL,GOI,1928,0,11.6,0.3497257237271609,2,35,B737,1,0.6099,1,7,1
0,3,11,BOM,HYD,633,0,12.5,0.22688748493415148,11,39,A321,0,0.4108,0,3,2
1,1,12,DEL,GOI,1877,0,11.2,0.36638101052502825,2,83,A320,0,0.3466,1,7,0
3,0,3,BLR,BOM,799,0,8.9,0.32229999595937486,12,29,B737,0,0.4289,2,0,1
14,2,12,AMD,DEL,873,2,13.4,0.2627069116051185,7,87,A321,1,0.7051,6,1,2
10,5,4,HYD,BLR,472,1,10.9,0.2135558198267917,5,73,A320,1,0.5354,3,2,0
21,0,12,MAA,BOM,1048,0,4.3,0.3138354304885478,17,24,ATR72,0,0.3755,5,0,3
9,6,2,DEL,AMD,889,0,12.8,0.228993272105588,15,69,B737,1,0.5416,1,6,1
20,4,6,DEL,CCU,1324,1,3.5,0.44733541793328013,15,64,B777,1,0.6789,1,4,4
18,0,6,DEL,AMD,895,0,7.9,0.23035676014003104,16,47,B777,0,0.4421,1,6,4
20,1,3,BOM,DEL,1195,0,10.2,0.3391349227170581,2,58,A321,1,0.4857,0,1,2
23,3,4,CCU,DEL,1257,0,2.0,0.42984418404349944,14,65,B777,0,0.2219,4,1,4
16,3,12,BOM,BLR,857,1,2.0,0.2749005579247043,7,29,ATR72,0,0.46,0,2,3
16,2,1,GOI,DEL,1930,1,7.4,0.3336908007914235,16,22,A321,1,0.5835,7,1,2
19,4,10,BLR,DEL,1759,1,7.7,0.4147554777653423,19,36,ATR72,1,0.6859,2,1,3
16,5,5,AMD,DEL,851,0,2.6,0.22109967919343426,21,67,ATR72,0,0.2384,6,1,3
14,3,10,PNQ,BOM,148,0,8.5,0.17385025253236372,4,60,A320,0,0.2195,8,0,0
14,3,9,DEL,BLR,1691,1,1.3,0.4603117282872136,10,47,B777,1,0.4841,1,2,4
7,5,1,HYD,BOM,599,2,4.8,0.26543161518783914,16,68,A320,1,0.8062,3,0,0
6,0,3,AMD,DEL,936,1,5.5,0.18013354841325968,6,56,B737,0,0.2721,6,1,1
23,2,10,DEL,GOI,1876,0,8.2,0.307016193621099,7,66,A321,0,0.2228,1,7,2
19,3,9,BOM,PNQ,127,0,9.7,0.193840603160929,7,62,ATR72,0,0.4775,0,8,3
2,4,12,DEL,GOI,1915,1,12.3,0.39698094891763536,10,88,ATR72,1,0.5588,1,7,3
19,3,11,DEL,GOI,1857,0,5.7,0.3935382260732786,13,48,B777,0,0.3574,1,7,4
12,1,2,BLR,HYD,538,0,7.1,0.21773650457130683,21,80,ATR72,0,0.1871,2,3,3
13,1,7,BOM,MAA,969,3,11.7,0.3361582021375593,10,29,B737,1,1.0,0,5,1
19,2,6,BOM,BLR,796,0,4.7,0.3042985323370604,2,21,B777,1,0.5217,0,2,4
6,5,4,DEL,BLR,1703,0,7.2,0.38864168552101847,19,80,B777,0,0.3055,1,2,4
3,4,2,BOM,HYD,581,3,7.1,0.21627491077823807,7,74,A321,1,0.6865,0,3,2
14,6,3,BLR,BOM,868,2,9.9,0.3034002305747499,12,51,A321,1,0.7214,2,0,2
5,1,8,BOM,BLR,853,0,11.7,0.2794723498102896,14,70,A321,0,0.4618,0,2,2
19,3,10,CCU,DEL,1288,2,4.8,0.38075410927159986,6,26,B777,1,0.8523,4,1,4
12,6,1,DEL,GOI,1884,0,1.4,0.3088378245960904,12,75,B737,0,0.2235,1,7,1
17,6,7,PNQ,BOM,112,1,12.6,0.13493360594354342,7,31,ATR72,1,0.874,8,0,3
20,1,9,CCU,DEL,1264,1,13.1,0.4596974778895813,1,26,ATR72,1,0.9839,4,1,3
14,5,4,CCU,DEL,1258,1,10.5,0.40854577202871506,17,89,A320,1,0.7134,4,1,0
4,4,10,BLR,BOM,834,0,6.8,0.2838881886248674,11,66,A320,0,0.1636,2,0,0
7,5,11,GOI,DEL,1942,1,7.6,0.3323156063144112,15,87,A321,1,0.5829,7,1,2
21,5,9,BOM,DEL,1138,0,13.1,0.38543616863422736,20,80,A320,1,0.6042,0,1,0
7,6,8,CCU,DEL,1298,1,12.6,0.38329185867639537,12,30,A320,1,0.9733,4,1,0
21,3,2,AMD,DEL,923,0,11.7,0.2536737569944919,20,24,ATR72,1,0.5515,6,1,3
4,3,1,PNQ,BOM,85,0,13.3,0.151911641735184,16,81,ATR72,0,0.4108,8,0,3
13,0,12,BLR,BOM,871,0,13.4,0.2924159683005989,19,36,B737,1,0.487,2,0,1
17,0,3,HYD,BOM,611,1,2.8,0.22386633861781002,13,50,ATR72,0,0.4895,3,0,3
6,3,3,PNQ,BOM,120,0,2.2,0.1253081157400866,10,70,A321,0,0.1001,8,0,2
8,2,4,BOM,MAA,1025,0,4.8,0.32437267348301646,3,86,B777,0,0.2797,0,5,4
0,3,8,PNQ,BOM,103,1,5.2,0.12307391435659654,20,82,B777,0,0.4992,8,0,4
15,6,5,BOM,HYD,666,1,1.7,0.22929885372626063,21,56,A321,0,0.4417,0,3,2
7,3,6,BLR,DEL,1721,2,9.7,0.4232932622017523,17,49,A321,1,1.0,2,1,2
18,1,8,BLR,HYD,488,0,4.0,0.14018373415997992,12,36,B737,0,0.4261,2,3,1
18,1,9,CCU,DEL,1342,3,9.7,0.47719141301256845,19,46,B737,1,1.0,4,1,1
5,5,2,BOM,HYD,652,1,10.1,0.2372931568566611,6,21,A321,1,0.6949,0,3,2
22,5,6,PNQ,BOM,161,0,6.3,0.189178635528793,17,40,A320,0,0.4457,8,0,0
4,1,6,BOM,HYD,647,0,2.3,0.2790508381173156,18,37,A320,0,0.3816,0,3,0
2,5,7,MAA,BOM,965,0,7.1,0.3240518364682449,1,32,A320,0,0.3496,5,0,0
22,2,7,BOM,HYD,572,0,12.3,0.2443788838490906,3,74,ATR72,0,0.3978,0,3,3
14,5,2,BLR,DEL,1697,3,2.8,0.4068305104594837,11,82,B737,1,0.8627,2,1,1
12,2,1,HYD,BOM,584,0,1.2,0.2368559672056222,4,62,B737,0,0.0947,3,0,1
12,5,9,DEL,GOI,1879,0,10.6,0.325451661653647,7,56,ATR72,1,0.4802,1,7,3
22,6,10,DEL,BOM,1183,0,5.4,0.35068804440322027,11,72,A321,0,0.2403,1,0,2
17,6,1,BOM,MAA,1043,0,10.8,0.30867702086029575,15,22,A320,1,0.7235,0,5,0
15,2,4,HYD,BLR,482,0,4.2,0.18086759787921972,15,26,B777,0,0.2723,3,2,4
8,5,8,DEL,CCU,1311,0,11.3,0.4324154402962173,14,46,ATR72,1,0.723,1,4,3
7,5,8,HYD,BOM,571,1,4.1,0.26666062659261824,20,88,ATR72,1,0.7067,3,0,3
22,1,1,PNQ,BOM,131,1,6.6,0.14473777534997465,15,63,ATR72,0,0.3579,8,0,3
2,5,10,BOM,MAA,1039,2,6.1,0.34176586061377073,12,26,B737,1,0.7867,0,5,1
11,6,3,GOI,DEL,1903,0,6.0,0.28035489918647716,11,88,B737,0,0.2121,7,1,1
22,5,1,HYD,BOM,625,0,5.6,0.2690925093986331,12,42,B777,0,0.2776,3,0,4
5,5,5,MAA,BOM,965,0,1.2,0.32200515995351064,21,57,B777,0,0.2788,5,0,4
11,4,9,GOI,DEL,1893,0,8.4,0.32932921760875566,10,65,ATR72,0,0.3317,7,1,3
15,2,1,PNQ,BOM,82,0,4.6,0.11278102906761316,11,24,B737,0,0.2951,8,0,1
16,2,3,CCU,DEL,1314,0,3.1,0.3830143794797741,5,61,A320,0,0.1532,4,1,0
3,6,2,BOM,DEL,1131,0,2.5,0.33914926973409126,18,35,ATR72,0,0.3557,0,1,3
9,1,7,BLR,DEL,1770,0,11.4,0.3689881986225868,17,28,A321,1,0.8476,2,1,2
18,4,6,BLR,BOM,843,0,9.3,0.26610741780694686,6,51,A321,0,0.4564,2,0,2
11,1,12,BOM,BLR,802,0,3.1,0.25300543677468973,9,38,B777,0,0.1712,0,2,4
3,1,10,AMD,DEL,935,0,13.7,0.20711929866485243,6,21,A320,0,0.4328,6,1,0
1,2,7,DEL,BLR,1728,3,8.8,0.37331963150655617,11,39,A321,1,1.0,1,2,2
23,0,8,BOM,PNQ,87,0,7.3,0.13186547540673513,16,42,A320,0,0.3727,0,8,0
0,6,8,PNQ,BOM,127,0,7.9,0.1846631745965338,21,80,B737,0,0.3739,8,0,1
8,3,4,HYD,BLR,489,0,13.5,0.17256484865063382,14,34,B777,0,0.539,3,2,4
15,4,11,AMD,DEL,896,0,3.6,0.20112606621495632,14,71,B777,0,0.1305,6,1,4
2,0,4,BLR,HYD,535,0,12.3,0.16015440132888653,4,35,A320,0,0.3341,2,3,0
5,3,2,HYD,BOM,585,0,1.1,0.22095442925823755,15,42,A321,0,0.2084,3,0,2
16,1,10,DEL,AMD,897,2,3.4,0.20938762253652213,15,63,ATR72,1,0.5338,1,6,3
1,5,8,DEL,CCU,1283,0,8.1,0.4669745807425639,18,24,A321,1,0.6868,1,4,2
17,5,12,DEL,GOI,1895,1,6.3,0.3838482690565824,15,79,B737,1,0.6035,1,7,1
1,2,5,BOM,MAA,1059,0,9.4,0.3094237736129301,17,81,ATR72,0,0.3238,0,5,3
0,2,9,BLR,HYD,464,0,7.7,0.2079095255812996,11,51,B777,0,0.2332,2,3,4
16,4,1,PNQ,BOM,166,0,5.8,0.15761046432541587,6,85,B777,0,0.113,8,0,4
10,1,5,PNQ,BOM,135,2,8.0,0.14278191912245172,16,76,B737,1,0.6071,8,0,1
3,3,8,BOM,PNQ,116,0,11.5,0.1680421626425648,4,43,ATR72,0,0.4872,0,8,3
19,2,3,BOM,DEL,1171,1,1.4,0.3356887438356149,1,35,B777,1,0.5543,0,1,4
12,5,4,DEL,BLR,1760,1,5.7,0.4341487470805588,13,36,A320,1,0.5437,1,2,0
4,6,1,DEL,CCU,1258,0,5.7,0.4815693377244466,4,77,A321,0,0.2426,1,4,2
17,1,10,DEL,GOI,1925,1,6.9,0.3986263464552772,11,32,A321,1,0.6295,1,7,2
2,0,9,HYD,BOM,614,0,8.9,0.3030459590429362,6,61,ATR72,0,0.3212,3,0,3
9,5,10,DEL,AMD,932,0,4.4,0.22005988109481617,12,74,ATR72,0,0.338,1,6,3
5,4,9,HYD,BLR,486,0,2.7,0.18521881045125865,2,77,B737,0,0.1741,3,2,1
18,5,5,GOI,DEL,1940,0,4.4,0.31613394197694844,2,63,A320,0,0.3265,7,1,0
6,2,5,HYD,BLR,520,0,8.4,0.2235126163343204,1,44,ATR72,0,0.2594,3,2,3
9,2,3,GOI,DEL,1872,2,3.3,0.3661784846537704,21,36,A320,1,0.8665,7,1,0
9,4,1,PNQ,BOM,100,1,12.4,0.12810621467855662,21,49,A321,1,0.7512,8,0,2
10,4,3,BLR,DEL,1747,0,4.3,0.38510762387432385,15,71,ATR72,0,0.204,2,1,3
12,1,9,HYD,BOM,643,2,5.7,0.22630153906928108,7,78,A320,1,0.5905,3,0,0
11,1,9,HYD,BOM,605,0,11.1,0.2617341473266326,8,22,B777,1,0.5547,3,0,4
14,6,9,GOI,DEL,1916,0,4.8,0.31513155452531755,3,24,A320,0,0.4261,7,1,0
1,3,9,HYD,BOM,629,0,11.9,0.29417833308897035,7,57,A320,0,0.4177,3,0,0
11,0,5,DEL,AMD,886,0,10.8,0.19014538203037723,8,73,ATR72,0,0.2761,1,6,3
5,0,12,PNQ,BOM,119,1,12.0,0.12546270944431187,7,65,ATR72,1,0.5002,8,0,3
11,3,12,HYD,BLR,509,2,5.0,0.17010458656978905,21,36,A321,1,0.638,3,2,2
8,2,4,DEL,AMD,937,1,11.8,0.23414506733068136,16,38,ATR72,1,0.8137,1,6,3
12,4,5,AMD,DEL,848,0,9.0,0.19309898731999522,17,74,A320,0,0.2772,6,1,0
12,0,11,DEL,BLR,1690,0,13.9,0.42637751984296407,20,73,ATR72,0,0.4706,1,2,3
10,3,1,BLR,HYD,542,0,12.1,0.14976065813908587,4,73,A321,0,0.2599,2,3,2
12,4,11,BLR,BOM,892,0,8.2,0.26757725100474605,2,25,B737,0,0.357,2,0,1
15,5,10,HYD,BOM,602,1,11.5,0.31080744025295914,17,24,A321,1,0.8243,3,0,2
16,0,12,DEL,AMD,885,2,4.0,0.23173463233827896,13,37,A321,1,0.6127,1,6,2
21,3,1,BOM,PNQ,103,0,5.9,0.1743278258917194,8,32,B737,0,0.1897,0,8,1
5,6,9,BOM,MAA,986,0,3.7,0.3245731327390633,18,21,B737,1,0.5298,0,5,1
10,3,4,HYD,BOM,578,0,11.9,0.29464189397373386,20,29,B777,1,0.5679,3,0,4
13,5,9,AMD,DEL,861,0,13.3,0.1866419437931603,19,38,ATR72,1,0.5947,6,1,3
9,4,12,BOM,BLR,801,3,13.4,0.257935632324076,6,54,B737,1,1.0,0,2,1
4,2,5,PNQ,BOM,141,1,11.3,0.1821540943196774,11,47,ATR72,1,0.5729,8,0,3
23,2,12,DEL,CCU,1342,0,13.2,0.45726172453143343,2,61,ATR72,0,0.3829,1,4,3
21,3,12,BOM,PNQ,114,2,1.3,0.1474648157781805,13,73,A320,1,0.559,0,8,0
4,4,6,BOM,DEL,1168,0,4.1,0.33356228657540987,20,59,A320,0,0.3334,0,1,0
19,2,8,BOM,MAA,1020,0,12.1,0.34748557974307065,3,38,A320,1,0.659,0,5,0
22,6,1,GOI,DEL,1907,1,7.7,0.33721377471653535,19,20,A320,1,0.6349,7,1,0
23,5,5,PNQ,BOM,136,1,5.8,0.15180222786815126,6,87,A321,0,0.3607,8,0,2
22,0,11,DEL,GOI,1850,0,10.9,0.35314674959574127,2,87,ATR72,0,0.3413,1,7,3
20,6,4,DEL,GOI,1851,0,1.4,0.32713230476460914,4,63,A320,0,0.3309,1,7,0
3,5,7,BLR,BOM,819,0,13.4,0.261073662451042,10,46,A321,0,0.4544,2,0,2
6,2,5,DEL,GOI,1929,0,8.0,0.31829977166020984,8,69,B737,0,0.1273,1,7,1
19,6,11,BOM,HYD,594,0,12.1,0.27086035243406686,19,35,A321,1,0.6783,0,3,2
1,3,5,CCU,DEL,1341,2,4.1,0.3989456453114977,2,31,B777,1,0.6296,4,1,4
22,0,8,BOM,PNQ,111,0,13.1,0.15785117924094455,14,81,A321,1,0.4631,0,8,2
20,3,1,BOM,BLR,801,2,5.3,0.2362051052635433,2,46,A321,1,0.6445,0,2,2
10,6,3,DEL,BLR,1781,0,11.0,0.4543043436671703,14,79,ATR72,0,0.4817,1,2,3
1,0,11,DEL,CCU,1314,0,7.3,0.4859726933397853,14,77,A320,0,0.2444,1,4,0
18,4,10,MAA,BOM,1032,0,1.4,0.3434374540382501,21,29,ATR72,1,0.5374,5,0,3
2,4,8,BLR,DEL,1718,1,2.8,0.3744824818462324,3,69,ATR72,0,0.4498,2,1,3
20,6,11,AMD,DEL,939,2,11.8,0.26384664626177634,20,86,A320,1,1.0,6,1,0
3,0,11,DEL,BOM,1134,2,7.3,0.3374550963403297,21,82,A320,1,0.635,1,0,0
2,2,1,PNQ,BOM,128,0,2.4,0.1871105508364755,16,75,ATR72,0,0.2248,8,0,3
15,0,5,DEL,CCU,1307,3,4.6,0.40161846689318914,8,70,B737,1,0.7606,1,4,1
12,3,2,BLR,HYD,469,0,7.6,0.2050514927638774,17,48,A321,0,0.182,2,3,2
15,5,2,BOM,PNQ,135,0,6.5,0.19151407395173947,6,50,A320,0,0.1766,0,8,0
11,1,7,DEL,CCU,1277,0,9.9,0.4994949986121942,20,24,B737,1,0.6498,1,4,1
14,2,1,BOM,DEL,1160,0,10.7,0.4174272026591517,12,49,A321,0,0.417,0,1,2
5,3,5,HYD,BOM,654,0,9.1,0.27399108657350063,16,31,B737,0,0.3796,3,0,1
23,4,5,HYD,BLR,472,0,3.5,0.23260427462471073,17,68,A320,0,0.193,3,2,0
11,5,6,DEL,AMD,924,1,11.6,0.22832357188779623,18,87,A320,1,0.7413,1,6,0
3,4,4,DEL,AMD,874,0,10.0,0.24247395651994635,4,25,ATR72,0,0.347,1,6,3
8,6,11,BLR,BOM,832,1,13.0,0.25594420882909164,15,20,A321,1,0.9024,2,0,2
2,3,12,BOM,DEL,1125,2,5.8,0.39706058097213454,1,30,B777,1,0.6288,0,1,4
18,3,6,DEL,AMD,858,0,2.5,0.19591729416713005,6,60,A321,0,0.3284,1,6,2
2,3,1,MAA,BOM,1040,0,3.4,0.255391668378977,8,89,ATR72,0,0.1022,5,0,3
16,2,12,BOM,MAA,1028,2,12.1,0.28721676454644507,13,69,B777,1,0.7649,0,5,4
15,5,4,DEL,BLR,1719,0,10.0,0.39639578336234865,4,84,ATR72,0,0.3086,1,2,3
6,4,6,DEL,CCU,1256,0,9.6,0.4098515073468534,12,62,A321,0,0.4139,1,4,2
3,6,1,DEL,CCU,1265,0,11.8,0.4098890839982317,12,51,A320,0,0.464,1,4,0
0,0,5,BOM,HYD,607,0,8.3,0.21257969924379458,2,61,B737,0,0.185,0,3,1
4,5,6,BLR,DEL,1756,1,9.7,0.3649042209175208,19,62,B737,1,0.696,2,1,1
19,0,6,CCU,DEL,1307,0,3.7,0.3889819353461073,4,54,B777,0,0.4056,4,1,4
16,4,5,BLR,BOM,851,0,7.0,0.3334571956870947,10,26,A320,0,0.2834,2,0,0
8,1,6,BOM,PNQ,121,0,12.3,0.1419694923499597,2,29,B737,1,0.7068,0,8,1
22,1,7,BLR,BOM,844,2,7.1,0.2713449332244609,12,81,A320,1,0.6585,2,0,0
2,4,12,BLR,DEL,1734,0,10.6,0.4387509261056918,12,55,ATR72,0,0.4255,2,1,3
2,0,6,MAA,BOM,981,0,13.5,0.32680899052191403,7,21,A321,1,0.5807,5,0,2
23,6,1,DEL,AMD,848,0,12.1,0.2251089530442386,11,41,A321,0,0.46,1,6,2
18,4,7,HYD,BOM,614,0,9.9,0.28459719549464313,13,82,B777,0,0.5138,3,0,4
0,4,8,DEL,AMD,876,0,12.9,0.21086723455998135,13,56,A321,0,0.4343,1,6,2
6,0,4,AMD,DEL,881,1,13.3,0.1907000831558045,15,20,A321,1,0.6763,6,1,2
19,0,6,MAA,BOM,1018,1,8.4,0.25104272273334743,4,64,A321,1,0.6504,5,0,2
0,4,5,GOI,DEL,1877,1,2.1,0.2840335987532752,16,20,ATR72,1,0.5636,7,1,3
13,5,12,DEL,BOM,1100,0,1.8,0.38545050923182,20,51,A321,0,0.3042,1,0,2
19,2,4,BOM,MAA,966,3,13.3,0.36838390085407746,17,20,A320,1,1.0,0,5,0
5,5,9,MAA,BOM,981,1,9.0,0.33848588964833387,12,38,B777,1,0.7054,5,0,4
16,0,5,PNQ,BOM,129,1,1.0,0.16656132840221655,18,82,A320,0,0.4166,8,0,0
21,6,9,GOI,DEL,1943,1,12.9,0.312392808156577,15,54,B777,1,0.725,7,1,4
1,5,6,DEL,AMD,907,1,1.8,0.23711321210821684,3,42,A321,1,0.5148,1,6,2
9,1,12,GOI,DEL,1869,2,9.0,0.29353820433094563,21,28,ATR72,1,1.0,7,1,3
8,0,2,DEL,BOM,1172,1,9.2,0.37629433341723,7,34,A320,1,0.6705,1,0,0
16,3,3,PNQ,BOM,76,3,12.5,0.16495862900768157,3,33,B737,1,0.986,8,0,1
12,4,8,DEL,BLR,1735,1,14.0,0.4366195098372899,4,42,B737,1,0.7446,1,2,1
7,5,12,GOI,DEL,1947,3,6.5,0.30002239404073067,4,80,ATR72,1,0.92,7,1,3
16,6,4,DEL,GOI,1927,0,9.7,0.3237184461547264,21,36,B737,0,0.4495,1,7,1
10,1,6,PNQ,BOM,141,0,5.5,0.09709646332855357,15,55,A321,0,0.2388,8,0,2
10,2,5,MAA,BOM,997,0,9.7,0.25443322508022814,1,66,A321,0,0.2018,5,0,2
18,2,8,MAA,BOM,978,0,12.7,0.27340790592022796,12,68,B737,1,0.6094,5,0,1
5,5,6,BOM,HYD,577,0,3.5,0.22449573639934498,10,22,A321,0,0.3898,0,3,2
3,5,2,BOM,PNQ,126,1,13.1,0.17802034968567615,16,71,B777,1,0.6712,0,8,4
6,4,4,HYD,BLR,545,0,12.6,0.19247292604295244,14,66,ATR72,0,0.327,3,2,3
2,0,9,DEL,CCU,1272,0,10.1,0.4113743019413724,21,55,A321,1,0.5645,1,4,2
7,2,12,PNQ,BOM,161,0,7.1,0.18946292879915536,15,35,B777,0,0.3958,8,0,4
11,0,12,BOM,BLR,844,1,4.6,0.2634078895533818,2,33,ATR72,0,0.3754,0,2,3
4,0,7,HYD,BLR,520,0,8.6,0.1969944716415761,11,48,B777,0,0.3288,3,2,4
22,1,6,BLR,BOM,860,1,9.1,0.29390946215718755,7,76,A320,0,0.5176,2,0,0
8,6,6,DEL,GOI,1879,1,12.9,0.3303861463988722,15,49,B737,1,0.8822,1,7,1
2,3,10,AMD,DEL,917,1,7.7,0.1728589209939715,14,61,B737,0,0.3191,6,1,1
17,4,8,MAA,BOM,967,0,11.6,0.3345968144654641,13,22,B777,1,0.7838,5,0,4
3,4,3,BOM,PNQ,117,0,12.0,0.15247539386260373,2,44,A321,0,0.381,0,8,2
15,1,1,DEL,GOI,1879,3,13.6,0.3348388060102057,2,51,ATR72,1,0.9339,1,7,3
5,2,7,DEL,GOI,1935,0,12.1,0.3738930859986146,1,38,A321,0,0.5196,1,7,2
2,2,5,AMD,DEL,923,0,4.6,0.24412642565144732,19,82,A321,0,0.1977,6,1,2
21,5,7,DEL,AMD,872,0,1.0,0.20547057409537273,2,36,A320,0,0.3022,1,6,0
2,6,11,BOM,DEL,1168,0,12.6,0.33714276467329357,3,70,B737,0,0.3849,0,1,1
16,2,12,DEL,BLR,1774,0,5.4,0.44595928827379744,8,81,B777,0,0.1784,1,2,4
1,0,6,BOM,MAA,993,0,10.8,0.29447970621552955,7,81,ATR72,0,0.4178,0,5,3
19,0,4,GOI,DEL,1909,3,1.9,0.3440948190662361,5,28,B737,1,1.0,7,1,1
19,0,4,PNQ,BOM,161,0,12.7,0.09039260569892654,5,89,A321,0,0.4362,8,0,2
0,1,3,MAA,BOM,1018,0,11.0,0.2717416834255257,18,66,B777,0,0.4087,5,0,4
15,4,1,DEL,AMD,861,0,13.3,0.16853385688803363,6,72,A320,0,0.2674,1,6,0
6,5,5,BOM,DEL,1145,1,5.1,0.4045782158001272,8,82,ATR72,0,0.4118,0,1,3
20,2,9,BOM,HYD,644,1,12.5,0.26508383588369067,8,52,ATR72,1,0.756,0,3,3
3,1,12,HYD,BLR,540,0,8.1,0.1488807479403042,20,27,B737,0,0.4096,3,2,1
1,3,10,GOI,DEL,1921,1,1.7,0.28808090599053643,10,23,A321,0,0.4652,7,1,2
4,1,2,BOM,BLR,806,3,4.3,0.23710276580012812,11,73,A320,1,0.7448,0,2,0
11,0,8,DEL,CCU,1287,0,12.7,0.46773215879614743,14,28,A320,1,0.6871,1,4,0
9,0,9,BLR,HYD,517,0,10.2,0.20235223567491523,21,31,A320,1,0.7009,2,3,0
13,6,10,DEL,AMD,854,0,11.0,0.15663762530844086,13,46,A320,0,0.3627,1,6,0
12,3,5,BOM,PNQ,153,1,13.7,0.10573884746070907,1,61,ATR72,0,0.4923,0,8,3
4,2,3,BOM,MAA,1064,0,6.6,0.2974745032440023,12,81,B737,0,0.169,0,5,1
7,1,4,HYD,BLR,537,0,3.3,0.1951776938312228,2,89,ATR72,0,0.2281,3,2,3
14,0,3,DEL,AMD,873,3,4.9,0.1584101671131606,7,65,B777,1,0.6634,1,6,4
7,5,2,CCU,DEL,1259,1,13.2,0.3893095998543017,10,57,A320,1,0.7557,4,1,0
0,5,4,DEL,GOI,1944,1,8.5,0.31137617217108765,14,80,A320,0,0.5246,1,7,0
14,6,4,BOM,BLR,873,0,4.2,0.27650886629145455,1,41,A321,0,0.2306,0,2,2
18,1,3,DEL,BLR,1780,0,6.7,0.3786571395357624,19,42,B737,0,0.4715,1,2,1
13,5,7,DEL,CCU,1265,1,7.4,0.4028645931310257,9,48,B777,0,0.5111,1,4,4
15,3,2,DEL,AMD,910,2,10.9,0.23467725815908735,19,85,A321,1,0.7939,1,6,2
21,0,12,BLR,BOM,832,0,13.8,0.255683906107982,4,85,B737,0,0.3023,2,0,1
12,4,12,BLR,HYD,471,0,2.7,0.18172518254386433,18,29,B777,0,0.3227,2,3,4
7,6,5,BOM,MAA,1043,0,1.3,0.29118865394499577,21,52,A321,0,0.4165,0,5,2
14,6,11,MAA,BOM,999,0,12.5,0.31440232166355475,19,81,B737,0,0.4758,5,0,1
11,6,2,BOM,MAA,1023,0,6.3,0.3360030110630023,15,53,B777,0,0.2344,0,5,4
7,1,5,DEL,GOI,1947,2,10.0,0.38651908131499446,12,24,ATR72,1,1.0,1,7,3
23,0,10,AMD,DEL,841,0,2.0,0.24600472059609774,8,51,ATR72,0,0.0984,6,1,3
6,2,5,BOM,HYD,629,1,5.9,0.207742226333284,5,85,B737,0,0.2831,0,3,1
15,1,11,BOM,MAA,968,1,13.1,0.3045826163785679,19,23,ATR72,1,0.7718,0,5,3
14,2,11,BLR,BOM,894,0,5.3,0.29006550017730315,4,56,B737,0,0.116,2,0,1
23,1,5,BOM,DEL,1116,0,7.6,0.3805063784179996,5,65,ATR72,0,0.1522,0,1,3
4,5,7,AMD,DEL,844,0,13.6,0.2643499229703927,18,71,A320,1,0.5557,6,1,0
2,1,7,DEL,GOI,1876,0,2.2,0.36567499108483614,21,89,ATR72,0,0.3463,1,7,3
16,1,12,BOM,MAA,970,1,5.7,0.34024941626624894,8,34,A321,0,0.4061,0,5,2
6,1,12,CCU,DEL,1335,0,12.1,0.4306396704652459,19,80,B777,0,0.4723,4,1,4
17,5,4,BLR,DEL,1781,1,1.5,0.42989625252569713,18,44,B737,1,0.742,2,1,1
19,3,4,DEL,AMD,911,1,2.4,0.21560145795915064,20,37,ATR72,1,0.6062,1,6,3
10,5,4,PNQ,BOM,103,0,4.0,0.10777008147895331,7,62,A321,0,0.1431,8,0,2
20,1,10,DEL,BOM,1139,0,8.2,0.3842765436150301,19,33,B737,1,0.5737,1,0,1
17,6,5,GOI,DEL,1922,2,6.8,0.3783280602575174,10,22,B777,1,0.9013,7,1,4
10,0,3,PNQ,BOM,81,0,1.7,0.18121359019231836,6,67,B737,0,0.1225,8,0,1
6,5,12,BOM,DEL,1115,3,7.4,0.4238495158330771,11,55,B777,1,0.8695,0,1,4
16,6,11,BLR,HYD,499,0,4.9,0.14975973848410795,11,59,A320,0,0.1599,2,3,0
0,5,11,DEL,GOI,1857,1,1.3,0.3383515094510305,9,68,B737,0,0.3853,1,7,1
9,6,7,BLR,BOM,806,1,10.3,0.29593452030587436,4,79,B777,1,0.8184,2,0,4
6,2,11,HYD,BOM,627,0,6.2,0.28084032276220505,8,41,A321,0,0.1823,3,0,2
4,5,1,BLR,HYD,521,0,8.3,0.20317196171082652,13,41,B777,0,0.3513,2,3,4
2,4,2,BOM,MAA,1000,1,10.8,0.2768410484979829,15,25,ATR72,1,0.7107,0,5,3
11,6,3,DEL,BLR,1733,3,1.5,0.44459169379985564,6,46,A321,1,0.8278,1,2,2
23,5,9,DEL,CCU,1272,0,1.5,0.43643246051154017,6,23,B777,0,0.4746,1,4,4
3,3,2,BOM,DEL,1173,1,5.7,0.3486365230930517,2,55,B777,0,0.3395,0,1,4
22,6,4,BOM,HYD,615,1,11.3,0.22206910328390553,7,60,B737,1,0.5388,0,3,1
11,4,5,BLR,HYD,542,1,11.4,0.17071928496858535,1,79,B737,0,0.4683,2,3,1
14,0,7,BLR,HYD,482,0,2.6,0.1703075542700228,15,55,A320,0,0.2181,2,3,0
18,3,5,BLR,BOM,797,0,13.9,0.2543847018710963,21,65,B777,1,0.5518,2,0,4
15,1,12,DEL,GOI,1860,2,3.1,0.31810623529229387,8,79,A320,1,0.5272,1,7,0
11,6,7,PNQ,BOM,96,1,4.1,0.18799712896090504,2,34,A321,1,0.5452,8,0,2
22,0,11,DEL,AMD,898,0,11.9,0.22624196216457237,8,52,B737,0,0.2905,1,6,1
21,3,7,DEL,CCU,1261,3,13.2,0.41631283729929885,8,72,B777,1,1.0,1,4,4
23,4,10,AMD,DEL,931,0,1.7,0.25503588473542643,6,86,B777,0,0.102,6,1,4
12,1,5,DEL,GOI,1880,0,7.4,0.3063523397505975,9,59,ATR72,0,0.1225,1,7,3
16,6,6,BOM,HYD,574,0,2.7,0.24318703896124694,3,49,B777,0,0.2473,0,3,4
23,3,11,DEL,BOM,1099,0,8.7,0.39158835343364057,15,32,A320,0,0.3766,1,0,0
17,3,9,BOM,DEL,1134,0,2.1,0.335815302798985,7,28,B737,0,0.5343,0,1,1
11,4,5,BOM,DEL,1188,0,10.7,0.36309118856783745,19,27,ATR72,1,0.5952,0,1,3
4,4,1,DEL,CCU,1292,1,1.2,0.49016441777703096,4,37,A320,0,0.4661,1,4,0
9,4,12,DEL,CCU,1304,0,12.2,0.4902840128452659,8,44,B737,1,0.6161,1,4,1
11,5,12,DEL,GOI,1906,0,5.8,0.3724076421790403,13,72,ATR72,0,0.249,1,7,3
16,2,11,BOM,BLR,804,2,4.4,0.2472335945468141,14,65,B777,1,0.5489,0,2,4
1,1,11,BLR,BOM,880,2,3.4,0.3181365575580559,12,86,B777,1,0.5773,2,0,4
13,1,3,PNQ,BOM,86,0,5.8,0.15697987277746156,9,32,A320,0,0.1828,8,0,0
10,3,10,BLR,HYD,506,0,1.4,0.2010104094592831,16,76,B737,0,0.1804,2,3,1
3,6,7,AMD,DEL,879,2,7.4,0.20569945274592566,6,84,A321,1,0.6323,6,1,2
11,6,1,DEL,BLR,1698,0,4.3,0.37915920341444687,16,59,B737,0,0.3017,1,2,1
22,3,10,BOM,HYD,634,2,6.2,0.24008933182666264,9,56,A320,1,0.496,0,3,0
3,6,9,BOM,MAA,1033,0,3.0,0.27448583361853857,11,66,A320,0,0.3098,0,5,0
19,3,3,GOI,DEL,1945,0,13.6,0.29787762875504875,8,46,B737,1,0.4692,7,1,1
0,3,5,HYD,BLR,547,0,12.6,0.23145582776881582,3,26,ATR72,0,0.4426,3,2,3
14,5,10,MAA,BOM,988,0,11.5,0.3389337612021448,7,85,A320,0,0.3856,5,0,0
6,0,6,DEL,BOM,1197,1,3.4,0.3943650071811184,3,71,A321,0,0.4577,1,0,2
7,3,5,PNQ,BOM,146,0,13.0,0.14518799421186393,12,51,ATR72,0,0.5081,8,0,3
2,5,11,HYD,BLR,458,1,4.7,0.16190668218595994,20,31,A321,0,0.4848,3,2,2
7,1,10,BOM,MAA,987,0,4.0,0.3129601414167647,11,29,A321,0,0.4752,0,5,2
7,5,12,BLR,BOM,829,1,13.7,0.34518083880692424,2,34,A320,1,0.8081,2,0,0
4,0,3,HYD,BLR,547,0,7.3,0.2122845875343289,5,37,B777,0,0.1549,3,2,4
19,5,4,GOI,DEL,1869,0,8.3,0.28746190555687084,9,31,B737,1,0.485,7,1,1
5,5,9,BOM,PNQ,77,0,10.6,0.18332292639878056,20,57,B777,1,0.5733,0,8,4
18,5,5,HYD,BOM,660,0,7.2,0.31978978527542173,14,56,B737,0,0.3779,3,0,1
10,6,12,BOM,MAA,1009,1,7.6,0.2950731977512025,1,30,B777,0,0.438,0,5,4
2,2,5,BLR,HYD,451,2,4.9,0.16053911713716043,5,21,B737,1,0.6142,2,3,1
8,3,8,CCU,DEL,1255,0,4.7,0.46094440438786344,15,24,ATR72,1,0.6344,4,1,3
5,0,7,BOM,HYD,668,0,6.5,0.23601398660900064,2,52,A321,0,0.1944,0,3,2
13,4,8,DEL,BOM,1166,2,5.8,0.35726153921451276,11,35,ATR72,1,0.7629,1,0,3
1,0,11,HYD,BOM,647,0,6.1,0.31907092395619086,12,73,A321,0,0.1776,3,0,2
15,3,7,HYD,BOM,595,0,8.8,0.2829200157449661,8,36,ATR72,0,0.3832,3,0,3
1,2,6,AMD,DEL,921,1,2.8,0.1990097446761473,8,28,B777,1,0.5296,6,1,4
15,3,1,DEL,BOM,1127,2,4.4,0.36164589351662957,17,41,ATR72,1,0.7147,1,0,3
3,4,7,HYD,BOM,573,0,13.6,0.3145534785974073,15,31,A321,1,0.5458,3,0,2
13,2,6,GOI,DEL,1875,1,8.0,0.319258940090866,14,42,ATR72,1,0.5477,7,1,3
21,3,11,DEL,BLR,1765,0,1.0,0.4101785245162759,13,55,B777,0,0.2141,1,2,4
20,1,2,DEL,BOM,1193,0,7.4,0.343663132089416,15,72,ATR72,0,0.3375,1,0,3
13,3,7,BOM,MAA,1059,0,7.5,0.3137024076098673,13,67,A321,0,0.2755,0,5,2
0,4,9,DEL,GOI,1904,0,6.2,0.30820262248555996,21,50,ATR72,0,0.3233,1,7,3
4,0,3,CCU,DEL,1287,3,5.7,0.41287621591424767,14,24,A320,1,0.9652,4,1,0
19,3,3,MAA,BOM,1026,0,10.3,0.34751145070457257,21,34,A321,1,0.659,5,0,2
6,6,8,DEL,BOM,1136,2,1.3,0.3988503069928206,2,21,B737,1,0.8595,1,0,1
2,0,9,CCU,DEL,1286,1,3.6,0.44890743341498507,20,49,A320,1,0.5796,4,1,0
6,6,12,HYD,BOM,602,0,7.5,0.22604018687929273,19,74,A321,0,0.2404,3,0,2
2,2,11,DEL,BLR,1726,0,13.3,0.37717479642257135,17,62,A320,0,0.4509,1,2,0
8,5,9,DEL,BOM,1197,3,2.0,0.3695958188900069,13,56,B737,1,1.0,1,0,1
21,1,6,BOM,BLR,800,2,7.5,0.2696578561311578,1,72,ATR72,1,0.6079,0,2,3
10,1,5,AMD,DEL,933,2,9.8,0.2526637147771006,9,82,A321,1,0.6011,6,1,2
7,2,7,BOM,PNQ,128,0,9.1,0.17977045624757104,3,37,B777,1,0.5419,0,8,4
15,6,11,BLR,BOM,812,0,13.3,0.28570305429845777,13,69,B737,0,0.4143,2,0,1
18,5,1,BOM,HYD,610,0,12.0,0.2954753678945957,10,29,ATR72,1,0.6682,0,3,3
4,4,3,DEL,AMD,881,1,2.5,0.15846942115866974,11,67,B737,0,0.3134,1,6,1
15,5,11,BLR,HYD,466,0,1.1,0.20106700939415648,6,22,B737,0,0.2804,2,3,1
18,6,1,GOI,DEL,1931,1,8.5,0.36508126664701224,13,82,A321,1,0.696,7,1,2
13,0,12,DEL,BLR,1728,0,9.2,0.46174069260927486,3,84,A321,0,0.2847,1,2,2
8,3,7,BOM,HYD,657,0,5.2,0.2706560814322998,19,51,A321,1,0.4583,0,3,2
8,2,3,BOM,PNQ,133,0,2.2,0.1508308866756028,11,87,ATR72,0,0.3103,0,8,3
10,6,2,BOM,DEL,1180,0,8.7,0.4185411949918374,16,56,B777,0,0.4174,0,1,4
22,0,3,BLR,HYD,531,0,11.5,0.22006845482876117,17,65,B737,0,0.388,2,3,1
5,2,3,PNQ,BOM,145,0,2.4,0.1278501260873138,13,87,ATR72,0,0.1511,8,0,3
1,6,3,MAA,BOM,1061,0,8.8,0.32989525124169056,17,31,A320,0,0.452,5,0,0
12,6,6,BOM,MAA,990,0,1.6,0.298081897023101,10,54,B737,0,0.2692,0,5,1
4,3,4,HYD,BOM,661,2,8.1,0.3068999407951803,17,55,B737,1,0.7228,3,0,1
3,3,1,MAA,BOM,1022,0,10.7,0.27955432111559675,2,48,A320,0,0.3118,5,0,0
5,4,12,BLR,BOM,882,1,10.9,0.25895156997948854,1,40,A320,1,0.5736,2,0,0
13,3,6,BOM,BLR,878,1,3.4,0.26466396943698867,17,89,A321,1,0.5059,0,2,2
0,1,2,HYD,BOM,588,0,1.9,0.24021426062433854,9,30,B737,0,0.1661,3,0,1
13,0,2,GOI,DEL,1880,0,6.0,0.29490897687287165,8,61,A320,0,0.118,7,1,0
6,5,8,HYD,BOM,607,1,6.0,0.22733783897437762,2,81,A321,0,0.4409,3,0,2
19,0,6,AMD,DEL,905,0,7.6,0.2549333754614577,9,41,A320,0,0.422,6,1,0
6,4,7,BLR,BOM,798,1,13.9,0.33031920697099004,3,88,ATR72,1,0.6321,2,0,3
18,1,8,HYD,BLR,477,2,6.5,0.1693410910019395,16,84,ATR72,1,0.8177,3,2,3
1,5,6,BOM,MAA,983,0,10.0,0.27343316358718117,8,48,B777,0,0.3594,0,5,4
0,4,5,AMD,DEL,910,1,2.1,0.22248902827551506,14,48,B777,0,0.339,6,1,4
22,3,12,BLR,HYD,491,2,1.9,0.19146456795311703,14,54,B737,1,0.5266,2,3,1
12,1,6,BOM,DEL,1132,1,7.4,0.39026344867524887,20,85,B737,1,0.5561,0,1,1
17,6,11,BLR,BOM,805,2,7.5,0.3201873354454311,20,34,A321,1,0.8981,2,0,2
10,1,4,HYD,BOM,610,3,13.5,0.2755722869124892,15,55,B777,1,0.9602,3,0,4
16,6,8,BLR,HYD,509,3,11.8,0.14915440770377994,5,29,A320,1,1.0,2,3,0
20,4,7,BLR,BOM,849,2,14.0,0.33497165180212196,18,31,A321,1,1.0,2,0,2
17,1,7,HYD,BLR,528,0,12.6,0.20396449437580538,16,27,A321,1,0.7816,3,2,2
10,4,12,AMD,DEL,850,3,5.8,0.23954181659859247,10,67,A321,1,0.6958,6,1,2
0,4,12,DEL,AMD,841,0,7.0,0.17083422679210114,10,42,B777,0,0.1383,1,6,4
9,1,11,AMD,DEL,886,2,1.3,0.20157927163358225,11,67,B737,1,0.6806,6,1,1
6,3,12,DEL,BLR,1766,0,4.0,0.3893728786196589,13,64,B777,0,0.2057,1,2,4
14,5,5,DEL,GOI,1873,0,12.1,0.3769603305350733,10,52,A321,0,0.4008,1,7,2
15,2,6,BOM,PNQ,145,0,12.3,0.12841496448900439,17,34,A321,1,0.5714,0,8,2
22,2,11,BOM,PNQ,154,0,4.1,0.1345443609460514,12,83,B737,0,0.1538,0,8,1
20,3,8,PNQ,BOM,136,1,11.6,0.15515859022678052,12,43,ATR72,1,0.8821,8,0,3
8,3,12,BOM,PNQ,165,0,11.9,0.18583358136488792,19,45,B737,1,0.5743,0,8,1
21,4,4,PNQ,BOM,116,0,3.0,0.10796429823170414,7,43,B737,0,0.1632,8,0,1
7,4,3,BOM,HYD,607,0,12.9,0.23048611907780858,20,60,B777,0,0.5422,0,3,4
11,4,5,BOM,PNQ,100,1,10.1,0.15938298741151422,11,21,A321,1,0.7138,0,8,2
9,4,7,BOM,PNQ,169,1,9.6,0.11665187105338613,10,34,B777,1,0.7167,0,8,4
14,5,5,BOM,BLR,843,2,10.9,0.3038809115161137,9,40,ATR72,1,0.8416,0,2,3
23,1,4,BOM,MAA,988,0,3.0,0.3408732332564865,15,31,A321,0,0.2563,0,5,2
19,3,3,DEL,CCU,1275,0,13.9,0.4447162110638847,17,31,ATR72,1,0.6979,1,4,3
22,3,12,BLR,HYD,516,0,1.0,0.20816812079596198,1,25,A320,0,0.2333,2,3,0
11,2,11,BLR,DEL,1721,0,4.8,0.3828108561106519,19,82,B737,0,0.2531,2,1,1
1,0,5,BOM,MAA,1025,2,6.0,0.32638191250676407,18,75,B737,1,0.6306,0,5,1
22,6,8,DEL,CCU,1317,1,6.0,0.41127705584891533,18,38,A321,1,0.6845,1,4,2
20,5,1,PNQ,BOM,115,0,4.4,0.17741703216759927,4,25,B777,0,0.471,8,0,4
4,1,9,HYD,BOM,580,0,12.0,0.31374405289874435,6,55,A321,0,0.4255,3,0,2
0,3,10,BOM,BLR,852,0,8.2,0.28816905847476804,4,89,A320,0,0.2153,0,2,0
1,3,12,BLR,DEL,1716,0,5.7,0.4122693242619976,10,58,ATR72,0,0.1649,2,1,3
20,2,3,BOM,MAA,986,0,1.9,0.2929184910927785,16,51,ATR72,0,0.3672,0,5,3
4,3,5,BOM,PNQ,111,0,13.4,0.17836074487998993,10,35,A320,0,0.3913,0,8,0
22,5,9,BOM,BLR,822,0,10.4,0.26595895739199293,19,59,B777,1,0.5564,0,2,4
14,1,12,AMD,DEL,851,2,8.0,0.221493867958731,13,69,ATR72,1,0.5386,6,1,3
20,4,10,DEL,BLR,1761,2,8.9,0.4309501596390581,4,64,B737,1,0.8224,1,2,1
18,1,11,DEL,AMD,857,0,9.8,0.15911321732338,14,55,A321,0,0.3636,1,6,2
23,1,4,DEL,GOI,1948,1,9.8,0.3625022998931492,10,72,A320,0,0.445,1,7,0
13,1,6,DEL,BLR,1755,0,12.5,0.46034554360782215,8,68,B737,0,0.4841,1,2,1
3,0,6,DEL,GOI,1919,2,4.1,0.38457959326969643,13,68,A321,1,0.7038,1,7,2
10,1,8,CCU,DEL,1323,1,6.9,0.391694547149308,16,87,ATR72,1,0.5567,4,1,3
13,3,12,MAA,BOM,1049,2,12.1,0.3330224097285442,14,73,B777,1,0.7832,5,0,4
8,5,12,DEL,GOI,1933,0,7.4,0.3064512610738034,19,52,B737,0,0.4226,1,7,1
21,3,9,DEL,AMD,876,0,7.1,0.18068931821890796,16,21,ATR72,0,0.4223,1,6,3
10,2,12,BOM,PNQ,80,3,7.9,0.18400590182762472,8,49,ATR72,1,0.7236,0,8,3
3,5,12,GOI,DEL,1883,0,6.0,0.3258653616409138,18,56,A321,0,0.2803,7,1,2
21,0,1,BOM,PNQ,109,1,11.1,0.17878963130447229,19,34,A320,1,0.6915,0,8,0
11,1,2,GOI,DEL,1942,0,3.4,0.35239867499737504,14,42,B737,0,0.261,7,1,1
18,2,12,CCU,DEL,1341,0,4.8,0.4388551814570681,20,23,A320,1,0.5755,4,1,0
2,3,7,DEL,AMD,900,1,11.2,0.21727907094660304,9,33,B777,1,0.6569,1,6,4
14,5,11,DEL,CCU,1310,0,10.9,0.407033078268444,11,28,B737,1,0.6128,1,4,1
9,0,5,GOI,DEL,1942,1,12.9,0.32084215236137337,16,23,A320,1,0.9283,7,1,0
8,1,11,HYD,BLR,528,1,1.2,0.15461546822742137,6,56,B737,0,0.4118,3,2,1
1,0,12,BOM,PNQ,134,1,5.2,0.12569485115808476,18,47,A321,0,0.4003,0,8,2
12,4,1,BLR,BOM,834,0,12.9,0.28446382205462983,15,64,B777,0,0.3638,2,0,4
8,2,2,BOM,MAA,991,0,4.4,0.30029676701958313,13,46,B737,0,0.3201,0,5,1
23,1,3,DEL,CCU,1292,0,1.5,0.43299958036107944,19,65,B777,0,0.2732,1,4,4
1,0,3,PNQ,BOM,139,0,3.2,0.16413004282766258,9,38,A320,0,0.1857,8,0,0
5,0,3,HYD,BLR,518,3,8.7,0.19226880656466427,21,87,B737,1,0.8769,3,2,1
0,3,10,AMD,DEL,914,2,3.0,0.206712908943692,17,46,B737,1,0.5827,6,1,1
1,0,4,HYD,BOM,581,0,4.6,0.27230413346148724,21,55,B777,0,0.2089,3,0,4
3,3,8,GOI,DEL,1938,2,12.0,0.3782587811551801,11,65,ATR72,1,0.9013,7,1,3
2,6,7,DEL,AMD,904,1,2.1,0.21003386583690845,14,50,A321,0,0.484,1,6,2
12,4,6,BOM,BLR,865,0,2.3,0.30437626742528906,7,42,ATR72,0,0.2918,0,2,3
3,5,3,DEL,AMD,878,0,8.9,0.1947068309427818,2,48,A321,0,0.2279,1,6,2
6,1,12,DEL,AMD,907,2,1.2,0.22259372139997893,6,47,B777,0,0.489,1,6,4
13,5,5,GOI,DEL,1937,1,12.4,0.37012675805584344,14,42,B737,1,0.7181,7,1,1
16,2,9,DEL,AMD,904,1,7.6,0.16621319452751704,1,71,ATR72,0,0.3665,1,6,3
9,6,3,PNQ,BOM,71,0,13.1,0.17215557004579926,11,31,B737,1,0.6389,8,0,1
13,3,4,HYD,BLR,539,2,13.9,0.17663481847086654,7,34,B777,1,0.7407,3,2,4
7,1,7,BLR,BOM,856,0,8.1,0.3294973635175963,19,62,ATR72,1,0.5818,2,0,3
4,6,4,BLR,HYD,454,1,5.1,0.20209325483419113,4,44,A321,0,0.4008,2,3,2
5,2,2,HYD,BLR,462,0,7.4,0.18848461869924896,18,67,A320,0,0.1754,3,2,0
16,3,4,BLR,DEL,1697,0,10.0,0.3979026958975734,21,34,ATR72,0,0.4292,2,1,3
9,3,6,BLR,HYD,499,1,4.7,0.2145362156580513,17,70,B777,1,0.6358,2,3,4
9,6,5,DEL,GOI,1870,1,8.6,0.30380927115895284,15,25,B737,1,0.8215,1,7,1
11,0,2,BLR,BOM,810,1,13.4,0.31665136785131076,20,66,A321,1,0.6267,2,0,2
9,6,4,DEL,AMD,895,2,6.6,0.24281397811219235,12,75,ATR72,1,0.7471,1,6,3
1,5,4,DEL,CCU,1283,0,12.5,0.42409098362307185,9,46,A320,0,0.4196,1,4,0
22,3,5,GOI,DEL,1947,2,10.6,0.316496410000358,19,51,B777,1,0.8266,7,1,4
23,5,6,DEL,CCU,1317,0,12.5,0.4040240421610619,21,23,A320,1,0.7616,1,4,0
13,5,12,BOM,PNQ,99,0,3.2,0.10254092383795782,1,33,ATR72,0,0.211,0,8,3
15,5,7,DEL,AMD,871,0,2.7,0.17931659807309153,9,81,ATR72,0,0.2217,1,6,3
18,2,5,AMD,DEL,894,0,1.4,0.24501054973501463,8,81,A321,0,0.248,6,1,2
5,3,12,DEL,BLR,1718,0,13.0,0.4587485186707336,7,52,ATR72,0,0.3835,1,2,3
4,5,2,HYD,BOM,668,1,1.2,0.2305085595172443,11,68,A321,0,0.3922,3,0,2
2,4,7,DEL,BLR,1758,1,7.7,0.4089331067143222,2,57,B777,0,0.4636,1,2,4
0,1,9,BOM,MAA,1008,0,9.6,0.29591080067353015,2,20,A320,1,0.4684,0,5,0
21,3,7,BOM,DEL,1133,0,13.6,0.3695058434512275,1,57,B737,0,0.4478,0,1,1
22,6,6,BOM,HYD,645,0,12.4,0.20311201457032485,13,61,ATR72,0,0.4812,0,3,3
18,4,10,HYD,BOM,638,0,1.9,0.2514972200550727,9,28,B777,0,0.4006,3,0,4
7,5,2,PNQ,BOM,106,0,10.1,0.09340978616667533,2,36,ATR72,1,0.5574,8,0,3
14,3,7,DEL,BLR,1783,1,11.6,0.3911751513730796,5,83,A321,1,0.6565,1,2,2
6,4,5,HYD,BOM,596,0,10.9,0.29104358082408693,17,79,A321,0,0.4164,3,0,2
7,0,6,BLR,DEL,1749,1,7.8,0.37227581135471066,12,76,B777,1,0.6489,2,1,4
10,0,5,BOM,HYD,584,1,13.8,0.2797138840070392,4,34,ATR72,1,0.5819,0,3,3
6,5,1,DEL,BLR,1784,1,12.4,0.37009649618435636,15,59,A321,1,0.648,1,2,2
23,4,8,CCU,DEL,1325,2,1.3,0.3855725220873316,9,66,B737,1,0.6542,4,1,1
11,2,6,HYD,BOM,653,2,5.2,0.2638100688791049,13,87,ATR72,1,0.6555,3,0,3
15,4,1,PNQ,BOM,109,1,9.2,0.09120499748962488,8,87,B737,0,0.3865,8,0,1
12,0,9,DEL,CCU,1331,0,12.9,0.4791284828925401,11,43,A320,1,0.6117,1,4,0
2,4,8,BOM,MAA,981,2,7.1,0.3366376524192404,13,69,B737,1,0.6847,0,5,1
10,2,1,AMD,DEL,898,1,8.9,0.19093282899128056,2,87,B737,0,0.3764,6,1,1
7,1,10,AMD,DEL,922,0,2.8,0.23636489895040386,9,24,A320,0,0.3945,6,1,0
14,0,4,DEL,BLR,1742,0,11.4,0.39817854966045585,7,66,A320,0,0.3593,1,2,0
18,3,10,BOM,HYD,596,0,11.3,0.2212178455108908,11,88,A321,0,0.4885,0,3,2
21,3,7,BOM,BLR,887,2,6.2,0.31061479640330425,11,25,B737,1,0.8242,0,2,1
14,2,1,GOI,DEL,1946,1,9.9,0.3193514012663621,12,78,A321,0,0.4777,7,1,2
20,6,4,BOM,HYD,622,0,11.5,0.26710940641352743,2,73,A320,0,0.5068,0,3,0
20,6,9,BLR,HYD,472,0,2.9,0.17916611255382237,9,85,B737,0,0.3717,2,3,1
7,1,2,DEL,CCU,1323,0,6.4,0.49320181513247285,14,71,B737,0,0.3973,1,4,1
19,0,4,BLR,BOM,825,0,11.9,0.27544248052416953,16,30,ATR72,1,0.6302,2,0,3
12,2,8,DEL,BOM,1144,0,13.7,0.37429875028259557,21,47,A321,1,0.5497,1,0,2
8,3,11,BLR,HYD,520,0,9.6,0.15407411381156197,1,53,B777,0,0.3116,2,3,4
18,6,1,DEL,CCU,1341,1,12.4,0.40975482941290997,14,87,B737,1,0.8139,1,4,1
14,2,11,DEL,CCU,1354,2,4.9,0.47507881764540005,10,60,A320,1,0.59,1,4,0
4,0,9,AMD,DEL,929,0,1.8,0.2466483089322784,12,77,B737,0,0.2487,6,1,1
10,1,4,HYD,BLR,547,2,6.1,0.14112694461893982,7,41,B737,1,0.5265,3,2,1
9,3,4,HYD,BLR,471,1,8.7,0.19149878803458964,10,74,A320,1,0.5266,3,2,0
8,4,6,DEL,BOM,1101,0,13.1,0.3487758762627728,3,88,A320,1,0.5895,1,0,0
10,2,4,MAA,BOM,1042,1,10.1,0.3048486446095915,19,40,B777,1,0.6919,5,0,4
21,1,10,DEL,BLR,1764,0,4.6,0.44117215917272373,5,48,A321,0,0.1765,1,2,2
23,3,3,DEL,CCU,1301,0,13.4,0.4310363375884079,9,32,A321,0,0.4424,1,4,2
23,2,7,BOM,PNQ,90,0,11.6,0.1819285040742022,20,51,A321,0,0.5228,0,8,2
13,4,4,BLR,BOM,891,1,12.4,0.34893646425518626,2,29,A321,1,0.6896,2,0,2
7,5,2,CCU,DEL,1327,0,13.5,0.41435329445814917,14,72,B777,1,0.6157,4,1,4
20,6,9,BLR,HYD,520,2,6.3,0.15304206653566246,16,45,B777,1,0.8612,2,3,4
0,6,9,DEL,BLR,1707,0,7.9,0.3891035477760077,5,33,ATR72,0,0.3756,1,2,3
3,5,7,BOM,DEL,1145,2,8.2,0.3493429591679957,12,32,B777,1,0.9097,0,1,4
4,4,10,HYD,BLR,539,0,13.6,0.14186110163561574,2,53,ATR72,0,0.2567,3,2,3
19,0,2,CCU,DEL,1274,1,9.8,0.4094456892754117,9,60,A321,1,0.6138,4,1,2
18,1,3,AMD,DEL,844,0,9.4,0.19644077140559507,4,58,ATR72,0,0.3286,6,1,3
1,2,9,DEL,AMD,861,0,6.6,0.16096118079986774,17,86,A320,0,0.2644,1,6,0
12,0,7,BOM,BLR,865,0,10.5,0.23943240966517726,20,48,B777,1,0.4958,0,2,4
1,3,7,BOM,PNQ,165,0,5.0,0.12430631915125118,17,84,A320,0,0.2997,0,8,0
8,6,4,BOM,DEL,1170,0,8.1,0.4090556238762637,17,22,B737,1,0.7136,0,1,1
19,6,9,BLR,DEL,1712,0,13.0,0.43800626981981544,2,35,A321,1,0.7452,2,1,2
10,3,4,BOM,HYD,631,2,11.7,0.21667131116169275,13,88,A320,1,0.7367,0,3,0
10,1,8,AMD,DEL,868,0,4.0,0.2094045255188819,2,59,A321,0,0.1838,6,1,2
19,4,11,BLR,HYD,516,1,9.6,0.2046651432837595,7,80,B777,1,0.5319,2,3,4
20,1,4,DEL,GOI,1922,0,5.8,0.3728870293097163,18,87,B777,0,0.3992,1,7,4
18,4,2,HYD,BOM,652,0,5.1,0.24566906738660632,10,71,A320,0,0.2483,3,0,0
16,2,6,BLR,HYD,518,2,4.2,0.18726239512925044,16,37,A321,1,0.7449,2,3,2
12,0,4,MAA,BOM,1004,0,13.0,0.26795438707941666,11,50,B777,0,0.3572,5,0,4
1,5,8,DEL,GOI,1946,2,10.0,0.366618333285059,6,64,A321,1,0.7966,1,7,2
8,0,10,PNQ,BOM,122,0,2.2,0.184037731083666,8,72,B777,0,0.2736,8,0,4
21,4,8,DEL,GOI,1857,0,9.1,0.35467038721028954,15,89,A321,0,0.3919,1,7,2
4,3,12,CCU,DEL,1312,0,9.1,0.45292075892298134,1,21,B777,0,0.4312,4,1,4
0,2,12,BLR,HYD,499,0,12.2,0.14203647617802295,4,75,B777,0,0.2568,2,3,4
21,1,7,HYD,BLR,474,0,8.4,0.16574653325319258,15,80,ATR72,0,0.3163,3,2,3
14,0,10,BOM,HYD,621,2,4.4,0.267317786916063,9,59,A320,1,0.5069,0,3,0
12,1,6,BOM,HYD,647,0,13.2,0.2396971662414225,21,55,B777,1,0.4959,0,3,4
15,0,9,HYD,BOM,585,3,13.4,0.30521389002595584,11,57,A321,1,1.0,3,0,2
14,5,12,DEL,BLR,1701,1,2.3,0.4595319555357225,18,23,B737,1,0.6838,1,2,1
23,0,6,AMD,DEL,907,0,10.1,0.239504787569927,5,45,ATR72,0,0.3958,6,1,3
1,3,9,DEL,BOM,1120,0,12.3,0.3008679241595875,5,68,B777,0,0.4203,1,0,4
22,3,2,BOM,BLR,854,0,7.8,0.245257445867361,9,71,ATR72,0,0.0981,0,2,3
2,4,10,AMD,DEL,929,2,8.7,0.21247136766767197,5,43,A321,1,0.655,6,1,2
8,1,9,MAA,BOM,999,1,3.4,0.27099567202490116,15,68,B777,1,0.6084,5,0,4
18,5,4,DEL,BLR,1700,0,7.2,0.4322975875786891,16,36,ATR72,1,0.5429,1,2,3
15,1,3,BLR,HYD,450,1,2.4,0.20502319987242967,21,62,B737,0,0.382,2,3,1
15,3,12,DEL,GOI,1943,0,5.7,0.3477239874808931,18,66,ATR72,0,0.2391,1,7,3
3,4,4,BOM,DEL,1120,0,10.2,0.4119711622753325,1,45,A320,0,0.3648,0,1,0
12,6,9,PNQ,BOM,118,3,11.7,0.12438403038597223,21,34,B737,1,1.0,8,0,1
17,0,6,BOM,BLR,876,0,2.4,0.29011279922962413,4,44,ATR72,0,0.436,0,2,3
7,3,8,MAA,BOM,1049,1,6.2,0.2532935297829846,9,24,B777,1,0.7013,5,0,4
11,4,9,BOM,BLR,814,0,5.3,0.24752275130170304,5,44,B777,0,0.269,0,2,4
7,3,4,DEL,BLR,1730,0,13.7,0.44661362960141526,3,87,A320,1,0.5286,1,2,0
15,3,7,BOM,MAA,1008,0,10.0,0.30984588908198263,14,81,B777,0,0.3739,0,5,4
19,0,4,BOM,DEL,1099,0,2.3,0.35606265133370757,9,73,A320,0,0.2924,0,1,0
17,6,1,BLR,DEL,1714,2,11.1,0.35632540308742927,21,74,A321,1,1.0,2,1,2
4,6,12,BOM,DEL,1137,0,10.0,0.34962320462190444,4,31,A320,0,0.3598,0,1,0
20,3,6,BOM,BLR,815,0,5.4,0.30475168967475064,1,25,A320,1,0.5219,0,2,0
3,5,3,DEL,BLR,1764,0,12.8,0.42285012911185027,3,41,A320,0,0.4891,1,2,0
0,2,4,BOM,PNQ,154,0,13.1,0.17020642580272866,1,38,A321,0,0.3881,0,8,2
0,0,5,DEL,BOM,1131,2,1.1,0.3813462393134724,10,63,ATR72,1,0.5525,1,0,3
4,3,4,CCU,DEL,1329,0,10.4,0.4276305268694862,16,55,B737,0,0.4711,4,1,1
12,6,3,CCU,DEL,1269,3,4.4,0.42162615928493663,20,57,A321,1,0.9187,4,1,2
22,5,3,GOI,DEL,1856,3,10.0,0.32062707016472847,20,79,B777,1,0.9783,7,1,4
12,3,7,DEL,BLR,1701,0,7.9,0.3744981137745508,16,46,ATR72,0,0.3498,1,2,3
16,5,12,HYD,BOM,636,1,4.6,0.23808253311523742,21,43,ATR72,1,0.5152,3,0,3
6,5,8,DEL,CCU,1268,0,6.5,0.4364978540468747,1,31,A321,0,0.3946,1,4,2
19,5,12,DEL,BLR,1774,0,10.9,0.4337675357476815,17,34,ATR72,1,0.7435,1,2,3
11,6,11,BOM,MAA,1008,0,1.5,0.3012131223490555,9,62,A321,0,0.1705,0,5,2
20,1,7,BOM,BLR,833,2,9.6,0.3034995500264422,10,37,ATR72,1,0.9414,0,2,3
8,3,5,DEL,CCU,1344,0,6.8,0.4950427149630138,18,31,A320,0,0.518,1,4,0
16,0,5,BLR,BOM,825,2,1.7,0.31991833749902954,11,20,ATR72,1,0.728,2,0,3
19,6,5,DEL,CCU,1270,3,13.3,0.4100429334307554,17,38,B737,1,1.0,1,4,1
6,0,12,BOM,BLR,805,0,5.7,0.32133561975348907,15,24,A321,0,0.3285,0,2,2
21,4,2,DEL,BLR,1736,1,5.8,0.3779757041721028,14,25,A320,1,0.5512,1,2,0
12,2,6,BOM,DEL,1146,2,8.6,0.34711224219805664,18,33,B777,1,0.9088,0,1,4
3,3,7,GOI,DEL,1915,1,11.5,0.3766310708892413,6,39,A320,1,0.7207,7,1,0
22,4,10,BOM,DEL,1116,3,9.4,0.41869877578719894,14,30,A321,1,0.9875,0,1,2
6,5,7,BOM,BLR,826,1,8.8,0.25919760086655647,11,84,B777,1,0.6037,0,2,4
2,6,10,DEL,GOI,1881,1,4.6,0.3241559507216401,12,77,B737,0,0.4297,1,7,1
5,2,10,BLR,HYD,518,1,11.9,0.22428771471534903,19,58,ATR72,1,0.5897,2,3,3
4,3,9,BOM,BLR,815,1,11.4,0.27381047896475763,11,43,A320,1,0.7295,0,2,0
14,6,7,BLR,DEL,1724,0,7.8,0.4028794611803749,9,63,ATR72,0,0.3112,2,1,3
16,5,1,DEL,BLR,1759,3,4.5,0.4568655386449222,13,67,B737,1,0.8827,1,2,1
22,1,5,BOM,PNQ,126,1,11.4,0.136874478431666,11,85,A320,1,0.5547,0,8,0
8,2,12,BLR,BOM,853,0,10.4,0.2958724053830579,10,88,B777,1,0.4683,2,0,4
14,6,8,DEL,GOI,1877,0,13.0,0.3456617033399722,7,80,ATR72,1,0.4883,1,7,3
8,3,7,BOM,PNQ,71,0,12.3,0.13264494417513692,3,40,A321,1,0.6231,0,8,2
19,6,4,CCU,DEL,1305,0,5.2,0.4043711696281186,1,32,A320,0,0.4317,4,1,0
6,6,10,HYD,BLR,497,0,4.5,0.22620308742935097,15,29,A320,0,0.3405,3,2,0
19,3,4,BOM,PNQ,155,2,2.7,0.17218197372105443,11,86,A320,1,0.7189,0,8,0
4,3,8,CCU,DEL,1342,0,6.8,0.47182405022855534,18,36,B737,0,0.4587,4,1,1
16,5,1,MAA,BOM,966,1,7.0,0.27038839219368266,7,28,A321,0,0.5082,5,0,2
14,3,3,PNQ,BOM,92,0,13.3,0.10316406158782601,6,86,B737,0,0.2913,8,0,1
1,1,11,DEL,BOM,1184,0,10.4,0.371450109256785,18,46,A321,0,0.4486,1,0,2
1,5,5,BOM,HYD,647,0,9.0,0.26481401228647605,21,76,A320,0,0.3559,0,3,0
20,2,7,BOM,BLR,836,1,6.1,0.24261099813368067,21,73,B777,1,0.647,0,2,4
12,1,5,BOM,PNQ,130,0,8.0,0.13076376081000896,19,36,B737,0,0.2723,0,8,1
11,1,10,CCU,DEL,1339,2,5.3,0.4588215681394504,15,41,A320,1,0.7035,4,1,0
23,6,10,DEL,CCU,1286,1,4.2,0.41849996975019793,13,29,B737,1,0.6174,1,4,1
22,3,1,BOM,BLR,883,0,1.8,0.23818239228459687,13,43,B737,0,0.2153,0,2,1
6,4,6,BOM,PNQ,163,1,4.9,0.17793066511884315,20,42,ATR72,1,0.5912,0,8,3
8,6,2,DEL,GOI,1875,1,4.3,0.32892008874910045,15,41,A321,1,0.6516,1,7,2
5,3,2,MAA,BOM,1052,0,9.6,0.25447522191936034,7,33,B777,0,0.2718,5,0,4
23,3,1,BLR,HYD,530,1,4.5,0.20959358380543547,10,42,B737,0,0.3538,2,3,1
13,4,4,DEL,CCU,1349,1,9.0,0.43581162165042703,1,72,B777,1,0.4743,1,4,4
23,4,5,DEL,AMD,926,1,6.0,0.1607112515315124,5,82,ATR72,0,0.2643,1,6,3
12,2,10,BLR,DEL,1770,1,9.5,0.4313184670199596,20,82,B737,1,0.5725,2,1,1
12,1,12,BOM,MAA,1010,1,5.1,0.29529528513335707,4,31,B777,0,0.3881,0,5,4
5,2,1,BOM,BLR,852,2,8.4,0.31132549511218993,20,85,ATR72,1,0.7245,0,2,3
19,3,3,DEL,AMD,861,2,9.9,0.22372187164369406,19,31,A321,1,0.9095,1,6,2
16,4,8,GOI,DEL,1927,1,7.4,0.3531548682538566,20,58,A321,0,0.5413,7,1,2
15,0,5,HYD,BLR,458,1,2.6,0.19140524552935476,7,82,ATR72,0,0.2766,3,2,3
21,4,7,DEL,AMD,914,0,1.9,0.1783546024525815,3,77,ATR72,0,0.1713,1,6,3
4,4,11,BLR,DEL,1744,0,12.7,0.4326978827484031,15,52,B777,0,0.4231,2,1,4
11,0,11,PNQ,BOM,93,2,5.9,0.1294522594536262,2,79,A320,1,0.5018,8,0,0
21,1,5,BOM,BLR,874,2,2.2,0.3208718928014911,21,68,B737,1,0.6283,0,2,1
21,1,5,AMD,DEL,890,1,7.8,0.21614929614915926,13,36,A320,0,0.4065,6,1,0
22,0,7,BOM,MAA,1050,2,4.7,0.29884419522382466,18,82,ATR72,1,0.7195,0,5,3
18,4,1,BLR,BOM,847,0,13.7,0.25143325192864285,11,42,A321,1,0.5706,2,0,2
17,6,1,CCU,DEL,1257,1,2.7,0.4597621514684534,5,67,ATR72,1,0.5839,4,1,3
18,0,5,BOM,BLR,859,0,13.7,0.2924392764295843,6,78,A321,0,0.467,0,2,2
4,2,5,AMD,DEL,923,0,7.8,0.24911897655632997,21,25,ATR72,0,0.3496,6,1,3
3,2,11,BOM,PNQ,120,2,9.4,0.10916264844992912,9,32,B737,1,0.6637,0,8,1
9,5,10,BOM,BLR,858,0,5.3,0.262446549127389,8,60,A320,0,0.305,0,2,0
16,3,6,PNQ,BOM,111,1,9.0,0.1211051769095601,9,71,A321,0,0.4984,8,0,2
8,4,2,BOM,HYD,604,1,4.0,0.28903921349668327,3,66,ATR72,0,0.4656,0,3,3
7,6,7,BOM,MAA,1037,1,2.9,0.2977617281772981,19,24,B737,1,0.8691,0,5,1
2,5,10,BLR,HYD,528,1,3.9,0.22601754387183332,9,70,A320,0,0.3404,2,3,0
21,2,3,CCU,DEL,1349,0,9.8,0.4194093648572067,6,78,A320,0,0.2678,4,1,0
21,6,3,AMD,DEL,925,1,9.5,0.19540276925830402,12,82,B777,1,0.4782,6,1,4
3,5,10,BOM,MAA,1008,0,2.4,0.2947544287018046,13,35,B777,0,0.2879,0,5,4
22,3,9,DEL,CCU,1266,1,6.1,0.4130349206662484,17,70,A321,1,0.5652,1,4,2
10,6,2,BLR,HYD,500,0,4.6,0.17022746240235645,19,32,A320,0,0.2881,2,3,0
4,5,4,BOM,DEL,1175,2,6.4,0.38323847130744476,18,23,A320,1,0.8533,0,1,0
14,5,7,BOM,MAA,1003,2,5.0,0.35188751704389415,9,47,ATR72,1,0.6908,0,5,3
22,6,2,BOM,PNQ,141,0,11.5,0.19608761351199333,3,21,B777,1,0.5284,0,8,4
11,5,5,PNQ,BOM,105,2,10.3,0.1452840008764053,21,40,ATR72,1,0.9281,8,0,3
12,2,8,BLR,BOM,877,0,6.6,0.27076820829644566,3,48,A321,0,0.2083,2,0,2
14,2,2,BOM,BLR,878,0,6.7,0.257435016385537,10,54,A321,0,0.103,0,2,2
5,1,3,BLR,HYD,473,0,12.8,0.2118550251194441,8,63,B737,0,0.2847,2,3,1
4,6,1,HYD,BOM,605,0,7.4,0.2216406428726949,4,44,B737,0,0.2087,3,0,1
9,5,5,GOI,DEL,1850,0,12.3,0.3259772543258261,15,67,ATR72,1,0.5804,7,1,3
5,5,3,HYD,BOM,641,1,5.3,0.2890259741793081,7,30,B737,0,0.4356,3,0,1
7,6,4,BOM,DEL,1193,0,12.6,0.4296398531899473,7,32,B737,1,0.6419,0,1,1
2,6,11,DEL,GOI,1926,0,7.6,0.3361105479449072,5,32,B737,0,0.2544,1,7,1
9,1,11,BOM,DEL,1151,2,10.5,0.3379302474753386,2,68,B777,1,0.8852,0,1,4
4,3,3,HYD,BLR,484,1,12.0,0.16157234904656095,18,53,A321,1,0.5646,3,2,2
2,0,7,DEL,BOM,1135,1,11.0,0.32708740553210003,14,68,ATR72,1,0.6808,1,0,3
20,4,7,BOM,BLR,882,0,12.7,0.27545036009826024,11,69,B777,1,0.6102,0,2,4
10,6,10,BOM,DEL,1099,1,6.3,0.4094935636790794,16,46,A320,0,0.5138,0,1,0
8,2,5,BOM,DEL,1167,1,8.7,0.38871111270580333,18,79,ATR72,1,0.7055,0,1,3
22,2,6,HYD,BLR,508,2,1.7,0.14798994009518934,15,47,ATR72,1,0.6092,3,2,3
21,6,6,BLR,BOM,869,0,5.4,0.32064556853165804,14,37,B777,0,0.3983,2,0,4
22,5,3,DEL,AMD,902,0,7.0,0.1721002892324648,13,48,B777,0,0.1688,1,6,4
12,0,6,DEL,AMD,841,0,5.4,0.1568545799100832,5,44,A320,0,0.2327,1,6,0
22,3,5,BOM,BLR,833,1,13.8,0.29971445504103855,8,36,B777,1,0.5899,0,2,4
22,2,12,DEL,CCU,1331,2,11.9,0.4945791271941704,11,41,B737,1,0.9178,1,4,1
23,5,5,PNQ,BOM,96,0,12.1,0.1802864793791641,15,48,ATR72,0,0.4221,8,0,3
8,4,10,BOM,PNQ,79,0,6.3,0.1353361571540924,8,35,A320,0,0.3241,0,8,0
17,0,1,BOM,PNQ,97,2,4.1,0.11911249749764295,3,68,B777,1,0.6476,0,8,4
19,1,9,BOM,MAA,1024,1,12.9,0.32411738301381054,8,80,A321,1,0.7796,0,5,2
14,4,4,MAA,BOM,987,0,13.2,0.31106825282048806,11,56,B777,0,0.3744,5,0,4
10,2,2,DEL,GOI,1877,0,11.3,0.32954229842766053,1,36,A320,0,0.4018,1,7,0
22,5,9,BOM,DEL,1188,0,9.2,0.3586854433893811,16,32,B777,1,0.5635,0,1,4
20,3,10,DEL,CCU,1353,0,13.6,0.4868396209461901,18,29,B777,1,0.7947,1,4,4
14,2,8,BLR,HYD,496,1,10.3,0.1330141317722528,16,35,B777,1,0.7232,2,3,4
20,4,7,CCU,DEL,1278,0,4.7,0.4062764037914254,21,30,A320,1,0.5825,4,1,0
22,2,8,BLR,BOM,808,2,2.7,0.2935611857822224,13,63,ATR72,1,0.6674,2,0,3
9,6,9,DEL,BOM,1098,0,7.3,0.3599848633210081,18,57,A321,1,0.544,1,0,2
16,5,6,DEL,AMD,882,0,7.3,0.16094433271032688,21,53,B777,0,0.3144,1,6,4
12,1,8,BOM,HYD,628,1,4.8,0.20089942928174312,5,52,A320,0,0.3804,0,3,0
5,3,12,DEL,GOI,1933,0,10.4,0.38580541790063455,21,37,ATR72,1,0.5243,1,7,3
20,5,6,BOM,MAA,973,3,13.2,0.3127699514738719,6,69,ATR72,1,1.0,0,5,3
9,3,9,BOM,BLR,825,0,7.6,0.2571509926737889,10,31,B737,0,0.4229,0,2,1
6,1,11,BOM,BLR,854,0,10.2,0.2548695940667005,20,29,ATR72,1,0.5519,0,2,3
8,2,10,DEL,BOM,1098,0,5.4,0.31969930558389403,15,28,A320,0,0.4779,1,0,0
23,1,3,MAA,BOM,980,0,5.0,0.2820704093363569,18,78,B777,0,0.2128,5,0,4
7,1,6,HYD,BOM,614,1,3.5,0.26047954058617384,20,76,ATR72,1,0.6542,3,0,3
5,4,12,BOM,HYD,573,2,4.6,0.27095791938782654,4,77,B777,1,0.5084,0,3,4
18,1,3,DEL,AMD,889,0,6.3,0.21480287939401654,17,32,A320,0,0.4059,1,6,0
18,4,10,DEL,AMD,871,0,2.1,0.2345901667437113,21,73,A320,0,0.3438,1,6,0
17,5,12,BLR,HYD,495,3,6.5,0.2181681995814269,12,41,ATR72,1,1.0,2,3,3
2,4,9,DEL,AMD,873,0,8.2,0.2101702490145793,13,21,A321,0,0.4841,1,6,2
10,6,6,HYD,BLR,463,0,8.8,0.15946850063001866,4,77,B737,0,0.3138,3,2,1
16,6,9,DEL,CCU,1258,1,10.2,0.4771652200418909,3,73,A320,1,0.7409,1,4,0
20,6,7,BLR,BOM,817,1,1.1,0.27963815234947187,9,63,B777,1,0.6119,2,0,4
0,5,8,BOM,PNQ,163,0,8.6,0.16886891509311674,15,38,B737,1,0.4875,0,8,1
11,3,4,BOM,MAA,999,0,5.3,0.33304160284191187,18,34,B777,0,0.3032,0,5,4
18,1,12,HYD,BOM,615,0,3.0,0.2901178718354271,6,52,B777,0,0.266,3,0,4
11,0,5,BLR,DEL,1700,0,2.2,0.37820991618716504,9,57,B737,0,0.1513,2,1,1
7,1,9,MAA,BOM,1044,0,11.3,0.2724521035137131,4,23,A321,1,0.709,5,0,2
4,5,2,GOI,DEL,1864,1,4.3,0.3551889791641978,3,66,A321,0,0.3921,7,1,2
15,6,12,DEL,AMD,880,0,12.2,0.23573313701326598,13,40,ATR72,0,0.4643,1,6,3
12,1,3,BLR,BOM,822,0,3.3,0.27045833721504386,15,27,A321,0,0.3082,2,0,2
22,4,4,PNQ,BOM,124,2,4.3,0.1034083142198047,5,26,ATR72,1,0.6414,8,0,3
19,4,11,DEL,BLR,1728,0,7.6,0.45926153340890313,11,85,B777,0,0.3837,1,2,4
14,5,10,DEL,GOI,1936,0,5.1,0.37926249014508284,10,48,ATR72,0,0.2017,1,7,3
4,3,1,MAA,BOM,1017,0,11.4,0.3215347021287474,13,73,ATR72,0,0.3786,5,0,3
2,5,8,DEL,AMD,931,0,3.0,0.18998339976426498,5,82,A321,0,0.226,1,6,2
11,3,4,GOI,DEL,1878,0,3.3,0.28775689072621347,15,52,A320,0,0.1651,7,1,0
17,1,5,BOM,MAA,1003,1,12.9,0.29179548546601175,17,29,B737,1,0.9167,0,5,1
3,1,3,DEL,CCU,1328,0,1.6,0.4104206437537851,19,70,A320,0,0.2642,1,4,0
23,4,3,CCU,DEL,1309,0,4.4,0.4386107117937223,8,33,B737,0,0.2454,4,1,1
16,4,5,BLR,BOM,797,0,13.0,0.26900330798355465,19,40,A320,0,0.4776,2,0,0
11,0,12,BLR,HYD,482,1,3.4,0.1798557640281776,17,69,ATR72,0,0.3719,2,3,3
3,2,3,DEL,BOM,1192,0,1.8,0.39472278014609896,1,79,B777,0,0.1579,1,0,4
10,5,9,PNQ,BOM,83,0,13.7,0.1747288812120349,9,40,A320,1,0.5399,8,0,0
22,4,10,HYD,BOM,627,2,12.7,0.24916840101466114,20,53,A320,1,0.7997,3,0,0
18,2,11,CCU,DEL,1289,0,8.3,0.4543499864284096,15,33,A321,1,0.5517,4,1,2
15,5,10,GOI,DEL,1866,0,13.9,0.30045063133991234,7,76,B737,0,0.3702,7,1,1
11,0,8,DEL,GOI,1865,0,12.7,0.3580531504457736,18,65,ATR72,1,0.5432,1,7,3
22,3,4,BOM,BLR,875,0,1.3,0.3069658196611877,19,77,B737,0,0.2228,0,2,1
10,1,12,PNQ,BOM,152,3,9.7,0.13260050794163444,19,63,A320,1,0.903,8,0,0
16,2,1,BOM,BLR,829,1,2.3,0.24402823085996772,8,32,ATR72,0,0.3676,0,2,3
7,5,2,BOM,DEL,1106,1,6.3,0.3445416150092615,12,40,ATR72,1,0.6578,0,1,3
6,2,8,BOM,BLR,803,0,10.0,0.30400055386090463,2,44,A321,0,0.3916,0,2,2
21,1,5,DEL,AMD,921,0,8.5,0.24005779305631647,12,30,A321,0,0.316,1,6,2
12,4,6,HYD,BLR,504,3,9.3,0.1554612514663497,3,25,B777,1,1.0,3,2,4
0,0,12,BLR,DEL,1746,1,12.0,0.36832528857277536,21,55,B777,1,0.6473,2,1,4
4,2,3,DEL,GOI,1883,1,1.3,0.3993630141925373,2,75,A321,0,0.3597,1,7,2
20,0,10,DEL,CCU,1345,0,6.1,0.48176105309172434,15,40,ATR72,1,0.4627,1,4,3
5,2,10,PNQ,BOM,81,0,13.8,0.13876008213987062,10,31,A321,0,0.3755,8,0,2
9,1,2,HYD,BOM,579,1,3.3,0.2735514901677154,5,53,B737,0,0.4594,3,0,1
9,4,1,DEL,CCU,1300,0,10.6,0.4618641516546265,4,32,A321,1,0.6047,1,4,2
0,5,8,DEL,BLR,1721,1,10.1,0.45540154152059414,13,22,A320,1,0.9322,1,2,0
14,0,12,CCU,DEL,1313,0,3.4,0.4640571551713177,7,28,A321,0,0.3356,4,1,2
12,5,8,DEL,AMD,901,3,12.3,0.19170588807525227,11,81,B777,1,1.0,1,6,4
16,2,9,AMD,DEL,913,1,6.1,0.20840123255192922,7,44,B737,0,0.4534,6,1,1
20,1,9,HYD,BLR,532,0,13.7,0.21288533698737658,2,70,B737,1,0.5352,3,2,1
9,6,12,BLR,DEL,1789,0,3.7,0.3700646408889395,16,66,A320,0,0.448,2,1,0
22,5,11,MAA,BOM,982,1,12.4,0.30246211016193747,1,65,B737,1,0.571,5,0,1
11,2,6,BOM,DEL,1119,0,8.6,0.38944640485272364,16,36,B777,1,0.5258,0,1,4
4,3,12,BOM,BLR,809,1,10.5,0.2739180946499421,17,62,ATR72,1,0.6096,0,2,3
17,0,3,BLR,HYD,491,2,1.7,0.18297659853858403,4,27,ATR72,1,0.7732,2,3,3
5,1,5,DEL,GOI,1895,1,5.8,0.30443890012069175,1,88,ATR72,0,0.3218,1,7,3
23,5,2,DEL,BLR,1706,0,9.3,0.4271526199037369,9,50,B777,0,0.3209,1,2,4
8,3,6,CCU,DEL,1284,1,13.1,0.4658410253882954,20,57,A321,1,0.9363,4,1,2
2,6,12,PNQ,BOM,158,1,3.5,0.18820755099674588,9,34,ATR72,0,0.4453,8,0,3
2,2,12,DEL,BLR,1787,0,6.2,0.37683811221074315,12,38,ATR72,0,0.2707,1,2,3
9,0,7,BOM,DEL,1171,3,12.1,0.3687966333383824,11,85,B777,1,1.0,0,1,4
4,4,8,BOM,BLR,847,0,9.5,0.3144694911795583,2,57,A320,0,0.3258,0,2,0
21,6,2,HYD,BOM,614,1,6.7,0.28181685496662917,13,25,A320,1,0.5627,3,0,0
5,4,12,BLR,HYD,481,0,4.9,0.15469849177110317,6,23,A320,0,0.2119,2,3,0
9,0,4,BLR,DEL,1747,2,13.3,0.3580014607826988,1,44,ATR72,1,0.9632,2,1,3
2,3,9,DEL,BLR,1752,0,3.4,0.37340493815535625,16,20,A321,0,0.4994,1,2,2
6,0,10,DEL,GOI,1862,0,13.1,0.34080921363046984,1,54,ATR72,0,0.3363,1,7,3
4,2,12,AMD,DEL,883,0,3.0,0.2161202472132136,11,64,B737,0,0.1364,6,1,1
10,0,12,DEL,BLR,1738,2,11.7,0.42894208062071,5,67,ATR72,1,0.7716,1,2,3
17,6,2,BOM,PNQ,146,2,10.1,0.19261742576066232,3,51,A320,1,0.927,0,8,0
0,6,4,DEL,GOI,1936,0,10.8,0.397218207796676,16,49,B777,1,0.5089,1,7,4
5,2,10,HYD,BLR,524,3,4.5,0.17751077033183157,15,85,ATR72,1,0.721,3,2,3
11,4,4,BLR,DEL,1761,1,8.4,0.40578448250391125,13,88,ATR72,1,0.5123,2,1,3
12,0,11,BOM,PNQ,106,0,1.7,0.17184742147759252,15,39,ATR72,0,0.2387,0,8,3
4,0,2,HYD,BOM,588,3,2.3,0.27117381207029184,1,73,A320,1,0.7085,3,0,0
12,5,6,BOM,BLR,855,1,9.6,0.3262865569781448,3,64,A320,1,0.5805,0,2,0
10,3,7,AMD,DEL,906,1,3.9,0.20029909306643545,5,71,B777,0,0.3801,6,1,4
20,2,5,BOM,PNQ,94,0,2.5,0.1429711379662389,4,66,A321,0,0.2572,0,8,2
19,5,9,PNQ,BOM,127,0,2.7,0.166587981578378,21,87,A320,1,0.5166,8,0,0
17,4,7,HYD,BLR,548,0,2.9,0.15844904118536504,12,24,A320,1,0.5134,3,2,0
9,2,7,BLR,BOM,817,0,1.9,0.264131274449416,7,21,A321,0,0.5057,2,0,2
14,1,7,MAA,BOM,990,2,6.1,0.3244924267283,2,45,B737,1,0.6298,5,0,1
13,5,8,BOM,PNQ,100,1,8.2,0.14177675448432034,19,62,A321,1,0.6567,0,8,2
16,1,10,MAA,BOM,1011,2,11.7,0.3150356401985861,19,32,B777,1,0.896,5,0,4
3,2,7,BOM,BLR,861,0,5.7,0.27893310801824284,20,48,B777,0,0.3116,0,2,4
16,0,8,BOM,MAA,966,0,2.6,0.3508630627243125,21,88,B737,0,0.3403,0,5,1
5,6,12,BLR,HYD,544,0,10.8,0.14891718636017093,19,21,ATR72,1,0.5596,2,3,3
20,6,8,DEL,CCU,1293,1,1.4,0.48273689113661883,11,54,ATR72,1,0.7431,1,4,3
11,6,10,BLR,HYD,492,0,4.8,0.1886879791796759,20,38,A321,0,0.2955,2,3,2
13,5,12,DEL,CCU,1285,0,1.8,0.4194845931967461,3,40,A320,0,0.2878,1,4,0
6,1,2,BLR,DEL,1751,0,7.1,0.44987928508555386,18,50,B777,0,0.28,2,1,4
8,2,7,BLR,DEL,1692,1,9.4,0.36780654383247324,18,30,ATR72,1,0.8671,2,1,3
3,0,8,MAA,BOM,1043,0,5.8,0.335186417451415,3,63,A321,0,0.2341,5,0,2
22,0,7,CCU,DEL,1314,0,5.7,0.40591100177458334,5,40,A321,0,0.3324,4,1,2
9,2,9,DEL,GOI,1915,3,12.7,0.3286552828601061,15,82,A321,1,1.0,1,7,2
14,5,3,HYD,BOM,657,0,8.5,0.2945227880831073,13,66,ATR72,0,0.3178,3,0,3
21,6,1,DEL,CCU,1324,0,10.3,0.4732914299169505,17,64,A320,1,0.5393,1,4,0
17,1,5,BLR,HYD,544,0,4.2,0.13997680338508062,7,40,A320,0,0.276,2,3,0
1,4,8,BOM,HYD,662,0,4.7,0.22751890724275417,17,54,ATR72,0,0.291,0,3,3
21,2,8,BOM,BLR,889,0,1.1,0.26439759976105714,10,50,A321,0,0.2058,0,2,2
16,5,4,BLR,DEL,1774,1,3.4,0.4155619880444989,9,30,A320,1,0.4862,2,1,0
19,3,8,BLR,BOM,887,3,7.9,0.2788976996248032,10,32,A320,1,1.0,2,0,0
3,1,8,BLR,DEL,1756,0,12.8,0.4390068958314504,8,76,A320,0,0.4756,2,1,0
0,2,6,PNQ,BOM,165,0,3.7,0.13090271209146484,12,33,A321,0,0.3224,8,0,2
5,0,10,GOI,DEL,1920,0,10.9,0.3455104364958189,12,21,ATR72,1,0.5382,7,1,3
22,6,3,HYD,BOM,656,0,5.2,0.22773187928578079,11,67,ATR72,0,0.1911,3,0,3
3,0,2,BOM,BLR,870,0,4.0,0.25037343410997787,17,49,B737,0,0.2001,0,2,1
23,2,12,BLR,DEL,1785,3,2.5,0.37077155217246915,9,59,B777,1,0.7483,2,1,4
9,1,8,BLR,BOM,797,0,13.4,0.32052816039710263,6,45,B737,1,0.5782,2,0,1
2,1,11,BOM,BLR,832,0,3.5,0.28122230574475393,14,85,B777,0,0.1625,0,2,4
18,4,3,DEL,BLR,1773,0,13.3,0.4242855351031339,1,38,A321,1,0.5897,1,2,2
19,5,7,DEL,GOI,1926,0,4.5,0.3491709069435956,11,39,A320,1,0.5597,1,7,0
9,1,10,DEL,BLR,1741,1,9.4,0.42815158343218784,10,26,B737,1,0.7713,1,2,1
21,5,9,MAA,BOM,1039,3,12.4,0.30909169240254286,1,57,A321,1,1.0,5,0,2
21,4,3,BOM,HYD,647,0,4.4,0.24515282148790868,1,83,A320,0,0.0981,0,3,0
10,0,12,MAA,BOM,1035,1,9.1,0.2546540039564974,7,84,B737,0,0.4019,5,0,1
11,5,3,CCU,DEL,1292,0,12.7,0.41036129658270326,20,70,A320,0,0.5141,4,1,0
4,2,2,BLR,BOM,823,0,11.2,0.30418748974571014,5,56,A321,0,0.3217,2,0,2
4,1,10,BLR,DEL,1731,0,7.9,0.3566508395466582,3,31,A321,0,0.2127,2,1,2
17,0,9,BLR,HYD,519,0,12.1,0.13126011011137706,11,82,B777,1,0.5525,2,3,4
17,1,8,BOM,PNQ,124,2,8.9,0.17251923426447116,1,46,B737,1,0.869,0,8,1
0,1,9,BLR,BOM,831,0,12.5,0.3453082312222383,1,27,A321,1,0.5881,2,0,2
17,5,11,MAA,BOM,991,0,1.4,0.2910416095426529,7,67,A321,0,0.3164,5,0,2
7,6,9,DEL,CCU,1313,0,10.1,0.4841188705071247,8,61,A320,1,0.6936,1,4,0
7,6,2,CCU,DEL,1341,0,3.1,0.4448344476009238,10,78,ATR72,0,0.3779,4,1,3
17,3,8,BOM,MAA,1032,2,13.5,0.36542577457458636,11,82,A321,1,1.0,0,5,2
20,1,9,CCU,DEL,1285,0,13.0,0.42513299156559525,18,24,B777,1,0.8701,4,1,4
22,2,4,BLR,HYD,540,1,12.5,0.17128880298653582,4,34,B737,1,0.5385,2,3,1
19,3,2,DEL,CCU,1317,3,10.9,0.4319748401226564,12,66,A320,1,1.0,1,4,0
18,3,7,AMD,DEL,935,0,4.7,0.20368694168458648,8,50,A321,0,0.3315,6,1,2
15,3,2,CCU,DEL,1330,0,7.6,0.4469258542989566,3,20,B737,0,0.3288,4,1,1
6,6,1,MAA,BOM,1059,2,6.9,0.34877295553064414,1,58,B777,1,0.5895,5,0,4
19,6,1,DEL,BOM,1119,0,13.2,0.35780832503647575,11,36,A321,1,0.6631,1,0,2
19,2,10,HYD,BOM,608,0,8.3,0.2545957490060112,14,50,B737,0,0.4018,3,0,1
14,5,8,AMD,DEL,908,1,8.2,0.21773615269606955,15,50,B777,1,0.5871,6,1,4
12,5,10,BLR,DEL,1780,0,8.6,0.3772231942019064,6,83,ATR72,0,0.3009,2,1,3
12,3,2,PNQ,BOM,156,0,2.2,0.15600129942084606,12,28,A321,0,0.3124,8,0,2
1,0,7,BOM,DEL,1187,3,2.6,0.3344389704175186,2,63,ATR72,1,0.8338,0,1,3
14,2,6,BLR,BOM,843,1,4.1,0.29446444143253614,20,88,B777,0,0.5178,2,0,4
20,4,8,DEL,BLR,1775,0,9.7,0.41557193800652864,6,46,B777,1,0.5162,1,2,4
15,2,6,AMD,DEL,843,0,4.0,0.19725716694184145,10,24,A320,0,0.3289,6,1,0
23,5,7,CCU,DEL,1298,1,11.3,0.4495353706480706,3,32,A321,1,0.7998,4,1,2
6,3,6,BOM,PNQ,138,0,8.2,0.18277621636516334,21,29,ATR72,1,0.5731,0,8,3
22,2,2,BLR,BOM,812,0,11.2,0.2950435113390055,9,80,A320,0,0.318,2,0,0
16,5,5,GOI,DEL,1855,2,10.2,0.3463325857881668,6,50,A321,1,0.7885,7,1,2
0,5,7,DEL,CCU,1326,2,2.4,0.41383908782073386,7,27,A321,1,0.8655,1,4,2
14,6,3,BOM,HYD,585,1,13.8,0.2651167678082532,11,22,A320,1,0.756,0,3,0
10,1,1,HYD,BLR,498,1,13.3,0.16665975768304173,10,59,B737,0,0.4667,3,2,1
6,3,9,HYD,BOM,619,1,3.8,0.28150933658744015,4,68,A321,0,0.4126,3,0,2
1,5,11,BOM,PNQ,124,1,1.6,0.1402092749410997,6,30,ATR72,0,0.4261,0,8,3
5,1,9,DEL,BOM,1111,0,4.9,0.37980155187044523,20,79,A320,0,0.3519,1,0,0
0,0,4,DEL,AMD,843,1,6.2,0.23629206245682344,6,56,B737,0,0.2945,1,6,1
9,0,6,CCU,DEL,1278,1,2.1,0.44430935582189973,21,24,A320,1,0.8777,4,1,0
13,6,8,BOM,PNQ,114,0,1.5,0.10173640758849456,11,34,B737,0,0.3607,0,8,1
18,0,4,BLR,HYD,499,2,13.2,0.1520067714754862,9,83,ATR72,1,0.8108,2,3,3
13,1,9,DEL,BLR,1717,1,3.9,0.466914162004986,7,86,A320,1,0.4868,1,2,0
10,3,10,GOI,DEL,1921,0,8.8,0.2942278908685789,12,83,A321,0,0.2677,7,1,2
23,3,1,DEL,BOM,1100,0,13.4,0.383978403561739,20,47,ATR72,0,0.4536,1,0,3
1,0,1,BLR,HYD,508,0,2.9,0.22655469178939452,19,26,B737,0,0.3406,2,3,1
15,3,7,BOM,HYD,648,0,3.1,0.2473458352419769,16,40,A320,0,0.3689,0,3,0
13,2,2,BOM,DEL,1102,3,13.6,0.3714817124758859,8,55,A321,1,0.9486,0,1,2
10,2,12,BLR,HYD,500,1,12.9,0.2233273500457737,20,47,ATR72,1,0.5893,2,3,3
11,6,8,DEL,BLR,1752,0,6.3,0.4594368232959732,16,56,A321,0,0.4338,1,2,2
18,3,6,HYD,BOM,587,1,11.3,0.28074962977318807,13,40,B777,1,0.8823,3,0,4
14,6,12,GOI,DEL,1907,0,7.1,0.3360303422081213,21,82,ATR72,0,0.2844,7,1,3
22,2,12,BOM,HYD,664,2,11.3,0.21938763993928193,16,65,ATR72,1,0.7878,0,3,3
15,4,3,HYD,BLR,474,0,7.7,0.22789024536458702,6,82,B777,0,0.0912,3,2,4
21,5,9,DEL,BOM,1165,0,7.9,0.36272235829079824,18,78,B737,0,0.3951,1,0,1
17,0,9,BOM,HYD,601,2,3.0,0.20569349569373135,3,48,A321,1,0.7323,0,3,2
12,2,5,DEL,BLR,1779,0,2.3,0.37535988919288693,17,49,B777,0,0.2501,1,2,4
10,0,5,HYD,BLR,464,1,13.6,0.17450329664650627,1,57,A321,0,0.4698,3,2,2
23,1,3,HYD,BLR,474,0,9.1,0.22849177626043926,2,28,B777,0,0.3414,3,2,4
3,1,7,DEL,BOM,1111,2,6.8,0.3435841103652012,12,25,B737,1,0.8374,1,0,1
7,5,8,AMD,DEL,878,0,8.9,0.19760719123658632,13,77,A320,1,0.529,6,1,0
15,2,9,GOI,DEL,1887,3,11.4,0.32421063277929973,8,40,A321,1,1.0,7,1,2
8,1,9,MAA,BOM,972,1,11.8,0.28261258314516735,6,22,A320,1,0.913,5,0,0
16,1,8,BLR,HYD,452,1,11.3,0.18130952456686847,17,40,A320,1,0.7425,2,3,0
5,0,2,HYD,BLR,486,0,7.1,0.16914516476454075,10,56,A321,0,0.0677,3,2,2
17,5,10,BLR,HYD,543,2,13.5,0.14776362265442958,9,34,B737,1,0.9291,2,3,1
17,0,2,BLR,DEL,1743,0,8.0,0.39499386621389576,4,29,ATR72,0,0.458,2,1,3
22,1,4,MAA,BOM,1001,0,4.1,0.3422281411194817,6,70,B737,0,0.1369,5,0,1
4,0,11,DEL,CCU,1273,2,3.3,0.4308075995989664,9,67,B777,1,0.5723,1,4,4
21,0,7,AMD,DEL,903,0,4.2,0.24105991913417515,5,85,A321,0,0.1964,6,1,2
23,3,10,BOM,BLR,882,2,3.3,0.3163703903777906,17,84,A320,1,0.6265,0,2,0
0,6,3,BLR,BOM,814,2,4.0,0.3315493723240942,12,88,B737,1,0.6326,2,0,1
6,5,6,BOM,PNQ,143,2,2.2,0.1733752249416608,14,58,B777,1,0.7194,0,8,4
13,0,1,BOM,MAA,1024,0,8.7,0.30724840325041086,11,46,A320,0,0.2729,0,5,0
12,5,4,BOM,PNQ,77,0,11.7,0.1920179682238633,2,36,A320,0,0.4468,0,8,0
7,4,5,AMD,DEL,844,0,11.7,0.20428640579458623,8,32,ATR72,1,0.5017,6,1,3
15,5,1,GOI,DEL,1889,1,12.6,0.30769897817848857,9,71,A320,1,0.5731,7,1,0
23,4,6,AMD,DEL,908,1,8.2,0.26531748511940245,14,79,ATR72,1,0.5561,6,1,3
2,1,8,DEL,CCU,1285,0,11.6,0.40119798296660714,2,58,A321,0,0.4605,1,4,2
13,3,6,HYD,BLR,507,3,3.8,0.2385903827123464,14,59,B777,1,0.8454,3,2,4
20,0,12,BOM,MAA,990,0,13.8,0.2805273062206338,15,24,A321,1,0.6622,0,5,2
22,1,9,BOM,DEL,1149,1,2.4,0.35298389957986953,12,55,ATR72,1,0.4912,0,1,3
11,2,8,GOI,DEL,1876,1,8.3,0.2919073425982741,6,27,B737,1,0.6668,7,1,1
1,3,4,CCU,DEL,1328,0,10.3,0.4482008998498227,6,49,A321,0,0.3793,4,1,2
10,0,5,GOI,DEL,1905,1,7.4,0.34177312163546303,6,73,ATR72,0,0.3367,7,1,3
9,1,8,HYD,BLR,535,0,4.0,0.20390125942134332,7,67,A320,0,0.3316,3,2,0
13,1,8,AMD,DEL,869,2,3.2,0.17735796381597516,4,34,ATR72,1,0.6409,6,1,3
18,4,5,CCU,DEL,1261,0,12.9,0.3856227430115461,13,87,B777,1,0.5542,4,1,4
21,3,11,BOM,DEL,1144,3,8.9,0.40214854094365493,16,55,A320,1,0.9609,0,1,0
12,3,11,DEL,BLR,1712,0,2.7,0.38717655901154785,13,20,ATR72,0,0.3549,1,2,3
22,5,4,HYD,BOM,656,0,4.6,0.30516264370920854,21,82,A320,0,0.2721,3,0,0
17,0,6,AMD,DEL,908,1,6.1,0.2547617785228873,10,45,B777,1,0.5519,6,1,4
15,5,8,DEL,GOI,1928,0,2.1,0.3191649225631994,11,45,B737,0,0.3277,1,7,1
11,3,11,BOM,PNQ,92,0,3.9,0.12447929064157706,2,51,A320,0,0.0998,0,8,0
0,4,12,GOI,DEL,1931,2,7.9,0.36778191725700715,14,59,B737,1,0.5971,7,1,1
4,2,8,DEL,AMD,840,0,6.4,0.19451996462706345,13,81,B737,0,0.2278,1,6,1
1,3,3,BOM,BLR,889,0,1.7,0.24173427064036895,14,58,A320,0,0.1467,0,2,0
5,1,8,MAA,BOM,1003,0,1.7,0.29008632388049266,8,77,A320,0,0.216,5,0,0
12,6,4,BOM,PNQ,90,3,2.3,0.17878827550354454,8,43,B737,1,0.8415,0,8,1
1,2,6,DEL,CCU,1343,0,4.7,0.43433167948811047,6,51,B777,0,0.2737,1,4,4
19,4,7,BOM,BLR,881,0,9.3,0.32615168066268196,18,73,ATR72,1,0.5805,0,2,3
0,2,3,CCU,DEL,1281,1,1.7,0.46145851335678095,13,61,A321,0,0.4346,4,1,2
2,4,4,DEL,AMD,863,2,9.0,0.23554328533030777,8,77,ATR72,1,0.5942,1,6,3
14,5,2,DEL,GOI,1856,2,1.1,0.3630912926465823,2,52,B777,1,0.5952,1,7,4
8,3,3,BOM,HYD,660,0,5.9,0.23074759352055824,21,44,B777,0,0.4123,0,3,4
2,3,6,DEL,AMD,897,0,4.7,0.15982652058133204,20,50,ATR72,0,0.2639,1,6,3
21,2,9,BOM,MAA,982,0,12.6,0.3081897487642531,16,55,A321,1,0.5233,0,5,2
18,2,2,DEL,AMD,938,0,1.5,0.20344614947418083,11,65,ATR72,0,0.2814,1,6,3
14,4,10,PNQ,BOM,136,0,9.8,0.11667571282404818,9,60,A320,0,0.1967,8,0,0
5,0,2,BOM,MAA,1051,0,12.6,0.34527628411359523,19,46,B777,0,0.4381,0,5,4
7,6,3,AMD,DEL,930,0,11.4,0.18912539114453433,12,71,ATR72,1,0.5257,6,1,3
11,5,6,DEL,AMD,930,0,7.6,0.1624239473863474,1,74,A320,0,0.215,1,6,0
15,3,9,BLR,BOM,861,0,11.9,0.32495035191817423,14,24,B737,1,0.63,2,0,1
2,0,7,BOM,DEL,1135,0,9.8,0.39383535841526274,14,67,ATR72,0,0.4075,0,1,3
8,6,2,GOI,DEL,1923,0,10.8,0.34402853675745637,20,81,B737,1,0.6376,7,1,1
17,5,4,DEL,AMD,863,0,5.2,0.176936496988714,5,54,A320,0,0.2708,1,6,0
5,6,10,GOI,DEL,1856,0,6.1,0.3506938972921875,11,57,B777,0,0.2403,7,1,4
0,1,9,MAA,BOM,988,0,4.0,0.3277829979140204,5,37,B777,0,0.3011,5,0,4
2,3,4,DEL,CCU,1311,2,1.6,0.4598505968240625,9,31,ATR72,1,0.6539,1,4,3
13,3,6,BOM,HYD,586,0,3.5,0.2691166729780754,1,34,A321,0,0.2776,0,3,2
16,1,5,BLR,BOM,842,3,5.6,0.3240284340262835,19,41,B777,1,0.8996,2,0,4
12,0,6,BLR,DEL,1713,0,10.1,0.42709630244853775,12,23,A321,1,0.6708,2,1,2
0,6,5,MAA,BOM,1064,2,9.8,0.3251462535627814,10,71,A320,1,0.6801,5,0,0
12,3,3,DEL,GOI,1878,0,9.1,0.32940190711937434,9,25,B737,0,0.3818,1,7,1
10,2,9,GOI,DEL,1872,1,3.3,0.37365760840737317,10,46,A320,0,0.4495,7,1,0
17,3,7,DEL,CCU,1275,0,2.9,0.47124297326849474,8,82,B777,0,0.4385,1,4,4
0,3,7,MAA,BOM,977,0,11.1,0.3213153983892991,5,82,A321,0,0.4285,5,0,2
14,2,8,BOM,MAA,985,0,9.8,0.29127132949517964,3,81,B777,0,0.3165,0,5,4
11,4,9,AMD,DEL,851,0,1.9,0.18004662115085007,21,66,ATR72,0,0.272,6,1,3
8,4,7,HYD,BLR,537,0,4.0,0.21568447961299841,2,79,A321,0,0.3363,3,2,2
15,5,1,PNQ,BOM,87,0,13.2,0.15601624168030492,15,32,B777,0,0.4824,8,0,4
3,1,6,DEL,AMD,868,1,7.3,0.21972331404402706,2,77,A321,0,0.3879,1,6,2
23,1,5,CCU,DEL,1347,0,9.5,0.4219199709889949,14,29,ATR72,0,0.4688,4,1,3
5,0,6,HYD,BLR,535,1,6.3,0.17604316876805043,15,48,B737,0,0.4204,3,2,1
12,2,9,DEL,BOM,1116,0,10.7,0.3240971534905118,18,23,A321,1,0.6796,1,0,2
21,5,8,BLR,DEL,1729,1,10.3,0.376831569037524,11,61,A321,1,0.7507,2,1,2
1,3,9,CCU,DEL,1271,2,13.3,0.47158530999417525,7,51,ATR72,1,0.8886,4,1,3
0,5,6,GOI,DEL,1924,3,4.0,0.3618061560272259,16,26,A321,1,1.0,7,1,2
11,6,10,MAA,BOM,1008,0,3.2,0.26850128921529903,11,85,A321,0,0.2074,5,0,2
12,4,6,HYD,BLR,467,0,10.9,0.22376609057760555,19,20,A320,1,0.6395,3,2,0
10,4,2,DEL,BOM,1116,0,12.6,0.31993324597142137,21,87,B777,0,0.428,1,0,4
14,6,4,DEL,AMD,873,1,3.8,0.24347423629769827,9,84,A321,0,0.3474,1,6,2
23,0,8,BOM,MAA,1017,2,6.6,0.27740045756995024,20,44,A320,1,0.781,0,5,0
19,2,10,BOM,PNQ,150,0,1.8,0.12838582491441752,20,24,A320,0,0.5014,0,8,0
8,6,7,BLR,BOM,882,1,10.1,0.2701201346844406,8,84,A320,1,0.808,2,0,0
17,5,6,BOM,HYD,661,0,5.6,0.20205976247553473,8,49,A320,0,0.3808,0,3,0
2,1,6,BOM,MAA,1039,2,1.4,0.28837586811411586,3,32,A320,1,0.6854,0,5,0
17,0,4,BOM,PNQ,128,1,8.6,0.11558389848041184,9,64,B737,1,0.5462,0,8,1
5,4,10,DEL,BOM,1125,0,12.7,0.3892666015822917,9,76,A321,0,0.3557,1,0,2
3,0,3,BOM,PNQ,71,0,5.1,0.13193168504167357,6,89,A320,0,0.1028,0,8,0
5,3,2,BOM,DEL,1160,1,5.7,0.4117165183465944,21,85,ATR72,0,0.4647,0,1,3
16,1,6,DEL,BLR,1709,3,5.0,0.4457414278908923,12,25,B777,1,1.0,1,2,4
14,2,6,BOM,DEL,1104,0,9.0,0.40149231264211244,19,46,ATR72,0,0.4606,0,1,3
20,3,1,DEL,AMD,934,0,8.9,0.21070819639211727,15,69,A321,0,0.3843,1,6,2
22,3,2,DEL,CCU,1275,0,1.2,0.42973977731577234,21,69,A321,0,0.2719,1,4,2
9,5,6,MAA,BOM,969,0,7.2,0.2884280568459755,4,35,A320,1,0.4854,5,0,0
11,2,6,BOM,MAA,1019,1,5.3,0.3646887482274853,20,26,ATR72,1,0.6959,0,5,3
4,4,8,HYD,BOM,629,0,9.3,0.27008312662866024,4,46,ATR72,0,0.308,3,0,3
5,3,2,PNQ,BOM,145,0,11.2,0.09931405090448767,19,64,ATR72,0,0.3897,8,0,3
0,5,8,BLR,DEL,1717,0,8.0,0.37549923964109494,19,53,B737,0,0.4002,2,1,1
0,0,11,PNQ,BOM,111,0,8.0,0.0931173082317731,18,54,ATR72,0,0.1872,8,0,3
2,4,11,DEL,BLR,1762,0,4.4,0.3856671894583481,7,66,B737,0,0.1543,1,2,1
19,4,11,BOM,MAA,1022,0,3.0,0.2790383242803451,3,80,A321,0,0.2616,0,5,2
22,6,11,BOM,PNQ,99,1,10.4,0.10433633001682269,11,30,B777,1,0.6617,0,8,4
18,3,11,CCU,DEL,1281,0,5.6,0.3891334938407308,10,22,B777,0,0.4557,4,1,4
12,5,8,GOI,DEL,1895,0,11.2,0.28501264323208164,4,35,A321,1,0.534,7,1,2
15,0,5,DEL,BLR,1766,0,3.4,0.39327401473908274,15,63,A321,0,0.2073,1,2,2
3,2,8,BOM,BLR,829,0,9.0,0.31522348164231273,21,84,A321,0,0.4261,0,2,2
16,4,5,MAA,BOM,1031,0,1.0,0.2723572603576861,10,41,B737,0,0.1789,5,0,1
10,6,10,DEL,BOM,1123,0,13.4,0.3879199491370222,10,60,B737,0,0.4052,1,0,1
14,5,5,MAA,BOM,1009,0,2.2,0.34112821722034725,17,37,B737,0,0.3565,5,0,1
19,3,11,DEL,BOM,1188,1,1.4,0.3670637841601665,21,87,A320,1,0.5968,1,0,0
6,1,9,BOM,DEL,1150,0,11.7,0.3469137593322474,10,79,A320,0,0.4388,0,1,0
4,1,5,BOM,BLR,818,2,7.6,0.2919778844042363,15,24,B777,1,0.7168,0,2,4
20,1,9,PNQ,BOM,99,0,3.9,0.12691629425960776,12,80,B777,0,0.4008,8,0,4
0,6,9,BOM,BLR,892,0,12.1,0.26941145761854607,3,64,B737,0,0.4578,0,2,1
19,5,3,BOM,BLR,887,0,11.3,0.2608874842089346,18,46,A321,1,0.6044,0,2,2
16,0,3,PNQ,BOM,93,0,9.1,0.1444053682247976,17,57,A320,0,0.3078,8,0,0
1,3,2,BOM,PNQ,160,0,13.3,0.10788146391440341,7,63,B737,0,0.2932,0,8,1
12,0,5,DEL,AMD,878,0,7.3,0.20421581075233491,10,77,A320,0,0.0817,1,6,0
15,3,12,BOM,HYD,645,2,12.1,0.24549736950778783,13,72,B777,1,0.7482,0,3,4
6,0,3,BOM,BLR,847,2,8.5,0.3256095163125349,6,71,A320,1,0.6302,0,2,0
8,4,11,BLR,HYD,523,0,11.7,0.13868655482719605,5,65,A321,0,0.4055,2,3,2
13,3,12,BLR,HYD,517,1,6.2,0.18702286311466743,4,77,A320,0,0.2748,2,3,0
7,3,7,PNQ,BOM,129,0,12.6,0.14517615591668784,1,88,B777,1,0.5581,8,0,4
4,3,5,BOM,PNQ,140,0,11.9,0.14785570667139233,3,88,ATR72,0,0.3091,0,8,3
23,3,5,DEL,BLR,1737,0,1.1,0.42484249815224473,4,71,A321,0,0.1699,1,2,2
23,5,7,BOM,BLR,812,0,11.9,0.2624958492424623,1,45,ATR72,0,0.455,0,2,3
20,0,5,BLR,DEL,1702,0,4.2,0.4120888269181748,19,89,ATR72,0,0.4148,2,1,3
15,0,6,BOM,PNQ,152,2,10.6,0.1903401855125733,3,66,A320,1,0.8261,0,8,0
4,2,10,PNQ,BOM,146,0,9.2,0.1807414833777663,15,46,A321,0,0.2723,8,0,2
19,6,5,BLR,HYD,539,0,5.5,0.13576233816841618,2,29,B737,0,0.4043,2,3,1
19,5,3,DEL,BLR,1716,0,11.6,0.3982654832163676,16,32,A320,1,0.7293,1,2,0
0,3,7,PNQ,BOM,148,0,6.0,0.10919218080908155,17,71,B777,0,0.2937,8,0,4
16,0,11,DEL,CCU,1291,0,10.3,0.4224180664262695,8,63,A321,0,0.369,1,4,2
1,3,9,BLR,BOM,889,0,7.2,0.2942200281177238,19,69,B777,0,0.3177,2,0,4
15,1,8,BOM,DEL,1184,1,1.0,0.33630585255762435,2,49,B737,0,0.4345,0,1,1
14,0,9,PNQ,BOM,155,0,12.8,0.14122285253655328,5,74,B737,0,0.4065,8,0,1
9,1,8,MAA,BOM,997,0,5.4,0.2718457732007692,4,46,B737,0,0.3587,5,0,1
2,4,3,BOM,MAA,989,2,11.1,0.3325410251999008,6,33,A321,1,0.803,0,5,2
17,5,1,MAA,BOM,1032,0,9.2,0.28043643946670277,6,51,A320,0,0.4122,5,0,0
4,4,9,BOM,DEL,1171,1,6.8,0.3611589270673437,7,81,B777,0,0.4445,0,1,4
22,2,9,AMD,DEL,847,1,13.4,0.19307653854831716,20,87,A320,1,0.6772,6,1,0
13,0,1,DEL,CCU,1329,3,5.9,0.4739556375099304,19,45,B737,1,0.8896,1,4,1
20,5,2,DEL,CCU,1340,0,2.3,0.49567021564008695,1,58,B737,0,0.3983,1,4,1
3,1,7,GOI,DEL,1910,1,7.6,0.3742965495685046,8,54,A321,0,0.4497,7,1,2
6,1,6,BOM,PNQ,153,0,8.9,0.17116807696613873,18,88,A321,0,0.4185,0,8,2
22,1,12,BOM,MAA,991,0,6.8,0.291128143849875,13,35,ATR72,0,0.2365,0,5,3
0,6,5,DEL,AMD,920,1,13.0,0.22700370236912193,20,84,ATR72,1,0.6408,1,6,3
11,4,9,DEL,CCU,1255,0,9.4,0.45996544250464794,14,82,A321,0,0.434,1,4,2
18,1,6,GOI,DEL,1942,0,4.5,0.28942010680021507,12,27,A320,1,0.5658,7,1,0
16,6,11,GOI,DEL,1864,0,7.1,0.369430093810728,7,55,A321,0,0.1978,7,1,2
12,6,3,BLR,HYD,489,0,13.0,0.159098951505242,19,23,B737,1,0.5636,2,3,1
13,5,3,BLR,DEL,1783,0,5.0,0.3571277407876468,7,86,ATR72,0,0.1929,2,1,3
14,6,11,BOM,MAA,1013,2,10.2,0.3571217286875975,11,83,A321,1,0.8428,0,5,2
10,0,4,DEL,CCU,1256,0,2.9,0.4458443400334193,12,77,B777,0,0.2283,1,4,4
22,2,10,BLR,HYD,547,0,9.2,0.17525247242227188,1,39,B777,0,0.2401,2,3,4
9,2,1,BLR,HYD,512,0,11.4,0.1627938659035988,19,29,B737,1,0.6651,2,3,1
11,6,2,CCU,DEL,1335,0,12.6,0.4477115971781593,17,45,A320,1,0.5291,4,1,0
17,5,5,BOM,BLR,841,0,12.5,0.23750623138276458,20,73,A321,1,0.595,0,2,2
18,1,7,HYD,BOM,615,0,3.5,0.26784286767694554,8,53,A320,0,0.3571,3,0,0
10,5,2,BOM,PNQ,82,0,5.6,0.19766505556584676,8,21,ATR72,0,0.3291,0,8,3
9,2,7,DEL,BOM,1101,0,4.6,0.32719408028130015,18,59,ATR72,0,0.4809,1,0,3
16,2,2,PNQ,BOM,98,0,13.4,0.17519246947244121,17,56,B737,0,0.4201,8,0,1
5,0,10,BLR,BOM,816,1,1.8,0.3267556416483513,21,77,A320,0,0.4307,2,0,0
8,0,8,DEL,GOI,1886,1,8.8,0.35744546382907955,21,83,B777,1,0.793,1,7,4
19,0,11,AMD,DEL,907,1,4.8,0.2216409846173444,10,37,ATR72,1,0.5087,6,1,3
4,3,2,MAA,BOM,993,1,10.6,0.29406422663096204,7,60,B737,0,0.5176,5,0,1
10,2,7,BLR,BOM,807,0,10.0,0.3038540387376349,9,32,B777,0,0.3915,2,0,4
0,1,10,MAA,BOM,1049,0,3.1,0.2509016527651856,10,79,A320,0,0.1004,5,0,0
12,3,5,BLR,HYD,530,0,3.5,0.2207862087173498,11,55,A320,0,0.1383,2,3,0
9,2,1,BOM,BLR,872,1,8.2,0.3249028650951598,2,43,ATR72,1,0.65,0,2,3
12,4,5,BOM,MAA,996,1,6.2,0.35831829973658313,16,49,A321,0,0.4433,0,5,2
3,5,11,MAA,BOM,1054,1,2.8,0.3120553745629139,9,77,A321,0,0.3748,5,0,2
11,2,3,DEL,BLR,1738,0,4.6,0.41292889503009517,18,78,A320,0,0.2652,1,2,0
2,6,12,BLR,DEL,1730,1,9.7,0.37132869179489314,8,50,A321,1,0.4985,2,1,2
18,2,7,AMD,DEL,895,0,2.9,0.18062498158811427,16,64,A321,0,0.4222,6,1,2
16,2,9,BOM,HYD,613,0,6.1,0.21051156782989333,2,25,A320,0,0.3342,0,3,0
1,2,7,HYD,BLR,501,0,4.5,0.14936077372357204,7,62,B777,0,0.1597,3,2,4
4,6,1,HYD,BLR,476,0,4.5,0.1428441212579112,8,86,A320,0,0.1071,3,2,0
8,4,12,HYD,BOM,610,2,9.1,0.2608248811649908,21,37,A321,1,0.9243,3,0,2
0,5,5,BLR,DEL,1718,0,3.5,0.44338925157776016,10,24,A320,0,0.3774,2,1,0
19,5,5,DEL,BLR,1770,0,1.1,0.4675710566283908,8,88,ATR72,0,0.387,1,2,3
3,2,10,AMD,DEL,933,0,4.5,0.2367493147773476,2,20,ATR72,0,0.2447,6,1,3
3,1,12,DEL,BOM,1147,0,3.6,0.32866979434720905,17,89,B777,0,0.2315,1,0,4
8,5,4,GOI,DEL,1866,0,8.8,0.3667580030794035,12,74,A320,0,0.4967,7,1,0
17,6,2,BLR,DEL,1734,1,6.3,0.40022669388522,9,24,B777,1,0.7101,2,1,4
8,5,4,DEL,GOI,1928,1,1.4,0.35938250989731624,13,23,B737,1,0.7438,1,7,1
1,5,2,CCU,DEL,1304,2,4.7,0.38273165727254366,17,89,ATR72,1,0.7031,4,1,3
16,2,1,BLR,DEL,1739,0,6.0,0.3543202864352174,18,29,B737,0,0.3917,2,1,1
22,6,1,BOM,PNQ,135,0,5.3,0.1656347694395143,15,37,B737,0,0.2863,0,8,1
17,5,4,AMD,DEL,922,0,8.0,0.24129446851569547,20,34,B737,0,0.4665,6,1,1
10,0,5,PNQ,BOM,161,0,12.3,0.16342731338758665,21,24,A321,1,0.5654,8,0,2
4,0,1,BOM,MAA,1027,2,5.2,0.3571222144238395,13,75,B777,1,0.5928,0,5,4
13,5,7,BLR,BOM,806,0,12.7,0.3428938254573792,7,39,B737,1,0.5572,2,0,1
9,5,5,HYD,BOM,603,1,3.0,0.24695064583864829,13,67,B737,1,0.5488,3,0,1
17,5,4,PNQ,BOM,116,0,12.6,0.10972527777307196,3,51,B737,0,0.4939,8,0,1
15,2,3,HYD,BLR,541,0,5.9,0.1691234150263316,8,43,B777,0,0.1376,3,2,4
19,3,4,DEL,BLR,1773,1,10.4,0.37391837820112506,5,33,A321,1,0.7696,1,2,2
5,2,9,CCU,DEL,1291,1,12.0,0.46020225779567847,4,43,B777,1,0.7541,4,1,4
15,6,2,BOM,MAA,989,0,1.1,0.299124925448167,18,22,A320,0,0.4196,0,5,0
11,2,8,CCU,DEL,1286,1,10.3,0.3850529975437967,6,68,ATR72,1,0.654,4,1,3
12,3,11,HYD,BOM,598,0,13.3,0.27826852520707057,13,22,A321,1,0.5113,3,0,2
10,3,6,DEL,CCU,1274,2,8.1,0.4579259940634619,8,52,B777,1,0.7832,1,4,4
1,0,9,BLR,BOM,890,0,1.1,0.26249686181518334,3,34,B777,0,0.275,2,0,4
8,4,12,HYD,BLR,523,1,6.0,0.1495765360106495,10,39,A320,0,0.4798,3,2,0
22,1,8,BLR,DEL,1694,0,11.3,0.39338365240273626,17,53,B777,1,0.5574,2,1,4
6,5,6,GOI,DEL,1919,1,10.7,0.29967090452204415,14,63,A320,1,0.7199,7,1,0
17,4,10,DEL,BOM,1184,2,12.8,0.3529025157309427,15,54,ATR72,1,0.9412,1,0,3
7,6,7,BOM,PNQ,100,0,7.4,0.14213221983874444,19,60,B777,0,0.5069,0,8,4
14,5,7,HYD,BOM,653,0,9.8,0.27654154343211207,14,83,B777,0,0.4106,3,0,4
23,2,10,AMD,DEL,934,3,9.0,0.20802852483345396,18,78,ATR72,1,0.8832,6,1,3
11,0,9,BOM,BLR,843,0,10.5,0.2953255277068336,8,87,A320,0,0.4181,0,2,0
23,2,5,AMD,DEL,878,0,8.4,0.21496582244427426,21,74,A321,0,0.286,6,1,2
10,1,11,BOM,HYD,578,3,4.6,0.2063448635131226,20,24,B777,1,0.9325,0,3,4
2,4,11,BLR,DEL,1702,0,12.0,0.37740231195421914,13,85,A321,0,0.401,2,1,2
8,3,9,MAA,BOM,1016,0,10.1,0.3150805242526834,8,79,A320,1,0.576,5,0,0
19,4,2,DEL,BLR,1774,0,10.9,0.4545395504160515,18,77,ATR72,1,0.6318,1,2,3
8,5,5,DEL,AMD,925,1,10.9,0.21089330209896429,11,85,ATR72,1,0.7344,1,6,3
9,5,2,PNQ,BOM,136,0,8.2,0.10260146760282954,2,86,B777,0,0.391,8,0,4
17,2,8,BLR,BOM,831,2,6.2,0.30616016387263845,9,61,A320,1,0.7725,2,0,0
2,5,9,BLR,DEL,1752,3,2.6,0.4401044183782977,11,80,B737,1,0.976,2,1,1
12,6,4,BLR,BOM,865,0,7.2,0.27984630367454766,8,21,B737,0,0.3119,2,0,1
22,0,3,MAA,BOM,969,1,10.9,0.30924855809527874,14,44,B737,1,0.6437,5,0,1
4,0,5,BOM,MAA,1035,1,11.5,0.2839110001844677,13,32,A320,1,0.6336,0,5,0
5,5,5,DEL,GOI,1863,1,9.2,0.3130403884980349,13,23,B737,1,0.6752,1,7,1
22,3,4,DEL,BOM,1114,1,7.9,0.32606915481531135,13,53,B737,0,0.3804,1,0,1
22,4,9,BOM,DEL,1160,0,4.0,0.4047324568451723,11,85,ATR72,0,0.3119,0,1,3
22,5,2,BOM,DEL,1173,2,12.5,0.4127711190813408,4,68,A320,1,0.8151,0,1,0
20,1,3,BOM,PNQ,110,0,11.6,0.14016860705657685,2,67,A321,0,0.4561,0,8,2
18,3,5,MAA,BOM,965,0,3.4,0.2764762713032736,17,65,A321,0,0.3606,5,0,2
7,4,9,BOM,BLR,845,0,10.8,0.2889163612382423,4,48,A320,1,0.5656,0,2,0
19,5,8,BLR,BOM,885,2,9.9,0.32805867126366645,12,66,B777,1,0.9812,2,0,4
10,3,7,CCU,DEL,1270,0,10.5,0.4565993010266275,9,69,ATR72,0,0.4826,4,1,3
8,0,3,DEL,GOI,1865,0,6.3,0.33293374119469005,2,39,A321,0,0.3532,1,7,2
17,3,5,BLR,BOM,829,1,9.5,0.32064086402755004,20,88,B777,1,0.6783,2,0,4
8,5,5,BLR,HYD,547,0,12.0,0.19465916837902597,21,67,ATR72,1,0.5779,2,3,3
10,4,5,BOM,PNQ,151,0,5.2,0.16231598740802716,21,83,A321,0,0.2149,0,8,2
4,2,11,HYD,BLR,487,0,5.4,0.21568118192423508,3,49,B737,0,0.0863,3,2,1
4,3,9,DEL,BLR,1743,1,9.2,0.4463433027147885,21,67,ATR72,1,0.6785,1,2,3
2,6,9,HYD,BOM,663,1,12.8,0.31635188283557686,1,20,B737,1,0.8265,3,0,1
18,4,9,BLR,BOM,797,0,3.4,0.34064650646515404,17,48,A321,0,0.4863,2,0,2
13,4,2,DEL,CCU,1348,2,13.4,0.44535729142787495,5,55,A320,1,0.7781,1,4,0
11,6,12,BOM,PNQ,76,1,1.8,0.11857310667351773,19,51,A320,0,0.4474,0,8,0
20,2,2,PNQ,BOM,161,0,7.4,0.18493757457569165,3,50,B737,0,0.274,8,0,1
5,2,9,CCU,DEL,1286,0,8.2,0.4415005929953167,11,71,ATR72,0,0.4266,4,1,3
19,2,10,BOM,MAA,1056,0,1.7,0.2940754414817807,20,88,A320,0,0.3676,0,5,0
13,2,1,CCU,DEL,1346,2,10.7,0.3920586216118235,19,57,B737,1,0.8568,4,1,1
6,0,2,HYD,BLR,506,0,12.5,0.2047438100639,10,53,B737,0,0.2819,3,2,1
10,1,8,BOM,PNQ,141,3,9.7,0.19326204667558783,12,67,A320,1,0.9773,0,8,0
8,5,3,HYD,BLR,482,0,11.0,0.16328855113299753,6,63,A321,0,0.4653,3,2,2
17,4,1,AMD,DEL,877,2,7.5,0.1802494673504514,9,25,A320,1,0.7721,6,1,0
13,3,2,AMD,DEL,905,0,6.9,0.2155367704465481,19,36,B777,0,0.2562,6,1,4
6,0,7,BOM,MAA,1000,1,1.9,0.28332637228844154,19,68,A320,0,0.5133,0,5,0
12,1,10,AMD,DEL,887,0,9.6,0.20054887554003498,19,73,A321,0,0.2802,6,1,2
7,1,6,DEL,BLR,1721,0,7.5,0.39034530505292275,8,80,B737,0,0.4061,1,2,1
16,4,12,DEL,AMD,904,0,6.9,0.21325719807953342,16,68,B737,0,0.1853,1,6,1
2,0,6,MAA,BOM,1025,0,10.8,0.3412711329364174,3,34,A321,0,0.5065,5,0,2
5,2,8,HYD,BLR,542,0,1.8,0.2101372113102662,14,40,A320,0,0.3041,3,2,0
13,4,6,MAA,BOM,1052,1,8.6,0.2569032116507271,12,81,ATR72,1,0.5528,5,0,3
17,0,3,MAA,BOM,1038,0,1.2,0.2824692856600016,20,58,A320,0,0.363,5,0,0
2,1,3,BOM,DEL,1129,0,9.8,0.4182797795503116,5,59,B777,0,0.2673,0,1,4
5,6,7,BOM,HYD,655,3,2.8,0.2423943084939824,7,51,A320,1,0.847,0,3,0
6,5,6,BLR,BOM,847,2,3.3,0.2540434095515157,7,74,A321,1,0.6516,2,0,2
8,6,3,HYD,BLR,465,1,11.1,0.1712397283867195,2,77,A320,1,0.6685,3,2,0
4,5,4,DEL,BOM,1191,0,6.3,0.3920862091946255,9,22,B737,0,0.3568,1,0,1
8,3,12,HYD,BLR,450,2,2.1,0.1997683502533756,1,60,A321,1,0.6299,3,2,2
10,5,5,BOM,PNQ,144,0,7.5,0.12480614610446003,20,24,A320,0,0.3999,0,8,0
14,3,2,CCU,DEL,1267,3,13.2,0.47029097382343193,12,66,B777,1,1.0,4,1,4
13,4,2,HYD,BLR,498,0,2.7,0.142354028427959,1,28,B777,0,0.2069,3,2,4
1,3,11,AMD,DEL,905,3,13.8,0.24534913073380438,20,77,A321,1,0.9981,6,1,2
2,0,3,PNQ,BOM,128,3,9.3,0.1497127533823442,16,49,B777,1,0.9099,8,0,4
6,4,9,CCU,DEL,1267,1,8.3,0.3988013265774005,16,35,B777,1,0.7295,4,1,4
9,2,10,BOM,DEL,1156,0,5.6,0.3724334263114571,2,63,ATR72,0,0.299,0,1,3
20,0,6,HYD,BLR,495,1,12.2,0.20241813089408278,19,59,A320,1,0.831,3,2,0
8,4,5,BLR,DEL,1771,0,8.7,0.364347724429784,6,46,A320,0,0.3957,2,1,0
20,5,8,CCU,DEL,1263,1,12.1,0.44428991932734907,13,31,B777,1,0.9977,4,1,4
0,3,3,DEL,BOM,1165,2,11.9,0.3941381249977029,17,83,B737,1,0.8577,1,0,1
10,4,8,DEL,AMD,899,2,6.4,0.23653563377721204,2,25,A321,1,0.7446,1,6,2
16,3,3,DEL,AMD,863,1,13.4,0.20591747987465062,13,20,A321,1,0.6824,1,6,2
19,2,11,GOI,DEL,1903,3,3.1,0.33413251190911064,8,37,A320,1,0.9537,7,1,0
21,4,4,HYD,BLR,513,0,11.3,0.20442231695110413,4,36,B737,0,0.3518,3,2,1
9,0,10,GOI,DEL,1923,1,8.8,0.3783619411996425,16,45,A320,1,0.7013,7,1,0
17,1,5,BOM,HYD,578,3,13.0,0.29447617629095446,8,24,B777,1,1.0,0,3,4
1,0,6,DEL,CCU,1339,0,5.7,0.48646163648220236,15,25,ATR72,0,0.4946,1,4,3
11,4,3,CCU,DEL,1331,1,8.9,0.3953431723759693,5,87,B737,1,0.4581,4,1,1
7,1,5,BOM,HYD,588,0,7.9,0.22910083294708192,8,38,B777,0,0.3116,0,3,4
15,5,12,HYD,BOM,574,1,11.4,0.27288433742187596,21,61,B777,1,0.6592,3,0,4
2,2,12,HYD,BLR,495,1,6.0,0.17300468771260136,18,41,ATR72,0,0.4392,3,2,3
22,6,5,GOI,DEL,1906,0,7.6,0.29082204235674053,17,52,B777,0,0.2663,7,1,4
15,6,1,DEL,AMD,871,1,8.4,0.17179477967027745,21,83,A320,1,0.5187,1,6,0
4,4,8,GOI,DEL,1858,0,13.4,0.3393014959272286,18,41,ATR72,1,0.6057,7,1,3
1,0,5,DEL,AMD,840,1,6.4,0.15637698780654097,13,29,B777,0,0.4626,1,6,4
22,2,1,HYD,BLR,486,1,8.5,0.17195050337158127,6,81,A320,0,0.3688,3,2,0
7,0,7,AMD,DEL,881,0,11.1,0.22037894579563624,6,42,ATR72,1,0.6082,6,1,3
20,3,10,DEL,BOM,1154,1,6.5,0.38767106826597547,8,80,B777,1,0.5051,1,0,4
15,6,12,DEL,AMD,920,3,5.1,0.20324802068605885,8,83,A320,1,0.7313,1,6,0
3,2,5,DEL,CCU,1280,0,10.1,0.4664015890528347,9,25,A321,1,0.5366,1,4,2
15,6,4,AMD,DEL,848,2,13.5,0.2105516843826395,8,70,A321,1,0.7342,6,1,2
5,2,4,BOM,BLR,825,0,8.4,0.3015248426005773,16,61,ATR72,0,0.3206,0,2,3
0,3,11,MAA,BOM,1047,1,5.8,0.2993974653275481,10,36,ATR72,0,0.3898,5,0,3
4,0,3,DEL,GOI,1873,0,11.3,0.35214169781086757,15,50,ATR72,0,0.3909,1,7,3
1,3,6,GOI,DEL,1929,2,5.9,0.3458062058485679,10,26,ATR72,1,0.7883,7,1,3
20,4,1,BLR,BOM,877,0,1.7,0.29786802542001745,8,78,A321,0,0.2691,2,0,2
17,2,2,DEL,GOI,1907,2,5.3,0.3306557751706099,8,62,A321,1,0.6823,1,7,2
9,3,12,BLR,HYD,500,1,12.7,0.14983071196964093,13,51,A320,1,0.6599,2,3,0
7,0,6,CCU,DEL,1278,0,9.3,0.44330608067474,2,54,A321,1,0.5273,4,1,2
17,4,5,BOM,HYD,578,0,10.2,0.22911049055271748,2,46,B777,0,0.4416,0,3,4
11,3,7,BOM,HYD,634,0,4.6,0.21907177691337995,16,50,B737,0,0.2876,0,3,1
12,1,8,GOI,DEL,1852,2,11.7,0.29477628203509293,6,74,A320,1,0.8179,7,1,0
14,5,4,BLR,DEL,1759,0,9.9,0.3690580018729768,10,62,ATR72,0,0.2976,2,1,3
16,6,7,DEL,BOM,1123,0,5.6,0.3544936948976097,3,89,B737,0,0.2918,1,0,1
12,4,9,CCU,DEL,1286,0,6.8,0.39283953154976653,12,22,A321,0,0.4571,4,1,2
22,1,7,BLR,HYD,483,0,10.4,0.17952085994495307,15,71,A321,0,0.4218,2,3,2
5,6,10,BLR,BOM,893,0,11.2,0.2576984938170852,5,76,A321,0,0.3531,2,0,2
5,4,2,DEL,AMD,856,0,10.4,0.2469779208311758,14,72,A320,0,0.3488,1,6,0
17,6,3,DEL,AMD,920,1,6.5,0.23113862235879962,15,52,B777,1,0.5425,1,6,4
13,3,6,DEL,BLR,1781,0,8.7,0.45989481855810443,13,85,ATR72,0,0.434,1,2,3
10,4,2,BOM,HYD,641,1,13.0,0.27831046140743565,5,30,A321,1,0.5813,0,3,2
1,2,6,MAA,BOM,990,1,4.5,0.2653158437258831,7,24,B777,1,0.5561,5,0,4
12,2,2,DEL,BLR,1726,1,12.1,0.4030710117882461,16,21,B777,1,0.8112,1,2,4
2,2,3,BOM,PNQ,141,2,13.0,0.17272363906692934,13,20,A321,1,0.9191,0,8,2
19,4,10,BLR,DEL,1692,0,7.8,0.36152283127709417,6,65,B737,0,0.2946,2,1,1
17,3,6,BLR,DEL,1730,1,1.3,0.36507715068111013,14,43,B777,1,0.716,2,1,4
10,6,2,DEL,CCU,1266,1,2.6,0.4165556842098393,7,56,ATR72,0,0.4166,1,4,3
5,4,6,HYD,BLR,490,0,6.5,0.18858162861734207,6,85,ATR72,0,0.1754,3,2,3
20,0,2,BOM,HYD,644,3,3.5,0.2946665545078463,19,24,B777,1,1.0,0,3,4
16,4,11,DEL,BOM,1110,0,7.5,0.37083470794982576,8,78,A321,0,0.1483,1,0,2
7,5,10,BOM,HYD,601,3,13.7,0.26626869548472887,18,41,B737,1,1.0,0,3,1
12,3,12,GOI,DEL,1888,1,13.8,0.3593368034657544,20,53,B737,1,0.6437,7,1,1
19,5,8,GOI,DEL,1891,0,1.2,0.29135831862722,19,85,B737,1,0.5165,7,1,1
21,6,8,AMD,DEL,912,0,13.1,0.19853785175725394,8,54,B737,0,0.4294,6,1,1
7,0,8,PNQ,BOM,106,2,1.8,0.10971633118124645,9,46,ATR72,1,0.7439,8,0,3
9,5,5,MAA,BOM,1014,3,9.6,0.342227571660032,21,59,A320,1,1.0,5,0,0
1,1,12,HYD,BOM,616,0,10.3,0.31026219143003975,18,43,A321,1,0.4941,3,0,2
13,2,1,BOM,DEL,1130,1,6.3,0.3954419835539723,4,49,B737,0,0.3582,0,1,1
11,2,10,CCU,DEL,1340,2,9.4,0.4571433007923013,16,33,B737,1,0.8529,4,1,1
20,1,4,CCU,DEL,1303,2,6.9,0.46145865395053415,18,30,B777,1,0.9046,4,1,4
4,1,5,PNQ,BOM,168,2,4.0,0.17147331707919733,14,45,B737,1,0.5686,8,0,1
14,4,1,BOM,HYD,613,0,12.9,0.23810148029276956,6,45,ATR72,0,0.2952,0,3,3
12,6,8,BLR,DEL,1734,0,11.4,0.392970229191456,12,81,B737,1,0.5572,2,1,1
5,2,12,DEL,GOI,1885,1,10.7,0.3477363712435502,7,35,ATR72,1,0.6091,1,7,3
21,2,9,BOM,DEL,1168,2,12.6,0.3667242205745221,18,76,B737,1,0.9467,0,1,1
21,6,9,CCU,DEL,1301,0,7.9,0.40660828319712455,3,21,B777,0,0.4626,4,1,4
6,0,6,GOI,DEL,1891,1,11.7,0.28942242851644917,6,39,A321,1,0.6858,7,1,2
14,1,3,GOI,DEL,1876,0,7.8,0.3388941784076957,11,73,ATR72,0,0.1856,7,1,3
7,3,6,BLR,DEL,1698,0,2.1,0.44888791192550137,4,63,A320,0,0.4296,2,1,0
10,6,4,BOM,PNQ,81,0,8.4,0.19184084224732345,6,53,A320,0,0.2767,0,8,0
0,1,8,BOM,PNQ,143,0,3.9,0.15758134318481803,7,78,A321,0,0.213,0,8,2
2,0,5,BLR,DEL,1780,1,4.9,0.42268524097682986,11,53,A320,0,0.4191,2,1,0
11,0,9,BOM,PNQ,156,2,8.3,0.17016496783649682,17,77,B737,1,0.8181,0,8,1
23,5,2,CCU,DEL,1291,1,6.6,0.3806590162829713,16,80,A321,0,0.5023,4,1,2
2,4,4,BOM,PNQ,106,3,6.3,0.11823292298165723,17,81,ATR72,1,0.7973,0,8,3
6,0,7,PNQ,BOM,163,0,2.4,0.18765394994267615,3,27,B737,0,0.3751,8,0,1
7,1,5,DEL,BLR,1762,0,9.4,0.4459515003356136,15,59,ATR72,0,0.4784,1,2,3
0,5,11,HYD,BOM,608,0,10.8,0.3069860647871206,1,33,ATR72,0,0.4428,3,0,3
12,4,11,DEL,CCU,1310,0,13.3,0.49859415662220813,21,58,B737,0,0.4994,1,4,1
17,3,8,DEL,AMD,926,0,13.9,0.2180704287461785,6,45,B777,1,0.5372,1,6,4
0,4,1,PNQ,BOM,131,0,8.7,0.09961996938022968,19,57,A320,0,0.2898,8,0,0
1,1,10,BOM,BLR,821,0,4.3,0.26671715397552315,20,44,B737,0,0.2767,0,2,1
3,2,9,BOM,MAA,1041,0,2.5,0.29705161646812295,11,39,ATR72,0,0.3388,0,5,3
21,1,1,CCU,DEL,1312,0,7.8,0.394076421869922,4,77,ATR72,0,0.1576,4,1,3
0,5,7,DEL,GOI,1851,0,2.3,0.30440257958003075,18,79,ATR72,0,0.3718,1,7,3
5,3,6,BOM,HYD,596,3,2.5,0.27730708125683695,19,86,ATR72,1,0.9109,0,3,3
16,1,10,BLR,DEL,1727,0,13.0,0.3597608518823586,8,82,B737,0,0.3439,2,1,1
5,2,12,BLR,BOM,823,0,5.4,0.2955011785889921,8,40,B777,0,0.1882,2,0,4
7,4,9,CCU,DEL,1347,3,2.2,0.4385586646841989,15,55,A321,1,1.0,4,1,2
4,1,7,DEL,BOM,1103,1,5.9,0.3350866322585222,13,44,B737,1,0.554,1,0,1
3,1,1,DEL,BOM,1135,0,6.8,0.3228957078031168,19,62,A320,0,0.2292,1,0,0
11,3,2,BLR,DEL,1733,0,4.3,0.3882862796694943,9,52,B777,0,0.1553,2,1,4
10,3,7,DEL,AMD,884,0,6.2,0.23036104126575085,16,59,B737,0,0.2921,1,6,1
9,6,4,BLR,HYD,487,1,7.7,0.15484646047028439,18,88,ATR72,1,0.5619,2,3,3
9,6,1,BOM,MAA,1055,2,12.4,0.3201311699875021,18,60,B737,1,1.0,0,5,1
1,6,4,CCU,DEL,1305,0,6.2,0.3821361073851157,14,44,A321,0,0.3229,4,1,2
8,5,6,HYD,BLR,458,3,3.5,0.16937948504605327,4,33,ATR72,1,1.0,3,2,3
3,2,1,BOM,HYD,659,0,13.6,0.2510463812635462,7,26,ATR72,0,0.4504,0,3,3
5,3,4,PNQ,BOM,137,1,7.6,0.13776503773982943,21,41,B777,0,0.4751,8,0,4
8,2,11,BOM,MAA,1062,0,5.6,0.30087757763619977,11,36,A321,0,0.3904,0,5,2
14,3,3,AMD,DEL,868,1,9.7,0.2423542524050032,13,69,ATR72,0,0.4469,6,1,3
22,5,10,BOM,HYD,600,0,2.1,0.20869874056810886,19,28,A321,0,0.3835,0,3,2
12,5,12,BOM,PNQ,141,0,12.9,0.10419545712906289,3,26,ATR72,0,0.4917,0,8,3
0,3,12,DEL,BOM,1150,0,3.0,0.32911780647489147,4,42,B777,0,0.2016,1,0,4
20,6,5,HYD,BLR,521,1,5.2,0.1986352467825139,8,41,B777,1,0.5495,3,2,4
22,1,3,GOI,DEL,1859,2,10.2,0.3071526124031659,4,21,B777,1,0.8729,7,1,4
9,4,10,DEL,AMD,881,0,13.2,0.18101328449903675,4,35,A320,0,0.4924,1,6,0
22,4,12,BLR,BOM,836,0,6.9,0.3372879313328333,19,48,A321,0,0.2349,2,0,2
3,4,8,BOM,DEL,1151,0,5.4,0.37913201399030033,1,31,A320,0,0.3217,0,1,0
9,2,12,AMD,DEL,915,0,1.9,0.18966128550350128,6,47,A320,0,0.2259,6,1,0
5,4,6,DEL,AMD,843,0,1.8,0.2465257831155212,4,50,ATR72,0,0.1986,1,6,3
3,0,11,HYD,BOM,593,0,9.0,0.26043830058328754,20,20,ATR72,0,0.4542,3,0,3
21,3,5,DEL,BLR,1769,0,9.8,0.3813367066234483,4,46,B777,0,0.2525,1,2,4
5,2,7,DEL,AMD,842,0,13.4,0.1871008387064791,16,52,ATR72,0,0.4748,1,6,3
18,3,8,AMD,DEL,889,1,3.7,0.18158997192427537,1,84,B777,0,0.5226,6,1,4
2,3,6,DEL,BOM,1190,0,5.8,0.31092358641987494,7,71,A321,0,0.2244,1,0,2
19,6,6,MAA,BOM,996,2,5.1,0.25634213245803306,16,87,ATR72,1,0.9025,5,0,3
8,4,2,AMD,DEL,844,2,13.2,0.19203218681662113,10,72,ATR72,1,0.8268,6,1,3
15,4,10,AMD,DEL,866,1,8.1,0.2681794471404623,4,28,A320,1,0.5573,6,1,0
23,5,1,BOM,BLR,809,1,7.3,0.24765291040526694,16,87,A321,0,0.4491,0,2,2
22,4,9,AMD,DEL,864,1,7.1,0.23471426793301092,2,41,A320,0,0.4639,6,1,0
23,3,8,HYD,BLR,480,0,2.0,0.20996057476372204,2,78,ATR72,0,0.184,3,2,3
15,3,9,BOM,BLR,800,0,5.6,0.24357543411952323,6,54,B777,0,0.1974,0,2,4
10,5,8,BLR,HYD,519,0,10.5,0.16692039282419227,12,69,A321,1,0.4668,2,3,2
7,3,4,BOM,PNQ,119,1,12.7,0.12243239187161949,8,70,A320,1,0.649,0,8,0
20,4,1,BOM,DEL,1152,1,4.2,0.4128623494718124,8,80,ATR72,1,0.5151,0,1,3
13,2,2,HYD,BLR,537,0,10.9,0.14785715822916717,15,40,A320,0,0.3791,3,2,0
3,1,7,HYD,BLR,503,0,11.7,0.15220796776150958,10,79,A320,0,0.3609,3,2,0
14,0,8,BOM,HYD,585,0,5.0,0.2405438228071544,2,68,A320,0,0.1962,0,3,0
14,4,12,DEL,BOM,1157,0,13.8,0.35008170430938396,21,49,ATR72,0,0.44,1,0,3
23,3,2,AMD,DEL,917,0,10.2,0.26738779750040814,8,39,B737,0,0.377,6,1,1
3,6,7,DEL,CCU,1324,0,5.9,0.45409362431980754,2,82,ATR72,0,0.3316,1,4,3
19,1,11,PNQ,BOM,127,2,1.7,0.11056280814707706,11,58,B777,1,0.6942,8,0,4
19,3,9,BOM,MAA,1007,1,9.9,0.2778292777142262,4,85,A320,1,0.6611,0,5,0
20,4,2,BLR,HYD,465,0,6.6,0.15907801849330536,14,68,A320,0,0.2636,2,3,0
14,3,11,DEL,BOM,1180,0,13.7,0.3714681389567259,16,45,B737,0,0.4486,1,0,1
7,6,10,BLR,BOM,812,0,9.2,0.28941308487726264,7,82,B737,0,0.4158,2,0,1
22,0,11,DEL,AMD,922,0,5.5,0.16589962354494348,5,79,A320,0,0.0664,1,6,0
17,2,8,CCU,DEL,1346,2,1.8,0.4685719145332547,15,38,B737,1,0.9574,4,1,1
6,3,10,BOM,BLR,841,2,9.0,0.2527323225089481,13,79,B737,1,0.6511,0,2,1
15,4,3,BLR,DEL,1747,0,3.9,0.4057411657646895,12,44,A320,0,0.2823,2,1,0
23,1,8,AMD,DEL,851,0,2.4,0.19827077840845025,19,84,B777,0,0.2793,6,1,4
21,0,11,BOM,DEL,1126,1,12.6,0.42938480628553843,1,77,B777,1,0.5718,0,1,4
5,4,11,BLR,BOM,881,1,4.6,0.31398178595985266,11,37,B777,0,0.4456,2,0,4
6,3,7,PNQ,BOM,160,0,2.6,0.1015644478064866,13,78,A321,0,0.2406,8,0,2
7,5,2,PNQ,BOM,75,0,1.5,0.11819510052747009,15,73,ATR72,0,0.3473,8,0,3
19,3,11,BLR,DEL,1736,0,2.0,0.44493347747124373,3,44,A320,0,0.398,2,1,0
9,0,2,HYD,BLR,450,0,6.2,0.1765051269359705,5,87,ATR72,0,0.2206,3,2,3
15,0,1,HYD,BOM,648,0,13.3,0.30273499634411627,5,58,A320,0,0.3211,3,0,0
23,6,12,AMD,DEL,859,1,9.8,0.1994256565849266,12,29,A320,1,0.6298,6,1,0
11,6,7,BOM,HYD,641,1,2.9,0.22851259070608448,7,78,B777,0,0.4414,0,3,4
6,3,7,GOI,DEL,1886,1,1.0,0.33487725137617697,21,64,B777,1,0.534,7,1,4
14,1,8,DEL,GOI,1896,1,7.2,0.3392144119664354,17,63,B777,1,0.5357,1,7,4
15,2,2,CCU,DEL,1279,0,4.4,0.4638459838531069,6,83,ATR72,0,0.1855,4,1,3
7,2,12,DEL,GOI,1894,2,1.7,0.315262130785023,1,78,B777,1,0.6761,1,7,4
16,0,4,GOI,DEL,1905,2,2.6,0.3504951428686915,16,39,B737,1,0.7102,7,1,1
0,5,5,BOM,MAA,1009,1,11.7,0.2732413062452609,19,69,A321,1,0.6593,0,5,2
23,4,1,DEL,BOM,1151,1,6.8,0.38576453483703804,12,80,B777,0,0.4043,1,0,4
5,5,12,BLR,BOM,893,3,2.9,0.3264001456027842,16,38,A320,1,0.9506,2,0,0
4,3,2,HYD,BOM,638,0,1.9,0.24095294016225155,12,29,A321,0,0.2964,3,0,2
20,2,6,BLR,BOM,798,1,4.3,0.3313144791014519,18,22,ATR72,1,0.8325,2,0,3
10,5,11,BOM,BLR,830,1,12.6,0.24758115542301576,16,68,A321,1,0.649,0,2,2
15,6,8,BOM,MAA,1047,0,8.5,0.3233648618117687,18,84,B777,1,0.4793,0,5,4
23,2,10,MAA,BOM,1002,0,12.3,0.3188250165072342,5,47,B777,0,0.3275,5,0,4
11,3,10,BOM,PNQ,127,0,7.0,0.16849745526852267,21,86,B737,0,0.2174,0,8,1
13,1,1,DEL,BOM,1179,0,8.8,0.30561999546630086,21,63,B737,0,0.3222,1,0,1
9,3,1,GOI,DEL,1935,0,8.4,0.28300226453446875,3,76,B777,0,0.3632,7,1,4
0,4,10,MAA,BOM,980,0,5.6,0.3165198616213865,13,50,ATR72,0,0.1766,5,0,3
9,6,6,BLR,HYD,452,0,8.1,0.19066620284152191,2,82,ATR72,1,0.4763,2,3,3
4,1,6,BOM,MAA,1063,2,5.3,0.28422572449708156,5,63,A320,1,0.6137,0,5,0
3,2,10,BOM,MAA,1005,2,3.1,0.285685229189637,6,89,ATR72,0,0.5143,0,5,3
23,1,5,BOM,BLR,842,1,12.3,0.28100302088032547,9,33,ATR72,1,0.5824,0,2,3
6,2,3,BOM,MAA,1007,0,2.9,0.29930805445914377,5,79,B737,0,0.1197,0,5,1
21,6,9,BLR,BOM,860,2,1.3,0.27335997707412246,2,57,B777,1,0.6593,2,0,4
23,1,2,DEL,BLR,1735,0,1.9,0.42526165809818267,15,74,A321,0,0.2201,1,2,2
16,5,11,BOM,PNQ,152,1,12.9,0.130596270318904,19,59,ATR72,1,0.6522,0,8,3
15,2,1,BOM,BLR,850,0,5.7,0.25684506970883764,20,30,A321,0,0.2727,0,2,2
14,3,4,CCU,DEL,1271,0,13.1,0.3887735298753031,11,39,A320,0,0.4755,4,1,0
9,2,2,GOI,DEL,1879,0,9.7,0.31575947771986135,1,48,A320,0,0.3763,7,1,0
7,4,1,DEL,GOI,1928,0,5.7,0.3809216140934064,3,39,B737,0,0.3724,1,7,1
5,5,7,DEL,BOM,1174,0,11.8,0.32277879749591926,13,43,ATR72,1,0.5991,1,0,3
16,4,8,BOM,PNQ,84,1,9.9,0.18004000212838286,9,65,ATR72,0,0.522,0,8,3
18,1,1,BOM,BLR,887,0,6.6,0.32581841559755687,11,77,A320,0,0.3303,0,2,0
20,1,4,MAA,BOM,1063,0,4.9,0.3495685089193039,10,46,A321,0,0.2898,5,0,2
8,1,9,BLR,DEL,1706,0,4.6,0.3868012409233316,7,87,A320,0,0.4047,2,1,0
16,4,12,AMD,DEL,917,0,3.4,0.22031253956319916,3,23,ATR72,0,0.2381,6,1,3
19,1,5,BLR,HYD,515,1,5.1,0.13456423995273104,1,85,B737,0,0.4038,2,3,1
18,2,9,DEL,CCU,1257,1,3.9,0.47013927662860727,7,60,A320,1,0.6381,1,4,0
21,5,4,BOM,DEL,1110,0,11.4,0.35982926784307767,9,48,B777,0,0.3939,0,1,4
19,3,4,BOM,MAA,1018,0,9.8,0.33462235278246794,9,54,B777,0,0.3838,0,5,4
6,3,7,PNQ,BOM,154,1,11.6,0.18924483202994097,6,20,A321,1,0.7757,8,0,2
17,3,10,MAA,BOM,978,0,5.7,0.2992695581500949,12,36,ATR72,0,0.3897,5,0,3
0,5,3,BOM,DEL,1153,0,7.5,0.42123788300320486,8,75,B777,0,0.2185,0,1,4
17,6,3,AMD,DEL,895,3,8.9,0.206319379261233,18,89,A321,1,1.0,6,1,2
14,3,11,DEL,BOM,1115,0,6.7,0.33454500078463284,21,55,B777,0,0.2338,1,0,4
1,3,10,BLR,BOM,823,2,6.3,0.32461363977777535,14,66,A321,1,0.5798,2,0,2
15,3,10,BLR,DEL,1710,1,8.5,0.4443660025803474,10,30,A321,1,0.5477,2,1,2
16,0,12,DEL,AMD,911,0,1.9,0.1544110159494619,3,51,B777,0,0.0618,1,6,4
17,4,9,DEL,AMD,914,0,2.5,0.2399788001392924,2,60,A320,0,0.346,1,6,0
12,3,9,BOM,MAA,1028,1,8.1,0.32731794337584197,18,42,ATR72,1,0.7009,0,5,3
16,6,10,HYD,BOM,626,1,5.4,0.25202197436664187,8,75,B777,0,0.3508,3,0,4
18,5,2,CCU,DEL,1277,3,13.7,0.4331679778589811,10,65,A320,1,1.0,4,1,0
17,2,5,BLR,DEL,1780,2,10.2,0.3760840226502507,11,63,A321,1,0.9504,2,1,2
7,4,2,BOM,PNQ,138,0,8.0,0.15379914205333212,4,82,B737,0,0.2615,0,8,1
19,0,8,HYD,BOM,632,0,13.2,0.2405254342630942,18,45,B737,1,0.6462,3,0,1
13,6,8,BOM,HYD,659,0,6.6,0.2552864647838205,4,37,B777,0,0.3221,0,3,4
9,6,12,GOI,DEL,1893,0,4.4,0.3478333829709191,21,35,A321,1,0.5091,7,1,2
6,0,9,DEL,BOM,1160,0,3.1,0.3518505528877908,1,83,ATR72,0,0.2407,1,0,3
22,5,10,BLR,BOM,880,1,1.0,0.2843913089183789,19,46,B737,0,0.4638,2,0,1
1,6,8,HYD,BOM,653,0,9.8,0.22530517659116808,17,20,A321,1,0.5901,3,0,2
4,4,4,BLR,HYD,533,0,5.3,0.1405877617648412,14,25,A321,0,0.2562,2,3,2
13,1,5,CCU,DEL,1308,1,7.1,0.3950276090838169,17,70,ATR72,0,0.458,4,1,3
3,4,12,HYD,BOM,576,1,8.0,0.3058449712053312,9,49,A321,0,0.3223,3,0,2
0,2,3,DEL,BLR,1758,1,9.6,0.4556003165828848,19,56,ATR72,1,0.5822,1,2,3
21,5,11,DEL,CCU,1307,2,9.7,0.4349365202659755,1,68,B737,1,0.724,1,4,1
12,3,9,HYD,BLR,460,1,9.6,0.22968121433503336,13,65,A320,1,0.5419,3,2,0
0,3,9,CCU,DEL,1323,2,8.8,0.4307626956831245,7,26,B737,1,0.9223,4,1,1
4,3,7,MAA,BOM,1012,0,2.7,0.2777289903367794,20,59,B777,0,0.3111,5,0,4
15,0,10,AMD,DEL,914,2,2.5,0.2069552420672821,19,73,ATR72,1,0.5828,6,1,3
1,0,9,BOM,BLR,825,1,7.1,0.29623305523040233,1,71,B777,0,0.4185,0,2,4
18,5,4,BOM,MAA,991,0,2.8,0.3574681453153963,15,39,ATR72,0,0.463,0,5,3
5,0,4,GOI,DEL,1871,0,1.1,0.3426264804075333,15,85,B737,0,0.1871,7,1,1
18,1,9,BOM,BLR,840,0,10.3,0.2750801280230936,6,70,B737,1,0.56,0,2,1
21,0,4,GOI,DEL,1941,1,5.2,0.3197538829958786,9,27,B777,1,0.4779,7,1,4
12,3,5,DEL,BLR,1740,0,10.1,0.3755805466296846,13,35,A320,0,0.4702,1,2,0
12,4,11,HYD,BLR,496,2,4.6,0.21273068963377434,8,49,B737,0,0.4851,3,2,1
20,4,5,BOM,MAA,1004,0,11.6,0.36969510919624105,6,63,B777,0,0.4979,0,5,4
3,6,1,AMD,DEL,929,2,10.8,0.20786514712523663,15,25,ATR72,1,0.9331,6,1,3
5,1,9,AMD,DEL,861,0,7.8,0.26677721619298483,8,43,A320,0,0.2767,6,1,0
17,4,3,BLR,DEL,1732,0,3.6,0.40070797990727136,9,43,A321,0,0.3803,2,1,2
14,5,10,BLR,DEL,1743,2,5.1,0.4147436369288854,9,61,B777,1,0.6159,2,1,4
21,6,1,HYD,BLR,460,0,6.9,0.2173874811061997,20,77,B737,0,0.237,3,2,1
4,1,8,DEL,CCU,1317,1,5.3,0.4900148868543986,9,65,B777,1,0.496,1,4,4
19,0,1,BLR,HYD,505,1,10.4,0.19596406107758882,5,47,A320,1,0.6284,2,3,0
8,6,10,BOM,BLR,859,2,11.5,0.30853699717110894,20,82,ATR72,1,1.0,0,2,3
8,1,10,BOM,BLR,874,1,2.3,0.27674122870683515,11,27,ATR72,1,0.6607,0,2,3
7,5,3,BLR,DEL,1691,2,12.7,0.3888886437175804,7,25,B737,1,1.0,2,1,1
23,4,3,BOM,PNQ,142,1,9.6,0.15205946805145698,13,72,B777,0,0.4608,0,8,4
18,5,6,DEL,BOM,1122,2,9.6,0.3562021182304187,4,58,ATR72,1,0.9425,1,0,3
22,1,11,DEL,BOM,1099,1,13.5,0.3330787820207006,12,33,B737,1,0.6532,1,0,1
17,6,5,BLR,HYD,467,0,11.8,0.16773820239384243,14,20,A320,1,0.6671,2,3,0
12,2,11,PNQ,BOM,120,1,12.7,0.11142478489420735,8,44,ATR72,1,0.5646,8,0,3
11,1,4,BOM,MAA,967,2,13.3,0.3579151993279756,21,41,A321,1,0.9132,0,5,2
12,1,7,BOM,PNQ,159,0,9.9,0.11843668841715423,18,53,ATR72,0,0.3974,0,8,3
6,0,2,BOM,HYD,577,0,4.1,0.20179534709992392,15,34,ATR72,0,0.2007,0,3,3
13,4,5,HYD,BOM,618,0,6.5,0.28660208284725075,14,81,ATR72,0,0.1646,3,0,3
20,0,5,DEL,AMD,893,1,9.9,0.19571029926424935,4,23,A320,1,0.6783,1,6,0
6,5,12,DEL,GOI,1901,0,10.6,0.3772557758673176,3,35,B737,1,0.4709,1,7,1
3,4,5,DEL,BOM,1175,0,3.9,0.32327052089391234,16,57,A320,0,0.2293,1,0,0
22,3,6,DEL,GOI,1888,1,8.2,0.3977629098302743,19,49,B737,1,0.6591,1,7,1
22,5,1,BLR,BOM,859,3,2.8,0.27965123516367174,2,32,B777,1,0.8319,2,0,4
20,1,1,PNQ,BOM,163,1,7.2,0.09768269568641019,6,59,B737,0,0.4391,8,0,1
7,2,10,BLR,HYD,452,0,8.8,0.13906482290485356,19,39,ATR72,1,0.4756,2,3,3
2,4,1,BLR,HYD,476,0,10.6,0.1821299878324963,14,65,A321,0,0.3229,2,3,2
4,6,1,CCU,DEL,1320,1,11.0,0.3970153751531097,18,48,B777,1,0.7088,4,1,4
21,6,8,HYD,BOM,582,1,1.4,0.29838185608326084,9,33,B737,1,0.5394,3,0,1
5,0,4,HYD,BOM,639,0,2.9,0.22828090289690528,19,43,A321,0,0.2613,3,0,2
2,5,11,BOM,MAA,1002,0,7.6,0.3054823380043326,8,48,B777,0,0.1722,0,5,4
7,4,1,HYD,BOM,574,0,12.1,0.23013083668229142,14,39,A320,1,0.5621,3,0,0
6,4,9,AMD,DEL,886,1,4.2,0.23288675952950463,7,62,A321,0,0.3932,6,1,2
20,2,4,BLR,HYD,450,1,11.8,0.174203033877217,19,88,B777,1,0.7197,2,3,4
6,6,3,MAA,BOM,1019,1,12.4,0.3443960835323815,6,52,B777,1,0.5878,5,0,4
3,4,9,PNQ,BOM,150,0,9.9,0.12032014713842829,15,20,A320,0,0.4981,8,0,0
0,5,7,GOI,DEL,1923,0,2.3,0.34613737363753616,9,46,A320,0,0.2885,7,1,0
16,2,2,DEL,CCU,1297,0,11.6,0.4069396662118668,3,73,A321,0,0.3628,1,4,2
17,0,6,BOM,MAA,1030,0,12.5,0.3354431406146812,17,81,B777,1,0.6842,0,5,4
2,3,3,DEL,BLR,1766,1,12.9,0.4064840653767523,11,86,A320,1,0.6126,1,2,0
17,6,10,HYD,BLR,501,1,11.4,0.19610387252230727,15,49,B777,1,0.7284,3,2,4
2,3,4,BLR,DEL,1721,0,10.8,0.39124365745213563,19,71,B737,0,0.4565,2,1,1
9,1,2,DEL,CCU,1258,0,6.2,0.4332605149232042,15,71,B777,0,0.3733,1,4,4
22,6,12,DEL,BLR,1725,1,8.8,0.4602439996137436,2,38,ATR72,1,0.6041,1,2,3
20,2,4,MAA,BOM,1053,3,8.5,0.3339979187012263,7,87,A321,1,0.9836,5,0,2
20,2,5,DEL,AMD,847,1,7.3,0.24730550154840253,4,78,A321,0,0.4489,1,6,2
21,0,1,DEL,BLR,1764,1,2.9,0.38956891735804194,15,36,B737,0,0.4758,1,2,1
3,6,8,DEL,BLR,1764,1,7.2,0.4246446601371261,13,52,B777,1,0.5699,1,2,4
4,4,5,BLR,DEL,1778,2,1.6,0.43491126664546575,2,43,B777,1,0.644,2,1,4
22,4,5,DEL,CCU,1295,1,4.9,0.47538093089126593,2,45,A320,0,0.3902,1,4,0
5,3,3,MAA,BOM,1044,2,3.5,0.3308447920159119,18,89,A320,1,0.6323,5,0,0
17,4,10,DEL,GOI,1872,0,13.4,0.3154706881862596,15,89,B737,1,0.5262,1,7,1
10,4,2,DEL,CCU,1317,0,5.6,0.4414229015605856,18,75,A321,0,0.2766,1,4,2
14,5,12,DEL,CCU,1322,0,3.4,0.43433563643288764,4,58,A320,0,0.2237,1,4,0
14,3,4,BOM,HYD,667,0,3.5,0.2631795620804773,17,72,A321,0,0.2053,0,3,2
13,4,8,DEL,AMD,917,0,12.0,0.17547338949260655,11,26,A320,1,0.5702,1,6,0
6,2,8,BLR,BOM,878,0,6.3,0.30695177184992195,1,60,A320,0,0.2228,2,0,0
3,4,11,PNQ,BOM,79,1,10.9,0.09698960574108703,4,42,B777,1,0.5588,8,0,4
4,1,1,GOI,DEL,1907,0,10.4,0.3340008352159578,8,21,A320,0,0.4836,7,1,0
23,4,6,PNQ,BOM,89,0,1.9,0.18572856089660258,12,58,A320,0,0.2743,8,0,0
11,2,3,CCU,DEL,1331,0,3.0,0.44392625620879234,15,28,B777,0,0.3776,4,1,4
10,2,9,HYD,BOM,592,0,12.9,0.22682613995252643,16,39,B777,1,0.5607,3,0,4
17,1,6,BOM,DEL,1107,0,4.0,0.36439032005830896,14,26,A321,1,0.5958,0,1,2
18,4,12,BOM,PNQ,96,0,8.0,0.1457884902182112,20,27,B777,1,0.5083,0,8,4
21,0,7,DEL,BOM,1154,0,8.3,0.3168932928482712,4,57,A320,0,0.3268,1,0,0
19,4,6,BOM,MAA,979,0,6.9,0.3529999393594825,5,76,A320,0,0.3912,0,5,0
6,1,7,MAA,BOM,1005,3,6.0,0.2747770536315587,9,63,B737,1,0.8099,5,0,1
16,1,6,BOM,DEL,1098,0,5.0,0.37670959639823826,14,72,B737,0,0.3007,0,1,1
7,3,11,BOM,DEL,1131,3,3.0,0.35967478331065195,7,67,A320,1,0.8939,0,1,0
1,6,6,BOM,BLR,877,1,7.9,0.2521470211138912,11,73,A321,0,0.5009,0,2,2
13,0,6,CCU,DEL,1331,0,9.7,0.44925399799558735,1,65,B777,0,0.3797,4,1,4
9,3,4,CCU,DEL,1332,0,5.3,0.42769604482746537,5,60,A321,0,0.3211,4,1,2
21,3,4,MAA,BOM,1021,1,9.9,0.3020320727237725,2,40,A321,0,0.4908,5,0,2
9,3,4,DEL,GOI,1879,0,7.4,0.32524041095324746,17,47,B777,0,0.3801,1,7,4
19,1,2,AMD,DEL,917,2,12.1,0.2670861508876757,19,37,ATR72,1,1.0,6,1,3
7,5,9,DEL,BLR,1724,1,1.0,0.41295170503296524,14,28,B737,1,0.8652,1,2,1
20,2,7,GOI,DEL,1868,0,5.4,0.3417292654516062,6,32,A320,0,0.4567,7,1,0
11,0,4,BOM,DEL,1104,0,9.3,0.41044414516714256,7,51,A320,0,0.2642,0,1,0
2,0,3,BLR,HYD,531,1,11.9,0.17855497010111196,3,20,B777,1,0.6214,2,3,4
20,0,11,BOM,BLR,889,2,12.6,0.2518483827231492,10,88,A320,1,0.8507,0,2,0
13,3,3,MAA,BOM,1037,2,2.0,0.3330511835746335,14,51,A321,1,0.5832,5,0,2
1,1,10,BOM,BLR,834,0,5.8,0.3232788822945849,8,26,A321,0,0.2793,0,2,2
2,3,5,DEL,BOM,1175,1,7.9,0.3326391243190314,20,20,A320,1,0.5831,1,0,0
5,6,4,BOM,PNQ,110,0,11.3,0.19685586915273412,7,36,ATR72,0,0.4487,0,8,3
13,5,4,BOM,BLR,810,2,7.1,0.2860422518615869,8,59,B737,1,0.5644,0,2,1
12,6,3,GOI,DEL,1855,0,6.7,0.3632129258232558,6,47,B777,0,0.1953,7,1,4
19,1,1,DEL,AMD,893,0,4.2,0.22524860598757424,11,37,ATR72,0,0.3601,1,6,3
3,1,1,BOM,HYD,606,1,9.8,0.26341419961043244,9,56,ATR72,0,0.4054,0,3,3
11,5,7,BLR,HYD,520,1,7.4,0.16539631310924124,18,69,B737,1,0.5162,2,3,1
18,4,11,HYD,BOM,622,0,13.5,0.22204915291451943,14,71,ATR72,1,0.4888,3,0,3
4,1,7,BLR,HYD,541,1,6.0,0.19792970849440933,9,51,ATR72,0,0.3792,2,3,3
13,1,8,DEL,BOM,1149,0,11.5,0.34652622920087583,6,27,A321,1,0.5886,1,0,2
16,2,8,DEL,BOM,1192,0,12.0,0.34429551870159275,17,65,B737,1,0.5377,1,0,1
10,5,4,GOI,DEL,1868,1,10.4,0.28590126656730497,16,77,A320,1,0.6644,7,1,0
21,6,4,BOM,BLR,820,1,8.8,0.285324942594663,14,74,ATR72,1,0.5141,0,2,3
11,2,12,MAA,BOM,1006,0,4.0,0.2765731577177567,2,55,ATR72,0,0.1106,5,0,3
15,2,7,BOM,BLR,852,0,7.3,0.2382017904449018,3,58,B777,0,0.1953,0,2,4
0,2,12,HYD,BOM,571,0,12.8,0.24759583257533832,21,54,A321,0,0.399,3,0,2
22,5,11,BOM,DEL,1139,1,5.8,0.4013948390512435,18,39,A320,1,0.5806,0,1,0
16,5,2,BOM,MAA,982,2,11.4,0.3405484112353277,8,32,A320,1,0.8562,0,5,0
16,3,9,BLR,DEL,1696,3,1.3,0.41728922395728774,18,25,B737,1,1.0,2,1,1
13,5,10,BOM,HYD,591,0,8.4,0.23977418568978937,16,61,A321,0,0.3459,0,3,2
8,3,6,AMD,DEL,914,0,2.0,0.22279021250702064,5,77,A321,0,0.3391,6,1,2
5,6,3,DEL,GOI,1944,0,8.5,0.30281726113051044,16,51,A321,0,0.3711,1,7,2
5,6,12,MAA,BOM,1022,1,13.7,0.32534292122124203,7,82,B777,1,0.5801,5,0,4
1,4,2,BOM,MAA,1042,1,10.9,0.3503665211413316,4,71,A320,1,0.5401,0,5,0
9,3,1,BOM,PNQ,167,2,13.4,0.1767171010516519,9,29,A321,1,1.0,0,8,2
15,4,9,DEL,AMD,883,0,9.7,0.2286119174415851,8,62,A320,0,0.2914,1,6,0
19,3,4,BOM,PNQ,103,0,8.5,0.16700475457653863,2,60,B737,0,0.3668,0,8,1
21,6,2,AMD,DEL,931,0,8.1,0.26868708811549435,15,58,A321,0,0.3075,6,1,2
17,5,7,BOM,PNQ,152,0,8.1,0.1005098389290198,4,62,A320,0,0.4902,0,8,0
3,5,6,BLR,DEL,1718,1,2.2,0.4018406298528943,8,36,B777,1,0.5807,2,1,4
7,2,11,BLR,BOM,820,1,13.1,0.2703385522783518,1,21,A321,1,0.8081,2,0,2
1,0,7,BOM,BLR,829,0,9.9,0.3124657703700307,14,74,A321,0,0.375,0,2,2
21,0,1,BOM,PNQ,90,0,13.9,0.1103250028070373,1,64,ATR72,0,0.2941,0,8,3
16,4,6,PNQ,BOM,143,3,11.3,0.17445323841197574,13,50,ATR72,1,1.0,8,0,3
17,2,10,DEL,GOI,1902,1,13.4,0.3442446944966375,3,84,A321,1,0.6877,1,7,2
4,3,12,CCU,DEL,1335,0,5.9,0.466867683910673,12,47,B777,0,0.2367,4,1,4
4,0,10,DEL,GOI,1932,3,3.0,0.3720627006526026,13,49,A320,1,0.7988,1,7,0
10,0,10,CCU,DEL,1312,0,6.0,0.4100232349377946,5,49,B737,0,0.164,4,1,1
21,3,9,BOM,MAA,979,0,12.0,0.3035414628023091,21,82,ATR72,1,0.5214,0,5,3
1,0,2,BOM,HYD,629,1,6.3,0.2140579759437261,11,46,A320,0,0.3356,0,3,0
13,2,8,HYD,BOM,620,0,7.5,0.24337846120490053,10,87,B737,0,0.1974,3,0,1
6,5,3,CCU,DEL,1289,0,1.9,0.38137757859524263,1,54,A321,0,0.2026,4,1,2
6,6,6,DEL,BOM,1150,0,1.0,0.32701261881882754,17,59,A320,0,0.3808,1,0,0
3,2,6,BOM,PNQ,111,0,10.6,0.1508208175037556,14,32,A320,1,0.5303,0,8,0
20,6,3,BOM,BLR,831,2,11.3,0.2322391369320349,18,54,B737,1,0.9929,0,2,1
10,3,8,PNQ,BOM,77,2,11.2,0.11095889383596791,4,53,A320,1,0.7944,8,0,0
5,3,9,PNQ,BOM,160,1,3.4,0.13116715245384444,4,57,B737,0,0.4025,8,0,1
4,3,8,BLR,HYD,466,1,9.5,0.22977430614437766,8,23,B737,1,0.6419,2,3,1
14,4,3,DEL,CCU,1351,0,7.3,0.40014649930691903,5,78,ATR72,0,0.1601,1,4,3
22,5,11,AMD,DEL,881,3,6.0,0.19427530965197604,9,77,B737,1,0.7277,6,1,1
23,3,8,DEL,GOI,1905,0,7.3,0.33347447658590534,17,25,A321,0,0.4834,1,7,2
20,3,10,DEL,CCU,1301,1,9.9,0.4056675665336473,1,59,ATR72,1,0.6123,1,4,3
17,3,8,HYD,BLR,485,2,8.6,0.15863200101929528,12,30,B737,1,0.9335,3,2,1
11,3,1,BOM,PNQ,113,1,10.5,0.19686573777887761,6,31,B777,1,0.5987,0,8,4
4,6,2,BOM,DEL,1151,0,5.1,0.3711699995188109,12,31,A321,0,0.3185,0,1,2
13,0,4,DEL,BLR,1784,0,13.1,0.40782559115526495,20,39,B777,0,0.5331,1,2,4
20,0,4,BOM,MAA,1035,0,12.7,0.2809909939741746,13,63,B737,0,0.5124,0,5,1
9,0,5,BOM,PNQ,130,0,12.1,0.10449665079513049,6,49,B777,0,0.4418,0,8,4
13,2,3,HYD,BLR,535,0,8.5,0.1730813228357074,19,36,B737,0,0.3392,3,2,1
10,1,8,GOI,DEL,1929,0,4.5,0.32402265078556225,10,80,A321,0,0.2296,7,1,2
2,6,5,BOM,HYD,586,1,4.0,0.25212463899624765,5,28,B737,0,0.5008,0,3,1
15,2,2,BOM,MAA,987,1,4.0,0.32501211969863897,21,62,ATR72,0,0.43,0,5,3
13,3,4,AMD,DEL,911,0,9.9,0.21960968522358543,3,63,A320,0,0.1878,6,1,0
20,1,8,MAA,BOM,1058,1,7.3,0.3416083985581375,10,50,B737,1,0.5866,5,0,1
11,6,8,BOM,MAA,1023,1,9.3,0.3436979964535657,11,58,A320,1,0.6375,0,5,0
9,3,10,GOI,DEL,1867,0,9.0,0.28778236188960304,11,33,B737,0,0.4851,7,1,1
18,1,10,AMD,DEL,856,3,6.9,0.2265156572577808,20,43,ATR72,1,1.0,6,1,3
1,5,7,DEL,AMD,872,0,11.5,0.2009152538302707,14,69,B777,1,0.4804,1,6,4
20,5,11,DEL,BLR,1691,1,9.9,0.3738316566041331,12,78,A321,1,0.6995,1,2,2
20,5,2,BLR,BOM,803,1,6.4,0.3364441125892163,14,60,ATR72,1,0.5846,2,0,3
1,6,12,BOM,MAA,980,0,10.6,0.27254007589946544,2,78,ATR72,0,0.359,0,5,3
22,0,12,MAA,BOM,966,0,1.9,0.3448870286464511,16,38,ATR72,0,0.308,5,0,3
19,1,1,BOM,PNQ,139,0,8.8,0.10134558084146711,5,29,ATR72,1,0.4905,0,8,3
17,4,4,CCU,DEL,1263,1,10.2,0.439466552561312,9,45,B777,1,0.7258,4,1,4
9,0,10,CCU,DEL,1327,0,5.5,0.4507479550209613,6,83,B737,0,0.3303,4,1,1
0,3,11,PNQ,BOM,133,1,11.4,0.1751012576217464,13,57,ATR72,1,0.57,8,0,3
10,1,11,BLR,HYD,536,0,3.4,0.1820102642629248,1,24,A321,0,0.2228,2,3,2
6,4,3,BOM,DEL,1187,0,5.2,0.35579466375782504,12,76,A320,0,0.1923,0,1,0
0,5,9,DEL,GOI,1934,2,14.0,0.33356829057412546,20,63,B777,1,0.9834,1,7,4
22,5,7,DEL,AMD,841,0,2.2,0.2119977406379943,17,43,B777,0,0.4048,1,6,4
17,2,10,CCU,DEL,1283,1,3.2,0.39117122821024186,5,58,A320,1,0.5065,4,1,0
21,0,11,DEL,BOM,1149,3,4.2,0.3069734917361822,15,85,A321,1,0.7728,1,0,2
11,1,10,DEL,BLR,1750,0,3.7,0.43144574769376004,12,43,ATR72,0,0.2926,1,2,3
6,0,4,MAA,BOM,1043,0,10.6,0.26683799126923347,3,48,B777,0,0.3067,5,0,4
22,4,7,BLR,HYD,478,0,7.8,0.20722394306117708,15,54,A320,0,0.2329,2,3,0
23,0,12,CCU,DEL,1345,0,2.8,0.38762739864388657,8,60,A321,0,0.1551,4,1,2
22,4,10,BOM,MAA,1017,1,5.8,0.3110236016287568,16,39,A320,1,0.4944,0,5,0
7,1,6,DEL,AMD,931,0,9.8,0.17149843867509992,2,26,A320,1,0.5686,1,6,0
11,4,11,GOI,DEL,1859,0,6.5,0.2957404082285364,2,63,ATR72,0,0.1183,7,1,3
13,1,12,BLR,HYD,542,0,6.4,0.21785599212644713,10,45,ATR72,0,0.0871,2,3,3
22,2,12,BOM,DEL,1112,2,3.6,0.42216510258507806,3,65,ATR72,1,0.5689,0,1,3
7,3,9,BLR,DEL,1706,0,1.3,0.41978568411977424,1,77,A321,0,0.4179,2,1,2
5,2,2,DEL,GOI,1870,0,13.5,0.3263949195387368,16,47,ATR72,0,0.4306,1,7,3
6,0,6,BLR,DEL,1749,2,3.4,0.36044034590139323,21,73,ATR72,1,0.7442,2,1,3
10,3,3,BLR,BOM,877,0,13.7,0.286001905349819,6,85,B737,0,0.3144,2,0,1
18,5,2,GOI,DEL,1879,3,10.1,0.3603321127023738,14,77,A321,1,1.0,7,1,2
15,1,7,AMD,DEL,855,2,6.4,0.24272931419439783,20,66,A321,1,0.6971,6,1,2
14,2,6,MAA,BOM,1027,0,1.9,0.3298937185242959,16,32,B737,0,0.402,5,0,1
16,1,3,HYD,BLR,541,0,3.9,0.22051473731044163,1,33,A320,0,0.1582,3,2,0
23,5,3,MAA,BOM,1062,0,7.4,0.27151068807947876,21,70,B737,0,0.2586,5,0,1
13,2,12,DEL,BLR,1692,0,7.8,0.414755568457839,11,69,A320,0,0.2159,1,2,0
9,4,12,CCU,DEL,1255,0,13.0,0.41515052138087766,20,57,A320,1,0.6161,4,1,0
7,3,1,DEL,BLR,1746,2,8.2,0.4643602095712303,15,45,A320,1,0.8857,1,2,0
7,4,7,AMD,DEL,907,0,5.3,0.23863763573664531,8,75,A320,0,0.3455,6,1,0
6,1,4,DEL,BLR,1768,0,4.3,0.46986725543512803,15,33,ATR72,0,0.3079,1,2,3
16,4,1,DEL,AMD,939,0,6.0,0.22527094129707598,2,81,ATR72,0,0.0901,1,6,3
16,6,1,PNQ,BOM,79,0,12.2,0.12574135193232744,12,42,B777,0,0.4703,8,0,4
18,4,6,BLR,DEL,1709,1,6.3,0.42355484870305316,11,45,B737,1,0.6694,2,1,1
21,4,9,DEL,BLR,1749,0,8.0,0.38963302239915604,13,73,B737,0,0.3059,1,2,1
16,3,11,GOI,DEL,1876,0,1.4,0.37804767667777256,13,62,ATR72,0,0.2012,7,1,3
23,4,10,BOM,MAA,1003,2,3.0,0.27954399596253343,19,79,B737,1,0.6118,0,5,1
19,5,5,BLR,HYD,496,0,13.8,0.17575571048928154,11,42,ATR72,1,0.5903,2,3,3
13,3,8,GOI,DEL,1885,0,9.9,0.2892048509830338,19,63,ATR72,0,0.4157,7,1,3
0,5,12,BOM,BLR,857,1,11.3,0.2995055289602094,7,35,B737,1,0.6398,0,2,1
20,1,6,BLR,DEL,1691,1,12.3,0.41531125373455574,7,70,A320,1,0.8161,2,1,0
2,6,10,BOM,MAA,1032,1,11.9,0.33352262549814593,14,89,A321,1,0.6334,0,5,2
2,2,11,DEL,AMD,938,0,5.9,0.21661966075072098,8,36,B777,0,0.1566,1,6,4
7,5,7,DEL,CCU,1291,0,10.9,0.41548630789198643,17,77,A321,1,0.7662,1,4,2
11,3,4,DEL,GOI,1877,1,11.3,0.3697986803983062,5,31,B777,1,0.6179,1,7,4
9,5,11,BLR,DEL,1743,1,3.6,0.43971278355804044,18,89,A320,1,0.6759,2,1,0
9,3,12,GOI,DEL,1853,1,8.0,0.3781154381334946,16,24,B737,1,0.7512,7,1,1
23,6,5,BLR,DEL,1696,2,10.7,0.41556273426356,20,41,A320,1,0.9862,2,1,0
11,3,6,AMD,DEL,932,3,8.0,0.2695073215843425,19,80,ATR72,1,0.9078,6,1,3
3,5,2,BLR,HYD,485,0,13.6,0.2107350454331265,7,41,ATR72,0,0.4043,2,3,3
3,4,9,DEL,BOM,1118,0,1.5,0.3472230249601965,2,68,B737,0,0.2389,1,0,1
10,5,5,DEL,BOM,1139,0,9.7,0.34072783502168585,21,41,B737,0,0.4563,1,0,1
23,2,11,BOM,DEL,1138,1,3.4,0.36620484500085587,2,60,B737,0,0.3465,0,1,1
0,0,4,BOM,DEL,1114,1,9.0,0.40219341196472325,17,54,A320,1,0.5609,0,1,0
14,3,3,DEL,AMD,860,0,11.5,0.2455405942990217,17,64,A321,0,0.3982,1,6,2
7,6,6,CCU,DEL,1337,3,6.9,0.3897185775620029,18,74,A321,1,1.0,4,1,2
0,1,8,BLR,DEL,1782,1,2.3,0.35358755651740903,7,41,A321,1,0.5114,2,1,2
21,3,2,DEL,BLR,1720,0,8.1,0.4542320266408022,20,39,A320,0,0.4517,1,2,0
17,2,1,BLR,BOM,858,0,5.8,0.266622873850368,3,25,A321,0,0.4066,2,0,2
19,3,3,DEL,CCU,1339,0,13.3,0.46750106926808344,4,36,B737,1,0.607,1,4,1
16,0,1,DEL,GOI,1905,0,10.1,0.3238599516136941,9,39,A321,0,0.3995,1,7,2
12,5,12,BLR,BOM,867,0,3.3,0.26777023642767156,5,44,B777,0,0.2271,2,0,4
1,0,11,AMD,DEL,907,0,5.7,0.2226005403608594,11,64,B737,0,0.139,6,1,1
8,2,4,DEL,BOM,1190,0,3.5,0.3801201409926951,14,44,A320,0,0.422,1,0,0
7,1,8,PNQ,BOM,92,1,11.1,0.14011828472451643,18,63,B777,1,0.856,8,0,4
21,6,12,BOM,DEL,1129,0,12.5,0.40359034308719455,16,62,A321,1,0.5114,0,1,2
8,3,1,DEL,CCU,1311,1,2.0,0.46623585818888474,21,88,ATR72,1,0.6365,1,4,3
22,6,5,HYD,BOM,611,0,1.9,0.22105917990415358,10,55,B737,0,0.1384,3,0,1
12,6,9,BOM,BLR,827,0,4.0,0.24348220861564707,12,21,B737,0,0.4474,0,2,1
19,5,5,CCU,DEL,1256,0,6.3,0.47684004016349246,6,56,B777,0,0.3907,4,1,4
17,1,12,PNQ,BOM,141,2,9.4,0.09637089708383134,9,31,A321,1,0.8085,8,0,2
3,5,1,BOM,PNQ,128,2,8.4,0.16443493359905353,9,63,B777,1,0.6658,0,8,4
13,0,3,CCU,DEL,1285,0,13.2,0.4261265360292099,14,67,B737,0,0.4205,4,1,1
5,6,4,BOM,BLR,810,0,3.4,0.24427340701488814,2,26,A320,0,0.2977,0,2,0
4,6,1,DEL,GOI,1881,0,8.1,0.37731014952019376,4,82,A320,0,0.3009,1,7,0
3,0,5,BOM,DEL,1175,2,12.0,0.4160769904728079,4,74,A320,1,0.7664,0,1,0
22,3,9,BOM,BLR,842,1,11.1,0.2813346965263402,11,52,ATR72,1,0.6625,0,2,3
22,5,3,PNQ,BOM,145,0,9.5,0.14028405867532084,17,49,B777,0,0.3561,8,0,4
3,5,8,BLR,DEL,1707,0,10.6,0.43801101649725366,16,83,B777,1,0.6252,2,1,4
3,2,11,BLR,HYD,547,1,3.0,0.1772180044805993,7,37,ATR72,0,0.3409,2,3,3
22,3,11,DEL,GOI,1932,1,11.6,0.36696973872917327,16,70,A320,1,0.6468,1,7,0
2,3,8,BLR,DEL,1767,0,4.7,0.3854060618303038,11,52,B777,0,0.3042,2,1,4
7,0,4,PNQ,BOM,169,3,1.6,0.09829395722816639,7,85,A320,1,0.8393,8,0,0
15,1,3,BLR,DEL,1743,0,12.1,0.3952812750411498,16,88,ATR72,0,0.4581,2,1,3
17,2,10,BOM,MAA,992,0,10.7,0.27525684587895494,5,66,B777,0,0.4601,0,5,4
18,3,1,BLR,DEL,1767,2,4.8,0.37657962613602186,19,29,B777,1,0.9506,2,1,4
3,5,9,DEL,AMD,858,3,12.0,0.1888772613623107,14,67,B737,1,1.0,1,6,1
2,2,5,BOM,BLR,887,1,11.6,0.2892436452124565,9,83,A321,1,0.5157,0,2,2
13,6,1,HYD,BOM,648,0,11.6,0.22352349093127716,12,30,ATR72,0,0.4594,3,0,3
2,5,9,BOM,MAA,1005,0,7.3,0.30999308630644185,12,67,A321,0,0.324,0,5,2
13,6,10,DEL,CCU,1340,0,8.8,0.47394057707182513,3,35,B777,0,0.4096,1,4,4
20,5,12,BLR,BOM,867,1,2.1,0.3295863197441728,4,55,B737,1,0.5318,2,0,1
7,2,9,DEL,GOI,1940,2,6.3,0.34706899918017786,16,79,B777,1,0.8888,1,7,4
6,3,3,GOI,DEL,1855,2,4.0,0.32858497309165374,9,59,A321,1,0.5314,7,1,2
14,0,4,HYD,BLR,464,0,12.2,0.16181668702015012,3,21,B737,0,0.4147,3,2,1
11,5,6,DEL,BLR,1697,0,4.4,0.37926364627234155,16,58,A320,0,0.4017,1,2,0
23,1,7,BOM,DEL,1151,1,11.8,0.35413172338116133,19,47,ATR72,1,0.7417,0,1,3
16,2,4,HYD,BLR,510,2,13.5,0.18742475154002697,7,50,ATR72,1,0.675,3,2,3
7,0,4,BOM,MAA,990,0,8.4,0.3116409187727189,9,47,B737,0,0.3747,0,5,1
14,0,2,MAA,BOM,976,0,9.0,0.2879164569782912,3,39,B777,0,0.2852,5,0,4
14,2,8,BLR,DEL,1712,0,2.6,0.41827323334218325,10,30,ATR72,0,0.3373,2,1,3
19,3,2,BLR,BOM,839,0,9.0,0.2863481733412239,8,49,ATR72,0,0.3645,2,0,3
22,2,10,BLR,DEL,1716,0,5.9,0.3880437514273504,12,64,B737,0,0.2052,2,1,1
16,1,5,BOM,PNQ,77,2,3.9,0.1059324189968611,5,82,B737,0,0.4924,0,8,1
12,3,8,GOI,DEL,1879,0,14.0,0.343506715903692,14,50,B737,1,0.4874,7,1,1
0,1,10,BLR,BOM,851,0,7.9,0.27319304246068227,17,29,B737,0,0.3593,2,0,1
6,2,10,HYD,BLR,453,1,13.6,0.1698005216631477,9,42,A320,1,0.5379,3,2,0
4,0,6,DEL,BLR,1734,0,2.4,0.4403889151427309,13,23,B777,0,0.4762,1,2,4
13,4,5,BOM,HYD,578,0,11.6,0.2738710957400308,5,31,ATR72,0,0.3795,0,3,3
8,2,12,BOM,BLR,833,0,11.2,0.245596711801781,21,80,A320,1,0.5482,0,2,0
0,4,2,BOM,MAA,981,0,6.5,0.3048516349114792,10,78,A320,0,0.1219,0,5,0
1,1,5,BLR,DEL,1739,0,4.3,0.35103615470777794,16,36,B737,0,0.3104,2,1,1
0,5,7,PNQ,BOM,78,1,12.7,0.1518126179659603,7,40,B777,1,0.7307,8,0,4
23,4,12,DEL,GOI,1932,1,8.2,0.3652326169499459,10,61,ATR72,0,0.4461,1,7,3
7,3,1,HYD,BLR,549,0,7.4,0.16559040428296556,14,31,A321,0,0.3362,3,2,2
0,6,12,CCU,DEL,1324,0,4.0,0.43614156862337855,16,20,B777,0,0.4745,4,1,4
1,4,9,PNQ,BOM,157,1,2.4,0.12294429645838667,13,21,ATR72,1,0.5992,8,0,3
7,2,2,BOM,MAA,1003,0,5.2,0.36082493614081196,15,34,A321,0,0.4143,0,5,2
18,6,9,BLR,DEL,1709,0,8.7,0.424163287393124,3,57,A320,1,0.5697,2,1,0
6,3,12,DEL,BLR,1729,0,9.4,0.4096768320971918,16,84,A321,0,0.3639,1,2,2
21,3,6,PNQ,BOM,149,0,6.9,0.15201048382857346,17,59,ATR72,0,0.3108,8,0,3
12,4,7,BLR,HYD,532,0,10.0,0.17770806306415188,12,69,A321,0,0.3211,2,3,2
4,5,7,BOM,MAA,1054,1,11.4,0.279473859930252,2,79,B777,1,0.6618,0,5,4
3,0,10,DEL,GOI,1929,2,5.6,0.3331710122405723,19,84,B777,1,0.6333,1,7,4
11,2,5,BOM,DEL,1102,2,8.0,0.4269477236045363,1,79,B737,1,0.5708,0,1,1
19,6,6,AMD,DEL,896,0,5.5,0.26922766588813446,7,89,B777,0,0.4077,6,1,4
0,4,7,PNQ,BOM,87,0,9.3,0.14906034895239811,6,43,B777,0,0.3796,8,0,4
15,5,10,BOM,HYD,626,1,12.9,0.22490905553014248,15,27,B737,1,0.74,0,3,1
6,6,12,AMD,DEL,853,2,9.4,0.24859409178637,6,80,A320,1,0.6494,6,1,0
18,6,7,AMD,DEL,866,3,2.9,0.17312024879885274,6,62,B777,1,0.9692,6,1,4
13,2,4,PNQ,BOM,121,0,3.9,0.11856751882586869,6,76,B737,0,0.0974,8,0,1
19,1,11,BLR,BOM,841,0,6.4,0.32094967405934915,8,73,A320,0,0.2784,2,0,0
9,0,8,MAA,BOM,1047,0,7.6,0.2572778502544004,17,50,B777,0,0.4529,5,0,4
4,6,3,BLR,BOM,809,1,4.6,0.25550137149921465,8,78,B737,0,0.3522,2,0,1
7,3,11,GOI,DEL,1886,1,3.8,0.2928954556021297,21,46,A320,1,0.5672,7,1,0
21,0,11,BOM,BLR,830,0,5.1,0.2304907292509483,20,25,A321,0,0.3422,0,2,2
21,5,4,BLR,HYD,473,0,11.6,0.1540328944196417,16,32,B777,1,0.4816,2,3,4
17,3,11,BOM,PNQ,86,0,5.0,0.19104173075174607,20,43,B737,0,0.4464,0,8,1
12,2,1,BOM,BLR,839,0,1.8,0.3087967445014446,6,24,B737,0,0.2735,0,2,1
22,5,5,DEL,CCU,1339,1,12.8,0.41032223255322675,11,39,ATR72,1,0.7341,1,4,3
0,0,2,BLR,DEL,1723,0,1.9,0.44014221633620315,19,40,B737,0,0.3461,2,1,1
3,1,1,BLR,DEL,1761,0,12.1,0.42681614245768396,7,85,B777,0,0.3707,2,1,4
15,1,1,BLR,BOM,815,2,11.9,0.3151115949283202,8,29,B737,1,0.876,2,0,1
16,5,12,DEL,BOM,1126,0,7.5,0.3092870283728173,21,38,B737,0,0.3437,1,0,1
5,4,5,PNQ,BOM,128,0,7.3,0.1716605094061604,11,24,B737,0,0.3187,8,0,1
15,5,11,BOM,BLR,798,3,5.3,0.29747885275082747,14,35,A321,1,0.889,0,2,2
18,3,4,PNQ,BOM,152,2,4.8,0.17188605161971177,1,47,B777,1,0.6688,8,0,4
20,4,6,PNQ,BOM,98,0,9.2,0.156453496609479,18,78,B737,1,0.5626,8,0,1
16,2,9,BLR,HYD,464,0,9.2,0.19751324296032183,16,82,B737,0,0.379,2,3,1
17,1,6,BLR,HYD,493,2,7.1,0.16882692383934086,19,20,B737,1,0.9675,2,3,1
13,6,4,MAA,BOM,1040,0,4.8,0.308184988493415,1,34,B777,0,0.2433,5,0,4
3,6,12,DEL,AMD,887,2,3.2,0.15286732183116475,15,58,B777,1,0.5611,1,6,4
10,3,2,MAA,BOM,1003,2,3.6,0.2718217235532932,16,67,B777,1,0.6087,5,0,4
17,4,7,BOM,PNQ,153,2,14.0,0.17807261656943496,9,72,ATR72,1,0.9712,0,8,3
7,5,12,DEL,CCU,1300,0,5.2,0.4088008712218502,10,32,A320,0,0.4335,1,4,0
15,1,10,BOM,DEL,1190,0,13.1,0.34236990587265664,1,45,B777,0,0.3369,0,1,4
11,5,2,DEL,AMD,935,0,8.9,0.20070083802260258,7,84,A321,0,0.2303,1,6,2
10,4,4,CCU,DEL,1297,0,11.4,0.4746246864173697,20,79,B737,1,0.4898,4,1,1
21,6,6,GOI,DEL,1924,0,11.8,0.30376015338671847,18,47,B737,1,0.5715,7,1,1
2,6,9,HYD,BOM,589,0,5.1,0.24634644494000496,9,22,A321,0,0.3985,3,0,2
1,4,4,PNQ,BOM,102,0,6.4,0.12051142520043014,8,27,B777,0,0.2482,8,0,4
14,6,11,BOM,HYD,602,3,12.7,0.2893543713403254,9,83,B737,1,0.9657,0,3,1
0,1,12,DEL,CCU,1282,0,2.6,0.4142260212183976,6,64,B777,0,0.1657,1,4,4
5,1,5,CCU,DEL,1328,2,1.1,0.393392902742969,10,80,B777,1,0.5574,4,1,4
3,4,8,BLR,HYD,509,0,9.0,0.16365545874692886,19,59,A320,0,0.3655,2,3,0
12,4,8,GOI,DEL,1907,1,12.3,0.36191159985019644,16,80,A321,1,0.7448,7,1,2
15,1,10,BLR,HYD,516,0,12.0,0.13001023725258468,1,57,B737,0,0.252,2,3,1
18,3,2,DEL,BOM,1156,2,9.3,0.3185488637573597,21,48,B737,1,0.8774,1,0,1
22,2,5,BLR,HYD,465,0,10.4,0.19403421529040735,21,83,A321,0,0.3776,2,3,2
3,6,8,BLR,BOM,800,0,5.9,0.2767431363042166,6,78,A320,0,0.2607,2,0,0
6,4,2,CCU,DEL,1274,2,7.1,0.43053993025722537,3,21,A320,1,0.7222,4,1,0
8,5,1,BLR,BOM,821,3,1.1,0.34455940139498087,13,43,B737,1,1.0,2,0,1
23,3,6,DEL,CCU,1313,0,5.3,0.48468202360767565,3,48,B737,0,0.2939,1,4,1
2,2,6,DEL,AMD,919,1,6.1,0.18433709367224949,9,60,A320,0,0.3737,1,6,0
1,0,10,BLR,BOM,888,0,6.6,0.31679478609527234,3,72,A321,0,0.1267,2,0,2
5,2,12,DEL,GOI,1909,1,6.0,0.3700209893856271,21,51,B737,0,0.448,1,7,1
5,6,11,DEL,BOM,1155,1,5.8,0.3093523296326997,2,24,B777,1,0.5237,1,0,4
7,1,2,DEL,CCU,1264,1,13.5,0.4637116574764613,3,42,B737,1,0.8055,1,4,1
16,5,5,BOM,DEL,1192,2,7.0,0.36187393889203795,6,27,B777,1,0.7447,0,1,4
21,0,1,HYD,BOM,579,1,10.1,0.2913695659323096,5,29,A321,1,0.6665,3,0,2
3,1,5,DEL,BLR,1747,0,5.6,0.40827204407654044,4,27,B737,0,0.3133,1,2,1
5,3,7,BOM,BLR,877,1,8.5,0.3234191269746624,3,27,A320,1,0.6794,0,2,0
13,6,10,HYD,BOM,650,0,5.4,0.22663539910510277,17,65,A321,0,0.2407,3,0,2
4,2,6,MAA,BOM,1053,0,12.2,0.29224545702892063,20,74,A320,1,0.5169,5,0,0
9,6,9,GOI,DEL,1924,0,3.1,0.355781115955073,18,84,B737,1,0.5423,7,1,1
12,3,2,HYD,BOM,631,0,5.6,0.28485051380715376,8,34,A320,0,0.1839,3,0,0
11,5,2,BOM,HYD,608,2,6.9,0.2626176542692467,2,46,B737,1,0.555,0,3,1
4,6,4,GOI,DEL,1929,2,5.5,0.34351370481158267,20,71,ATR72,1,0.6874,7,1,3
5,5,7,CCU,DEL,1277,0,7.7,0.4763112739400902,14,66,ATR72,0,0.3905,4,1,3
21,0,4,BLR,HYD,548,0,5.9,0.19105137223762347,8,36,A321,0,0.1464,2,3,2
16,0,3,BLR,HYD,482,0,5.1,0.17987694515551306,15,26,B737,0,0.272,2,3,1
17,6,7,DEL,BOM,1117,0,6.6,0.3663090116648007,18,78,A320,1,0.5465,1,0,0
18,1,4,MAA,BOM,1059,0,5.8,0.2672499060020489,11,32,A321,0,0.3769,5,0,2
19,0,9,BOM,BLR,879,0,9.4,0.3006580804717104,14,63,A321,1,0.5203,0,2,2
16,2,9,DEL,GOI,1933,0,4.6,0.30190501953168436,21,74,B737,0,0.3208,1,7,1
21,1,5,GOI,DEL,1899,3,8.9,0.3698694303319544,18,35,ATR72,1,1.0,7,1,3
15,3,6,PNQ,BOM,126,0,6.9,0.18949844806831984,17,62,A320,0,0.3258,8,0,0
5,5,11,DEL,BOM,1123,2,2.4,0.35582625973529686,6,47,A320,1,0.5923,1,0,0
14,3,9,BLR,HYD,494,0,9.2,0.13074121264761313,19,82,ATR72,0,0.3523,2,3,3
14,1,11,BLR,BOM,889,1,7.5,0.30091892223731387,5,82,ATR72,0,0.3204,2,0,3
1,5,1,BLR,BOM,852,1,8.9,0.3374790255380029,19,57,B737,1,0.585,2,0,1
17,5,9,DEL,CCU,1311,2,5.9,0.4490442252519467,13,62,B737,1,0.9296,1,4,1
5,0,1,DEL,CCU,1299,0,13.9,0.4348020507555671,21,63,A321,1,0.4739,1,4,2
7,4,10,DEL,BLR,1704,0,8.1,0.37969414430550696,10,26,A321,1,0.5519,1,2,2
7,6,12,DEL,BOM,1166,1,13.2,0.39219106519518643,1,73,B737,1,0.7569,1,0,1
0,3,4,DEL,AMD,889,1,10.4,0.19061190459657762,15,36,B777,1,0.5962,1,6,4
19,1,1,HYD,BLR,482,3,5.9,0.22878836088416027,5,49,B777,1,0.8415,3,2,4
12,1,4,BLR,DEL,1698,0,5.7,0.4171614763387235,13,75,B737,0,0.2169,2,1,1
9,2,3,BOM,MAA,1021,1,6.1,0.3422570981371435,4,51,B737,1,0.4869,0,5,1
12,5,12,BLR,DEL,1786,0,5.5,0.3631437864452649,12,43,A320,0,0.3153,2,1,0
10,1,1,BLR,HYD,548,0,5.3,0.16746053848644046,9,29,A320,0,0.217,2,3,0
4,0,6,AMD,DEL,849,1,5.4,0.2557398864333279,4,24,B777,1,0.5523,6,1,4
0,6,12,DEL,BLR,1772,2,12.0,0.4116950981073689,14,51,A320,1,0.8647,1,2,0
18,3,9,HYD,BLR,474,1,10.9,0.22547123947532588,2,29,A321,1,0.8902,3,2,2
10,5,12,DEL,AMD,932,2,2.5,0.20838980527996553,17,56,ATR72,1,0.6334,1,6,3
11,2,10,GOI,DEL,1917,1,13.0,0.324615078249426,18,89,B737,1,0.6298,7,1,1
9,6,4,HYD,BOM,653,0,1.1,0.24855695665296226,2,62,B777,0,0.2994,3,0,4
13,6,7,HYD,BLR,461,0,1.5,0.15017084245425932,13,88,B737,0,0.2601,3,2,1
16,2,12,DEL,CCU,1330,1,8.1,0.4040313707354548,14,20,ATR72,1,0.6616,1,4,3
16,1,6,BLR,BOM,825,0,5.0,0.3434319494588617,11,88,ATR72,0,0.2874,2,0,3
11,5,7,CCU,DEL,1336,0,5.0,0.44258334709604585,3,84,A320,0,0.327,4,1,0
10,5,1,BLR,DEL,1717,1,5.2,0.44634499192650007,21,59,ATR72,1,0.5285,2,1,3
5,5,3,HYD,BLR,480,0,8.8,0.1994011496972227,16,65,A321,0,0.3298,3,2,2
20,4,3,MAA,BOM,1030,2,12.4,0.30988289159131627,4,62,ATR72,1,0.874,5,0,3
22,2,10,DEL,BOM,1123,0,2.0,0.33515737813840696,2,54,ATR72,0,0.1341,1,0,3
11,0,6,HYD,BLR,494,1,10.4,0.2115827336985964,17,51,A320,1,0.6846,3,2,0
10,1,1,HYD,BOM,655,0,10.4,0.31397435288652753,10,59,B737,0,0.3256,3,0,1
8,3,8,PNQ,BOM,159,1,3.9,0.09494834871463724,11,71,A321,1,0.588,8,0,2
7,6,11,BOM,MAA,1038,0,5.2,0.3585922364390098,6,86,A321,0,0.3434,0,5,2
3,4,5,CCU,DEL,1282,0,9.8,0.4545323820895183,1,45,A320,0,0.2818,4,1,0
17,4,6,PNQ,BOM,75,1,6.5,0.15773379750016273,10,63,ATR72,1,0.5631,8,0,3
15,2,6,CCU,DEL,1344,0,1.6,0.44340593910544907,3,81,A321,0,0.2774,4,1,2
18,1,12,BLR,DEL,1704,2,2.4,0.36381114797450104,20,21,B777,1,0.9455,2,1,4
6,2,9,BLR,BOM,803,0,12.2,0.2528717993542521,18,21,A320,1,0.6511,2,0,0
23,3,11,BOM,MAA,990,2,9.6,0.2740609490302891,1,28,A321,1,0.7596,0,5,2
8,1,12,BOM,BLR,868,0,5.3,0.2308965336032906,6,61,ATR72,0,0.2424,0,2,3
3,0,9,BOM,BLR,837,0,5.8,0.3263811671517031,20,26,B777,0,0.4806,0,2,4
23,2,7,BOM,PNQ,143,0,7.4,0.19695438973031526,1,35,ATR72,0,0.2988,0,8,3
1,6,9,BLR,DEL,1697,0,3.9,0.43930060638419033,9,53,ATR72,0,0.3257,2,1,3
15,4,11,MAA,BOM,1042,1,8.4,0.329806136530489,21,28,B777,1,0.6819,5,0,4
17,2,3,HYD,BOM,624,0,4.2,0.24322929910042934,7,81,B777,0,0.2473,3,0,4
9,2,1,DEL,CCU,1311,1,8.1,0.4245751970971188,9,43,A320,1,0.6898,1,4,0
19,4,2,BLR,BOM,836,1,12.1,0.26468356541420757,13,66,B737,1,0.7059,2,0,1
1,1,7,DEL,BLR,1730,0,4.0,0.4445445779330084,5,31,B777,0,0.3478,1,2,4
7,2,8,DEL,GOI,1893,0,7.7,0.32772304731945406,8,50,A321,0,0.3811,1,7,2
8,1,9,DEL,AMD,929,0,2.4,0.20416595491653655,13,79,A320,0,0.3817,1,6,0
22,1,5,PNQ,BOM,96,0,2.1,0.11887293607523933,10,85,A320,0,0.0975,8,0,0
8,2,6,BOM,HYD,649,0,11.0,0.24095472114169386,15,27,B777,1,0.7464,0,3,4
2,5,11,BOM,PNQ,107,1,13.4,0.10806065276470753,4,60,B777,1,0.5432,0,8,4
19,3,10,CCU,DEL,1339,1,2.8,0.4067766961298241,10,26,B777,1,0.6627,4,1,4
7,1,8,DEL,BOM,1148,2,1.7,0.3813179128736632,7,30,B737,1,0.8725,1,0,1
18,3,3,CCU,DEL,1257,2,9.9,0.40744498880922314,16,28,B777,1,1.0,4,1,4
1,1,4,AMD,DEL,935,0,8.0,0.2200075791798668,13,74,ATR72,0,0.138,6,1,3
3,3,10,DEL,BLR,1711,2,5.4,0.4632744325146608,16,83,A321,1,0.6853,1,2,2
3,4,3,DEL,GOI,1928,0,4.2,0.35163688405358545,12,28,B777,0,0.3407,1,7,4
2,6,8,BOM,DEL,1176,1,7.9,0.3644757139606369,9,82,B777,0,0.4958,0,1,4
0,5,3,DEL,BLR,1700,0,11.1,0.3731998518681948,12,76,B777,0,0.4493,1,2,4
8,4,7,HYD,BLR,496,2,13.1,0.22749823415300935,14,77,ATR72,1,0.991,3,2,3
6,6,12,AMD,DEL,885,0,7.3,0.18578414108729208,16,52,B777,0,0.2243,6,1,4
10,2,4,DEL,GOI,1899,0,11.9,0.3590981782103699,3,30,ATR72,0,0.4136,1,7,3
3,3,8,DEL,BLR,1765,0,1.2,0.3721614717751216,4,77,ATR72,0,0.2489,1,2,3
4,3,4,BOM,MAA,973,0,10.5,0.3050856643442335,10,69,ATR72,0,0.322,0,5,3
12,6,2,BOM,DEL,1197,0,6.5,0.4290055457774835,4,85,B777,0,0.2216,0,1,4
23,5,5,BLR,BOM,890,0,5.5,0.27448183472620324,19,83,A321,0,0.2598,2,0,2
0,0,10,BOM,HYD,646,0,8.2,0.25557194323777294,3,80,A321,0,0.2022,0,3,2
10,1,2,DEL,AMD,868,0,6.0,0.2072456665679881,19,29,A321,0,0.3329,1,6,2
11,4,2,DEL,CCU,1348,1,4.4,0.40033625071608925,16,23,A320,1,0.6101,1,4,0
3,1,10,BLR,BOM,887,0,7.3,0.300442062032784,16,64,ATR72,0,0.2202,2,0,3
22,1,8,DEL,BOM,1164,1,8.0,0.38770606825859966,19,74,A321,1,0.5551,1,0,2
5,5,6,DEL,AMD,850,0,12.4,0.20552257903611765,14,55,A321,0,0.4822,1,6,2
13,5,7,BOM,DEL,1156,0,7.2,0.3746637587743976,7,44,A320,0,0.3699,0,1,0
1,2,2,BOM,MAA,986,2,2.8,0.30857476959404,6,76,A320,1,0.5234,0,5,0
18,4,8,DEL,CCU,1352,0,2.3,0.46833529704653054,15,67,ATR72,0,0.4873,1,4,3
22,1,3,BLR,DEL,1734,0,1.0,0.42924737506537763,17,55,ATR72,0,0.2717,2,1,3
13,5,12,GOI,DEL,1865,1,6.9,0.3031963378891813,13,77,ATR72,0,0.4213,7,1,3
17,2,8,MAA,BOM,976,1,12.6,0.34520981614428065,4,44,B777,1,0.8581,5,0,4
8,0,7,BLR,HYD,547,1,9.6,0.15489875008655046,19,41,B737,1,0.782,2,3,1
5,1,2,BOM,PNQ,162,0,9.4,0.17238539146741894,20,77,ATR72,0,0.319,0,8,3
2,2,12,HYD,BLR,481,1,1.5,0.14785967610576625,3,76,B737,0,0.2591,3,2,1
6,0,9,PNQ,BOM,70,1,9.8,0.13914258300809565,7,34,A321,1,0.5757,8,0,2
20,5,2,AMD,DEL,842,1,5.2,0.23669394619591322,9,27,A320,1,0.6447,6,1,0
0,1,10,BLR,DEL,1747,0,3.9,0.43883735857131984,12,81,A321,0,0.2255,2,1,2
18,4,6,HYD,BLR,532,0,3.6,0.18072970777170008,18,47,B777,0,0.4223,3,2,4
5,1,8,AMD,DEL,876,2,3.0,0.17425527746072145,13,58,ATR72,1,0.6197,6,1,3
21,2,5,HYD,BLR,542,2,13.3,0.15156850202179717,2,39,B777,1,0.7306,3,2,4
10,0,9,BLR,DEL,1726,0,3.4,0.35023786016135705,13,36,A320,0,0.3601,2,1,0
19,1,10,HYD,BLR,501,1,13.1,0.2116200778553577,13,44,B737,1,0.7546,3,2,1
14,6,2,BLR,DEL,1757,0,10.9,0.4317030862224408,20,67,A320,1,0.5227,2,1,0
13,0,8,BOM,MAA,1007,0,8.5,0.3608652198783399,12,44,A320,1,0.4643,0,5,0
15,6,3,BOM,PNQ,156,2,3.3,0.13038531488749416,3,43,A321,1,0.6222,0,8,2
3,6,5,DEL,BOM,1155,0,6.2,0.3283151170076317,21,86,A321,0,0.2813,1,0,2
2,4,12,DEL,BOM,1184,1,11.4,0.3374370439607437,9,22,A321,1,0.685,1,0,2
23,4,5,BOM,PNQ,166,1,13.2,0.1594232125241244,7,79,B737,1,0.5138,0,8,1
12,6,11,AMD,DEL,892,1,3.7,0.24647446541349127,1,67,A321,0,0.3486,6,1,2
16,1,4,BLR,BOM,878,0,10.4,0.2533447309932391,19,26,A320,1,0.5513,2,0,0
13,3,5,BOM,DEL,1124,2,9.8,0.3721864341919528,19,87,B737,1,0.7489,0,1,1
1,1,9,MAA,BOM,1062,0,9.8,0.32571618488220966,16,25,A321,1,0.5803,5,0,2
21,3,10,MAA,BOM,985,1,4.6,0.2650343933666627,10,77,A321,0,0.306,5,0,2
9,0,6,AMD,DEL,900,1,11.3,0.2549056752060438,8,38,A320,1,0.822,6,1,0
21,0,11,AMD,DEL,902,2,8.1,0.25171964537163793,17,49,ATR72,1,0.7007,6,1,3
22,3,8,CCU,DEL,1353,0,12.7,0.39487155689001047,10,69,ATR72,0,0.4579,4,1,3
7,0,7,MAA,BOM,969,0,6.6,0.3131046948996181,11,29,B737,1,0.5752,5,0,1
10,4,2,PNQ,BOM,95,0,11.6,0.1795687007655612,6,41,B737,0,0.3918,8,0,1
3,4,4,GOI,DEL,1883,0,7.4,0.3022011050708838,15,82,ATR72,0,0.1709,7,1,3
11,3,3,MAA,BOM,1023,0,6.5,0.34229092642058223,17,25,B737,0,0.3869,5,0,1
2,0,2,CCU,DEL,1285,1,7.0,0.39260610418373976,19,23,A320,1,0.607,4,1,0
18,0,8,BOM,PNQ,77,0,8.6,0.17534985375862014,9,70,B777,1,0.4701,0,8,4
18,4,11,DEL,AMD,905,2,10.0,0.20005803396724525,21,76,A321,1,0.83,1,6,2
3,2,10,BLR,BOM,852,2,6.9,0.2547498908617901,14,87,ATR72,1,0.5519,2,0,3
8,1,3,DEL,CCU,1307,1,4.6,0.40269698783005275,21,27,A320,1,0.7611,1,4,0
13,2,11,BOM,BLR,864,1,13.0,0.31435195577082187,12,36,B777,1,0.6457,0,2,4
20,5,3,CCU,DEL,1258,0,3.8,0.39710050166537825,2,20,A320,0,0.5088,4,1,0
13,3,10,HYD,BLR,470,0,4.8,0.17884238467456273,18,52,A320,0,0.1715,3,2,0
9,6,1,DEL,BOM,1148,0,6.8,0.3443353533105526,19,32,B777,1,0.5077,1,0,4
4,3,10,DEL,CCU,1302,2,5.4,0.4162557439845652,11,28,A320,1,0.7665,1,4,0
20,5,10,BOM,MAA,980,0,4.1,0.3577598294141447,4,41,B777,0,0.4131,0,5,4
11,0,6,BOM,MAA,1017,0,1.2,0.3184948439742227,6,58,A321,0,0.2274,0,5,2
1,0,10,BOM,MAA,976,0,9.5,0.2818680500528685,20,29,B777,1,0.4627,0,5,4
2,2,6,BOM,MAA,1038,0,9.4,0.31956313419034804,17,55,A320,0,0.4278,0,5,0
13,1,2,GOI,DEL,1935,1,8.0,0.33176142907579415,7,88,B737,0,0.3327,7,1,1
0,1,11,MAA,BOM,1055,0,2.3,0.2813292348137003,21,68,A321,0,0.2125,5,0,2
15,6,9,GOI,DEL,1893,0,12.0,0.35845874820312285,4,42,A321,1,0.5634,7,1,2
16,3,9,BLR,DEL,1737,2,13.5,0.3670247264226017,7,69,B737,1,0.8468,2,1,1
16,0,11,DEL,BOM,1105,1,1.8,0.3622483545792394,19,82,B737,0,0.4449,1,0,1
23,2,5,BLR,HYD,475,2,6.9,0.16007888429039743,12,76,B737,0,0.514,2,3,1
13,0,7,BOM,PNQ,94,0,6.0,0.14126110291294403,9,27,A320,0,0.3565,0,8,0
8,2,10,BOM,PNQ,70,0,1.7,0.10113130857733128,18,52,A320,0,0.3405,0,8,0
16,4,10,DEL,AMD,913,1,5.6,0.18767274147899787,14,64,B777,0,0.3251,1,6,4
1,6,7,CCU,DEL,1261,1,6.1,0.4564322877143172,4,27,A321,1,0.6826,4,1,2
22,6,6,BLR,DEL,1769,0,1.9,0.4405121852246986,3,68,B737,0,0.3262,2,1,1
4,3,12,BOM,PNQ,151,0,12.8,0.13083507401401545,11,67,ATR72,0,0.3523,0,8,3
19,2,5,DEL,AMD,848,0,1.3,0.16846323571604296,18,60,B737,0,0.3174,1,6,1
18,3,6,AMD,DEL,869,1,8.2,0.25408483295891854,11,54,ATR72,1,0.7016,6,1,3
19,3,5,BLR,HYD,466,0,8.3,0.1411747183762487,9,49,ATR72,0,0.3065,2,3,3
9,0,8,DEL,BLR,1789,0,2.4,0.4564535437979447,15,37,B777,1,0.5526,1,2,4
23,2,7,AMD,DEL,882,1,4.7,0.19887753594105423,21,51,B737,0,0.4796,6,1,1
20,3,10,BOM,DEL,1131,3,9.5,0.3605922881881513,2,69,ATR72,1,0.9942,0,1,3
21,1,6,GOI,DEL,1947,1,3.0,0.3281744079898189,20,32,B777,1,0.6013,7,1,4
9,1,3,PNQ,BOM,162,1,9.5,0.1016916854618389,8,37,A320,1,0.6107,8,0,0
15,6,10,HYD,BOM,634,2,5.3,0.24150129713345003,19,22,B737,1,0.7966,3,0,1
17,1,12,MAA,BOM,984,2,1.3,0.2629012615834248,7,64,B777,1,0.6552,5,0,4
22,0,10,DEL,BLR,1716,0,4.7,0.46160069226960854,8,30,B737,0,0.2546,1,2,1
10,3,12,DEL,BOM,1146,2,10.4,0.3787712758811361,2,42,A321,1,0.8215,1,0,2
19,0,7,MAA,BOM,1000,2,3.6,0.3014378123144531,10,77,ATR72,1,0.7706,5,0,3
4,3,11,BOM,MAA,1044,1,8.4,0.3153934570750111,20,51,A320,1,0.5262,0,5,0
22,2,6,BOM,MAA,971,2,1.2,0.3494470646736006,16,80,A320,1,0.7398,0,5,0
23,2,2,HYD,BLR,493,2,1.9,0.2004390512210911,15,69,B737,1,0.5302,3,2,1
10,4,4,DEL,BLR,1747,0,8.9,0.43881256035840865,16,62,A320,0,0.3755,1,2,0
23,1,8,MAA,BOM,1048,1,5.4,0.2606593258504219,19,33,B737,1,0.5743,5,0,1
13,6,12,DEL,BLR,1774,3,11.2,0.4315796742493604,18,39,B777,1,1.0,1,2,4
4,6,12,DEL,BLR,1701,3,5.3,0.41750279007620766,11,32,B737,1,0.937,1,2,1
12,0,12,CCU,DEL,1352,3,11.3,0.3824833237285976,12,71,ATR72,1,1.0,4,1,3
7,2,5,BLR,HYD,525,3,12.2,0.18344408747716373,13,72,B777,1,1.0,2,3,4
4,2,10,CCU,DEL,1324,0,4.5,0.4286580224147271,6,68,ATR72,0,0.1715,4,1,3
22,5,8,HYD,BLR,548,2,8.5,0.20465627536872702,20,44,ATR72,1,0.9019,3,2,3
4,2,5,BOM,HYD,601,3,13.3,0.26712507243857353,15,42,ATR72,1,1.0,0,3,3
11,3,3,DEL,BLR,1784,1,5.5,0.4459086050212624,5,63,B737,0,0.3784,1,2,1
23,4,2,GOI,DEL,1897,0,4.1,0.3157098230155788,14,77,A320,0,0.1763,7,1,0
12,0,5,BOM,HYD,573,0,2.6,0.26341624843214184,12,32,ATR72,0,0.2254,0,3,3
23,5,2,BLR,HYD,533,1,7.7,0.17462869561384523,20,82,B777,0,0.4199,2,3,4
3,3,7,BLR,DEL,1737,0,1.2,0.375973593837448,9,79,ATR72,0,0.2504,2,1,3
0,4,5,BOM,DEL,1124,0,13.7,0.38445074714020727,12,51,B777,0,0.4038,0,1,4
4,5,9,BLR,HYD,504,1,4.1,0.13493320865283476,5,74,A320,0,0.404,2,3,0
12,3,4,BLR,DEL,1760,1,11.0,0.36234093499832853,12,30,ATR72,1,0.6649,2,1,3
7,2,5,BLR,HYD,531,0,9.5,0.13676560424315345,17,86,ATR72,0,0.4047,2,3,3
21,3,6,MAA,BOM,1038,2,4.4,0.31603356509573666,4,78,B737,1,0.6264,5,0,1
1,1,8,GOI,DEL,1880,1,10.9,0.3070916865890485,3,74,B737,1,0.6228,7,1,1
6,4,8,MAA,BOM,977,2,6.0,0.34009024889891043,19,32,B777,1,0.806,5,0,4
5,3,6,BLR,HYD,472,0,7.9,0.19887120606761238,17,69,ATR72,0,0.2795,2,3,3
5,3,5,AMD,DEL,870,0,9.7,0.20748616938223988,8,38,A321,0,0.253,6,1,2
15,5,8,CCU,DEL,1297,3,10.5,0.4188746992392922,8,69,B777,1,1.0,4,1,4
13,5,10,BOM,PNQ,121,0,2.9,0.1994627918505732,4,88,ATR72,0,0.1798,0,8,3
11,5,11,CCU,DEL,1274,1,2.6,0.41668560004575056,17,71,B737,0,0.5167,4,1,1
7,5,1,DEL,BLR,1756,1,3.5,0.41081458117174674,10,35,B777,1,0.6343,1,2,4
19,6,11,HYD,BOM,580,0,2.1,0.24770751756167103,7,30,A320,0,0.3691,3,0,0
12,4,3,DEL,CCU,1269,2,5.7,0.4351895011584205,3,74,A320,1,0.5741,1,4,0
17,5,7,BOM,DEL,1120,1,7.4,0.3771025279716765,6,48,A320,1,0.6508,0,1,0
11,3,9,DEL,BOM,1117,0,13.6,0.3475613711251683,5,89,B777,0,0.439,1,0,4
1,6,7,BLR,HYD,530,0,8.6,0.16334685397848078,13,43,A320,0,0.4353,2,3,0
0,4,4,BLR,HYD,470,2,9.3,0.13014224847421285,19,66,B777,1,0.6521,2,3,4
14,3,12,BOM,DEL,1131,2,5.5,0.373099978915243,10,35,B777,1,0.6192,0,1,4
23,5,5,CCU,DEL,1286,0,4.2,0.4327293778859554,8,20,ATR72,0,0.3731,4,1,3
6,2,7,DEL,AMD,911,0,11.5,0.24930396705333846,16,66,B777,1,0.4997,1,6,4
8,6,5,DEL,AMD,855,0,5.1,0.18300598030071205,12,88,A321,0,0.3232,1,6,2
3,5,11,BOM,HYD,639,0,5.0,0.24730475044615455,10,69,B737,0,0.1489,0,3,1
3,1,12,PNQ,BOM,80,0,7.0,0.157071880351439,7,26,B737,0,0.2628,8,0,1
13,3,2,MAA,BOM,1058,0,10.0,0.2867451760513381,1,78,B777,0,0.2147,5,0,4
1,2,8,HYD,BLR,469,0,11.0,0.2042914982304013,1,85,B777,0,0.3817,3,2,4
20,4,3,CCU,DEL,1279,0,9.7,0.4283677716522388,11,58,B737,0,0.4713,4,1,1
10,0,3,GOI,DEL,1933,0,13.6,0.37046918080457036,9,41,A321,0,0.4182,7,1,2
6,3,6,DEL,CCU,1292,2,13.3,0.44171103414656093,3,70,A321,1,0.8767,1,4,2
23,4,10,BOM,DEL,1187,0,8.3,0.39714952552915905,6,86,B777,0,0.2589,0,1,4
11,3,7,HYD,BLR,521,0,11.1,0.16036725195117413,21,74,A321,0,0.4641,3,2,2
11,5,1,BOM,HYD,669,0,3.0,0.26927151426942986,1,48,ATR72,0,0.1577,0,3,3
13,0,3,BLR,HYD,473,0,5.9,0.15037662595319998,13,63,B777,0,0.1102,2,3,4
11,6,11,BOM,HYD,608,0,10.9,0.20156114666271852,5,61,A320,0,0.3306,0,3,0
15,2,2,AMD,DEL,858,2,9.7,0.1947050819151951,8,46,ATR72,1,0.5779,6,1,3
10,3,8,BLR,DEL,1717,1,2.3,0.43758228751290296,13,57,ATR72,0,0.525,2,1,3
3,5,2,BOM,DEL,1108,1,13.5,0.3492823817263347,10,83,B777,1,0.5897,0,1,4
0,4,1,BOM,DEL,1135,0,3.2,0.4028335567873511,1,76,B777,0,0.1611,0,1,4
2,5,7,DEL,BOM,1164,2,7.2,0.39964464173481373,2,46,ATR72,1,0.7099,1,0,3
12,2,1,CCU,DEL,1304,2,8.0,0.3904224086188657,12,56,B737,1,0.6062,4,1,1
5,4,7,DEL,CCU,1272,2,10.3,0.45797286511986146,3,64,A320,1,0.8832,1,4,0
15,2,4,HYD,BLR,500,1,13.5,0.1710008964569921,10,55,ATR72,1,0.4684,3,2,3
18,5,3,BLR,HYD,499,2,10.7,0.164044056614326,21,74,A321,1,0.9656,2,3,2
11,6,1,BLR,HYD,505,0,3.4,0.2225261799332408,19,29,B777,0,0.389,2,3,4
6,5,6,BOM,HYD,621,0,5.3,0.26457420173586954,11,56,A321,0,0.3058,0,3,2
6,3,7,BLR,DEL,1714,0,4.7,0.4090138785562239,7,89,ATR72,0,0.2636,2,1,3
16,6,1,BOM,BLR,879,2,12.9,0.28605727042178153,18,76,B737,1,0.8644,0,2,1
22,0,8,DEL,BOM,1164,0,2.7,0.3241946236588116,9,34,A320,0,0.2997,1,0,0
18,0,9,DEL,GOI,1887,0,9.4,0.3635914110542405,21,53,ATR72,1,0.5954,1,7,3
16,3,8,BLR,DEL,1727,0,3.5,0.37769768659618513,20,47,B737,0,0.3511,2,1,1
20,6,3,HYD,BOM,602,1,6.6,0.3014428734789531,21,54,B777,1,0.6206,3,0,4
2,4,12,DEL,BOM,1130,1,3.1,0.3319215462078431,10,34,ATR72,0,0.4028,1,0,3
0,3,6,HYD,BOM,623,2,9.6,0.2534119269648438,14,88,B737,1,0.7514,3,0,1
19,1,10,DEL,CCU,1318,1,5.9,0.4402678215217434,17,59,A320,1,0.6261,1,4,0
18,3,1,PNQ,BOM,135,0,4.4,0.11435070159512997,10,86,ATR72,0,0.2457,8,0,3
5,4,1,BOM,MAA,1015,0,3.8,0.31673820005833386,12,82,B777,0,0.1767,0,5,4
22,3,12,DEL,GOI,1851,2,1.1,0.31073942156474493,12,41,A320,1,0.6443,1,7,0
18,5,12,HYD,BOM,573,0,10.6,0.29124707373509695,9,77,ATR72,0,0.5165,3,0,3
11,0,8,BOM,HYD,599,0,9.0,0.2770457949520088,5,71,B737,0,0.3108,0,3,1
4,1,4,MAA,BOM,1021,0,7.3,0.32616015692510014,4,82,B777,0,0.1305,5,0,4
15,2,8,GOI,DEL,1910,0,3.9,0.3173987785028562,16,49,A320,0,0.327,7,1,0
21,6,12,BLR,HYD,482,0,2.8,0.1412246007544896,4,35,A320,0,0.1765,2,3,0
14,4,10,DEL,CCU,1354,2,10.8,0.4633218542115066,18,30,A321,1,0.9553,1,4,2
3,2,10,DEL,AMD,877,1,3.4,0.16021135209902465,21,46,A321,0,0.3641,1,6,2
12,2,12,GOI,DEL,1863,1,3.7,0.284572701036959,12,43,A321,0,0.4338,7,1,2
14,5,4,BOM,HYD,575,0,2.5,0.2530718985099638,15,50,A320,0,0.2012,0,3,0
14,2,6,DEL,BOM,1172,2,4.0,0.3094839692350162,1,74,B777,1,0.6238,1,0,4
23,1,4,DEL,BOM,1135,2,12.9,0.39401358200548686,15,89,A320,1,0.8076,1,0,0
8,6,2,GOI,DEL,1918,2,1.6,0.3602180829487163,11,56,B777,1,0.7941,7,1,4
5,6,8,DEL,AMD,882,0,9.4,0.2018706771880733,15,40,B737,0,0.4507,1,6,1
15,0,12,BLR,DEL,1781,0,2.5,0.43345084503802034,7,57,B737,0,0.1734,2,1,1
12,1,4,BOM,BLR,798,0,8.1,0.316652579898151,7,27,ATR72,0,0.3767,0,2,3
16,1,6,HYD,BLR,517,1,12.9,0.23496833729542507,15,64,A320,1,0.644,3,2,0
16,5,6,MAA,BOM,1003,0,4.0,0.32891520536736424,5,70,B777,0,0.2816,5,0,4
8,0,12,BOM,HYD,646,0,9.1,0.2586232989152572,20,34,A320,1,0.5234,0,3,0
6,1,9,AMD,DEL,860,1,9.3,0.20024113962510495,19,86,B737,1,0.5801,6,1,1
23,4,6,AMD,DEL,847,1,13.9,0.23519356613185585,3,21,A321,1,0.7441,6,1,2
7,6,4,PNQ,BOM,100,1,10.8,0.11744964434531971,18,88,ATR72,1,0.797,8,0,3
14,2,10,BOM,HYD,623,0,7.3,0.2518979353144806,15,86,B737,0,0.1508,0,3,1
0,3,11,DEL,GOI,1866,2,10.9,0.31895338242473426,11,30,B777,1,0.8476,1,7,4
23,2,10,DEL,BLR,1756,0,9.8,0.42467505120163196,18,22,B737,1,0.5199,1,2,1
23,0,11,DEL,AMD,902,0,12.0,0.16076598353576635,21,73,B777,0,0.3643,1,6,4
10,4,1,BLR,BOM,886,0,11.6,0.312757239663727,16,36,A320,1,0.4951,2,0,0
14,3,9,BLR,DEL,1748,0,8.2,0.4152085050691712,3,71,B737,0,0.3661,2,1,1
12,2,2,DEL,CCU,1270,0,8.6,0.4248125029042269,2,77,B777,0,0.2699,1,4,4
14,2,6,MAA,BOM,998,0,10.3,0.2907790682748234,19,56,B737,0,0.5163,5,0,1
12,4,5,DEL,AMD,908,0,2.7,0.19610342391571517,7,86,B777,0,0.0784,1,6,4
21,2,4,BLR,DEL,1694,2,12.6,0.411063400498919,17,45,A320,1,0.8644,2,1,0
9,6,5,BOM,MAA,1019,0,8.3,0.3355917343491023,3,69,B777,0,0.4342,0,5,4
20,4,6,BOM,HYD,604,0,5.8,0.24287571259248106,10,23,ATR72,0,0.4972,0,3,3
10,1,2,BLR,DEL,1771,0,7.6,0.36116886444458884,17,35,A320,0,0.3145,2,1,0
12,5,8,BOM,MAA,982,1,12.9,0.3208557488906353,8,57,B777,1,0.6783,0,5,4
10,0,9,HYD,BOM,571,2,7.2,0.24324837517328526,2,24,A320,1,0.7473,3,0,0
21,2,8,GOI,DEL,1875,0,7.2,0.3546607182212773,3,80,ATR72,0,0.2419,7,1,3
0,0,10,BLR,BOM,868,1,1.7,0.30069122344733695,11,82,B737,0,0.3703,2,0,1
9,5,7,CCU,DEL,1335,0,7.8,0.38032103896020264,4,26,B737,1,0.6021,4,1,1
0,4,1,CCU,DEL,1290,0,7.1,0.47008417327848373,18,61,A320,0,0.288,4,1,0
6,2,8,BOM,MAA,1019,0,3.4,0.27121614540063044,10,67,ATR72,0,0.2085,0,5,3
9,1,10,DEL,BOM,1106,0,7.1,0.3064213216670115,21,62,A320,0,0.3726,1,0,0
13,2,3,BOM,PNQ,70,0,5.0,0.11648663786765304,1,82,ATR72,0,0.0966,0,8,3
2,3,5,HYD,BOM,580,0,4.4,0.3153172817024249,19,58,B737,0,0.2261,3,0,1
0,4,8,AMD,DEL,845,3,4.4,0.18666670232415794,12,54,B737,1,0.8247,6,1,1
2,4,10,BOM,MAA,995,0,10.2,0.3184989742493024,12,68,ATR72,0,0.3774,0,5,3
2,6,2,DEL,GOI,1929,1,9.6,0.3354688233482148,3,52,B737,0,0.4842,1,7,1
0,6,10,BOM,BLR,867,0,11.5,0.2621374486607115,15,27,B777,1,0.5549,0,2,4
8,3,6,BOM,BLR,885,0,6.9,0.3062489232476816,12,47,A321,0,0.4225,0,2,2
20,0,6,BOM,BLR,876,0,10.3,0.285210084441023,5,53,A321,1,0.5641,0,2,2
13,2,12,AMD,DEL,861,0,5.0,0.1961961277815275,5,45,B777,0,0.0785,6,1,4
22,0,4,BOM,BLR,856,2,8.9,0.2795269078006623,11,37,B737,1,0.7318,0,2,1
6,0,9,HYD,BOM,660,1,7.2,0.3198541169922081,5,56,A321,0,0.4279,3,0,2
15,1,6,DEL,AMD,870,0,6.0,0.228220074710609,17,44,ATR72,0,0.3613,1,6,3
14,2,5,HYD,BLR,501,0,3.8,0.15988212039162042,7,31,A320,0,0.134,3,2,0
13,3,1,BLR,DEL,1776,0,4.0,0.3503007960560722,1,23,B777,0,0.2901,2,1,4
0,3,2,BOM,HYD,656,0,2.6,0.22572941376221048,10,43,A321,0,0.1603,0,3,2
23,3,2,DEL,CCU,1294,0,4.8,0.4294095123726054,7,52,B737,0,0.1718,1,4,1
9,6,7,DEL,GOI,1902,0,13.8,0.3315424704316704,4,82,A321,1,0.6326,1,7,2
2,1,8,BOM,DEL,1131,2,9.6,0.41610542712552545,2,21,B777,1,0.9164,0,1,4
13,0,9,BOM,BLR,842,2,4.3,0.269841166181515,8,26,A320,1,0.7579,0,2,0
4,4,1,CCU,DEL,1324,0,4.9,0.3860880777427444,19,23,A320,0,0.4044,4,1,0
21,0,9,MAA,BOM,1061,1,7.7,0.2718212885165737,1,68,B777,0,0.4087,5,0,4
3,6,3,MAA,BOM,978,0,3.6,0.3126112180633455,19,71,ATR72,0,0.275,5,0,3
0,2,10,BOM,PNQ,85,1,2.3,0.12020461247959009,8,44,B737,0,0.3681,0,8,1
23,3,11,MAA,BOM,987,0,2.7,0.2543339787609263,2,61,A321,0,0.1017,5,0,2
8,2,11,BOM,BLR,885,0,9.8,0.24185450410738796,16,81,A320,0,0.4467,0,2,0
1,0,1,DEL,AMD,933,0,3.2,0.16841364798708366,3,20,A321,0,0.2174,1,6,2
12,2,8,BLR,BOM,893,2,14.0,0.2965510549948638,4,48,A320,1,0.8186,2,0,0
10,6,10,BLR,HYD,450,2,12.6,0.2213026909396893,4,24,A321,1,0.8885,2,3,2
6,0,9,BLR,BOM,819,0,13.3,0.3310606612529039,5,84,ATR72,0,0.4324,2,0,3
7,0,8,BLR,BOM,808,3,7.1,0.291840465974645,6,20,A320,1,1.0,2,0,0
7,6,12,BOM,MAA,1002,1,5.2,0.348135506026606,21,87,B777,1,0.6393,0,5,4
2,3,4,DEL,AMD,844,0,8.7,0.18324515331941343,5,35,B777,0,0.2433,1,6,4
10,1,9,DEL,AMD,886,1,11.2,0.17736654363864396,21,77,ATR72,1,0.6709,1,6,3
13,2,4,BLR,BOM,820,3,8.6,0.2638394635644863,9,23,B737,1,0.9555,2,0,1
11,1,11,CCU,DEL,1265,0,10.0,0.43150801549554424,6,33,B737,0,0.3426,4,1,1
9,1,7,BOM,PNQ,159,0,1.9,0.19192441705023358,7,37,A321,0,0.4468,0,8,2
6,4,4,BOM,BLR,845,1,10.5,0.27245262645695045,14,33,ATR72,1,0.629,0,2,3
1,1,6,MAA,BOM,1017,1,11.6,0.2645464981309519,4,80,B777,1,0.6058,5,0,4
19,1,12,HYD,BLR,496,0,6.0,0.16454582784004493,19,26,A321,0,0.4658,3,2,2
22,1,3,MAA,BOM,1020,1,3.8,0.2923378919040552,9,53,B737,0,0.3169,5,0,1
23,6,5,BOM,MAA,982,0,5.8,0.362132394070393,16,21,A320,0,0.4449,0,5,0
17,4,10,PNQ,BOM,113,0,9.3,0.1849034747118291,21,77,A321,0,0.474,8,0,2
13,5,11,HYD,BLR,476,1,8.3,0.14704570548258772,16,37,B777,1,0.5788,3,2,4
23,2,7,PNQ,BOM,83,0,13.8,0.1646246279123768,2,55,B737,0,0.4158,8,0,1
19,0,6,BOM,BLR,848,0,12.8,0.2389225016054234,4,26,B737,1,0.6956,0,2,1
7,1,1,HYD,BLR,465,1,1.3,0.20913641082524292,11,21,B737,1,0.6337,3,2,1
8,6,12,BOM,DEL,1105,0,7.5,0.3816473868100705,10,69,B737,0,0.3527,0,1,1
12,5,5,BLR,BOM,884,2,9.9,0.26598970306917563,16,71,A321,1,0.7564,2,0,2
16,3,7,BOM,HYD,596,0,13.8,0.2723243326361777,5,25,ATR72,1,0.5589,0,3,3
2,2,3,HYD,BLR,507,0,12.2,0.2393827072228874,3,76,A320,0,0.2958,3,2,0
20,3,8,BLR,DEL,1715,0,8.3,0.3962386318442686,16,86,A320,1,0.6085,2,1,0
6,6,5,BOM,BLR,826,0,10.8,0.28601806961668486,6,67,B777,0,0.3644,0,2,4
2,4,3,BLR,DEL,1699,0,6.0,0.3855675968109744,4,33,A320,0,0.2242,2,1,0
1,0,8,BLR,BOM,816,2,12.5,0.31240180211554897,20,43,A321,1,0.995,2,0,2
5,4,10,HYD,BLR,535,0,11.1,0.1658357615118408,3,32,B737,0,0.3363,3,2,1
21,5,11,DEL,GOI,1873,3,11.0,0.3802416298919515,11,48,A320,1,1.0,1,7,0
7,4,7,DEL,GOI,1918,2,12.5,0.3927694399751835,14,36,ATR72,1,1.0,1,7,3
3,3,9,DEL,BOM,1133,2,8.3,0.3324991994975919,3,56,B777,1,0.733,1,0,4
10,0,11,BOM,BLR,809,1,11.8,0.3172794171195003,15,87,A321,1,0.5769,0,2,2
0,0,12,BLR,DEL,1788,1,11.9,0.38769456564622157,4,32,B777,1,0.6251,2,1,4
9,2,12,DEL,BOM,1153,0,7.2,0.37819636499714104,1,70,A321,0,0.3013,1,0,2
16,0,6,HYD,BOM,618,1,11.9,0.23538140900061272,12,71,B777,1,0.6442,3,0,4
16,5,7,DEL,CCU,1290,1,9.8,0.4924656457619153,7,52,B737,1,0.647,1,4,1
4,0,7,DEL,CCU,1352,0,4.3,0.47944503711399233,15,23,A320,1,0.4918,1,4,0
16,4,7,BLR,DEL,1766,1,6.8,0.40730118769942636,2,37,A320,0,0.5329,2,1,0
14,5,10,PNQ,BOM,103,2,5.1,0.14950465916773,14,27,B777,1,0.7598,8,0,4
23,4,7,BOM,MAA,1049,1,3.8,0.2970978213958705,3,71,B777,0,0.4188,0,5,4
13,5,9,PNQ,BOM,164,0,4.4,0.18975278327231995,17,72,B777,0,0.3759,8,0,4
1,0,9,MAA,BOM,1001,0,3.4,0.2677071905686506,13,39,A321,0,0.3271,5,0,2
15,3,4,DEL,CCU,1342,0,10.2,0.47592282133236663,7,77,ATR72,0,0.3904,1,4,3
13,2,4,BOM,HYD,641,1,5.0,0.24660642481797776,10,34,B737,0,0.3686,0,3,1
2,6,3,HYD,BLR,461,0,8.3,0.2176383258536333,19,26,A321,0,0.4871,3,2,2
0,4,7,DEL,BOM,1155,2,8.4,0.30552847175384684,11,80,B737,1,0.7722,1,0,1
16,1,1,BOM,MAA,1042,2,1.4,0.3140002127875751,15,23,ATR72,1,0.7256,0,5,3
19,1,5,BOM,BLR,833,1,9.0,0.3045056711324755,15,29,A320,1,0.7718,0,2,0
0,4,10,BOM,DEL,1123,1,8.6,0.33382910924879494,15,26,A321,1,0.6335,0,1,2
19,0,9,BOM,HYD,627,2,8.9,0.266001008928738,8,41,B737,1,0.9264,0,3,1
14,2,2,BOM,BLR,816,0,7.0,0.241082556629152,4,65,B777,0,0.0964,0,2,4
7,4,12,BOM,MAA,982,0,3.0,0.355623028356678,4,47,B777,0,0.2922,0,5,4
0,1,11,BOM,MAA,972,0,12.7,0.2940446584683615,21,83,ATR72,0,0.4176,0,5,3
19,2,4,DEL,AMD,875,0,5.2,0.2330221226518355,7,31,A320,0,0.3132,1,6,0
1,5,5,HYD,BLR,458,1,7.0,0.22125121195280967,17,41,A321,1,0.5085,3,2,2
18,6,2,BLR,HYD,475,0,3.2,0.1635545537639463,10,41,A321,0,0.3354,2,3,2
19,3,5,BOM,DEL,1159,1,2.9,0.42329275335409416,15,84,ATR72,1,0.5693,0,1,3
21,3,8,DEL,GOI,1935,0,1.9,0.38277833519095666,14,43,ATR72,0,0.3731,1,7,3
21,6,9,PNQ,BOM,131,0,1.8,0.1324610987782201,5,74,ATR72,0,0.253,8,0,3
22,4,12,BLR,BOM,853,0,8.6,0.32573657206255413,5,46,B777,0,0.2303,2,0,4
10,3,9,BOM,DEL,1192,0,8.8,0.37463043231941845,4,79,B777,0,0.3499,0,1,4
11,1,12,DEL,BOM,1163,1,7.1,0.3254896270563311,17,54,ATR72,0,0.4302,1,0,3
19,6,9,DEL,AMD,858,3,4.4,0.19926758390935068,3,85,A321,1,0.9797,1,6,2
7,2,2,BOM,MAA,1040,3,3.3,0.3144365947794974,5,73,A320,1,0.8758,0,5,0
15,0,4,DEL,BOM,1131,1,3.7,0.35997992454427935,3,75,B737,0,0.344,1,0,1
4,6,9,GOI,DEL,1861,1,10.0,0.322891966501004,18,47,A321,1,0.6792,7,1,2
23,3,12,BLR,BOM,863,0,8.0,0.2847503883228248,6,70,A321,0,0.1139,2,0,2
2,4,8,AMD,DEL,843,0,3.1,0.2481832816425502,20,25,B777,0,0.4493,6,1,4
1,6,7,BLR,DEL,1785,1,12.5,0.3810013993205331,13,24,A320,1,0.9024,2,1,0
8,0,6,BOM,BLR,862,0,7.5,0.2328206213133078,5,40,B777,0,0.4131,0,2,4
0,1,12,HYD,BLR,531,0,5.1,0.1893819795692034,20,89,B777,0,0.1758,3,2,4
5,2,4,HYD,BLR,471,2,11.3,0.2095082850405422,19,66,ATR72,1,0.7838,3,2,3
10,0,10,CCU,DEL,1335,0,11.4,0.42240897096010654,18,68,B777,0,0.469,4,1,4
2,6,9,BLR,DEL,1761,0,10.6,0.3683122198732772,3,72,A320,0,0.4973,2,1,0
19,6,1,BOM,PNQ,71,0,2.5,0.12377106302753337,11,41,A321,0,0.4195,0,8,2
7,5,2,BOM,BLR,888,0,3.7,0.266682843410893,18,75,B777,0,0.4067,0,2,4
11,3,9,HYD,BLR,524,0,10.0,0.17362301358205987,4,63,ATR72,0,0.2694,3,2,3
0,3,1,DEL,GOI,1903,0,8.5,0.31790622479301367,1,31,B777,0,0.2972,1,7,4
21,1,7,MAA,BOM,1047,0,13.8,0.33994411978245864,1,67,B777,0,0.436,5,0,4
19,3,8,BOM,PNQ,77,0,3.6,0.18618075459643735,2,84,A321,0,0.3745,0,8,2
18,3,3,BOM,BLR,874,2,1.6,0.25745903564646916,18,56,ATR72,1,0.753,0,2,3
3,4,8,DEL,BOM,1175,0,2.3,0.32450472811384057,2,22,ATR72,0,0.3798,1,0,3
17,1,8,BOM,DEL,1155,1,11.8,0.356839545601234,13,87,ATR72,1,0.8427,0,1,3
19,3,4,MAA,BOM,1003,2,2.0,0.26591096065032555,20,28,ATR72,1,0.9064,5,0,3
5,3,2,HYD,BOM,572,0,13.2,0.22630691126332697,7,70,A321,0,0.2905,3,0,2
16,0,8,PNQ,BOM,79,0,5.4,0.09285964704048216,11,61,ATR72,0,0.2371,8,0,3
21,1,7,BLR,HYD,539,0,3.6,0.14995011840049668,19,59,B737,0,0.26,2,3,1
10,3,5,PNQ,BOM,169,1,6.4,0.10220109419203419,21,26,B777,1,0.5409,8,0,4
4,6,9,DEL,GOI,1930,0,4.3,0.31858373966931475,21,26,B737,1,0.5274,1,7,1
4,0,9,CCU,DEL,1293,0,2.3,0.4740813105347922,5,54,A321,0,0.2896,4,1,2
18,0,10,PNQ,BOM,80,0,2.3,0.16749804994670786,11,55,A321,0,0.317,8,0,2
9,5,10,BLR,DEL,1775,0,4.0,0.4298261853960138,17,81,A320,0,0.4719,2,1,0
10,5,2,BOM,MAA,1030,1,3.6,0.3665172324096817,18,60,ATR72,1,0.4966,0,5,3
13,5,1,DEL,BOM,1120,1,8.7,0.32513193512859945,21,55,A320,1,0.5801,1,0,0
18,5,1,DEL,GOI,1939,1,5.5,0.3675946470642306,7,63,B737,1,0.547,1,7,1
16,2,1,DEL,BLR,1740,0,5.0,0.3757501861884089,9,30,B777,0,0.2203,1,2,4
21,1,10,DEL,BOM,1174,0,4.9,0.38886915661600663,5,39,B777,0,0.2255,1,0,4
0,3,7,DEL,BOM,1098,3,10.2,0.32315078151697385,1,81,B777,1,1.0,1,0,4
3,2,12,BOM,HYD,630,0,8.6,0.2751026693613328,5,26,A321,0,0.36,0,3,2
10,4,2,BOM,DEL,1180,0,12.7,0.353624188874778,2,53,B777,0,0.3414,0,1,4
8,3,10,BOM,DEL,1191,0,8.5,0.3625369836590426,4,37,B777,1,0.465,0,1,4
8,1,5,DEL,BOM,1181,1,7.6,0.3518098073365588,10,27,ATR72,1,0.6407,1,0,3
8,4,2,DEL,AMD,891,2,1.6,0.16252844585779921,13,69,A321,1,0.665,1,6,2
9,2,7,BLR,BOM,833,2,3.6,0.30315541640892785,20,81,B737,1,0.8713,2,0,1
6,1,12,BOM,DEL,1143,2,8.5,0.4214462652188947,10,50,B777,1,0.6686,0,1,4
9,1,12,BLR,DEL,1713,0,4.4,0.3737838540937455,8,68,B737,0,0.2995,2,1,1
0,1,10,BOM,PNQ,80,1,12.4,0.18659847675836105,10,36,B737,1,0.5946,0,8,1
3,6,12,DEL,GOI,1922,1,12.0,0.30141702896286254,21,77,A320,1,0.6706,1,7,0
20,5,9,BLR,HYD,465,0,4.2,0.19049061546443347,4,40,A320,0,0.4462,2,3,0
23,5,3,BOM,MAA,978,2,8.7,0.35877463379147534,19,43,B737,1,0.8635,0,5,1
9,2,11,MAA,BOM,988,1,11.9,0.33628840668405097,6,42,A321,1,0.7545,5,0,2
11,2,4,MAA,BOM,985,0,8.2,0.2611066586593582,10,89,B777,0,0.2044,5,0,4
20,5,3,HYD,BOM,632,1,4.1,0.23718533326137445,19,59,A321,1,0.5949,3,0,2
22,1,10,CCU,DEL,1320,1,9.6,0.4448201719882578,2,87,A321,0,0.4779,4,1,2
14,6,2,HYD,BLR,469,0,9.2,0.1881924749947761,2,42,ATR72,0,0.2953,3,2,3
8,4,3,DEL,BLR,1787,0,9.7,0.42170522172529595,13,88,B737,0,0.4687,1,2,1
18,4,7,BOM,MAA,1062,0,1.8,0.31938465979608427,3,48,B737,0,0.3778,0,5,1
7,0,9,DEL,BOM,1152,0,10.0,0.3992944520231511,13,88,ATR72,1,0.5597,1,0,3
4,3,11,DEL,BLR,1781,0,10.2,0.4571973412880696,18,46,A321,0,0.4829,1,2,2
3,4,4,BOM,BLR,838,0,11.5,0.30599847243942363,17,76,ATR72,0,0.4224,0,2,3
1,5,8,CCU,DEL,1296,0,10.2,0.45377239566223393,2,55,ATR72,1,0.5315,4,1,3
8,5,6,BLR,DEL,1764,0,1.8,0.4100073663017371,1,68,A321,0,0.464,2,1,2
5,5,9,HYD,BLR,547,1,5.4,0.2062965392811886,1,36,B737,1,0.5025,3,2,1
22,3,5,DEL,AMD,904,0,5.7,0.22979927719914028,14,30,B777,0,0.2119,1,6,4
20,0,10,CCU,DEL,1269,0,12.4,0.4507771348908744,4,69,B777,1,0.5303,4,1,4
19,2,2,DEL,CCU,1277,0,10.9,0.43365309421156834,11,55,A320,1,0.5735,1,4,0
23,5,10,BLR,BOM,856,2,9.6,0.30087161406167684,8,29,B737,1,0.8203,2,0,1
20,3,11,BOM,PNQ,104,0,7.1,0.17279027858776652,5,46,B737,0,0.2691,0,8,1
6,6,12,PNQ,BOM,83,0,8.4,0.1387881980296715,15,47,A320,0,0.3055,8,0,0
17,4,8,AMD,DEL,899,1,7.1,0.21905423834646726,12,24,A321,1,0.7376,6,1,2
16,4,11,PNQ,BOM,148,0,7.9,0.09437730279630135,21,73,B737,0,0.1878,8,0,1
0,5,6,HYD,BLR,519,3,5.4,0.16474508493236234,9,43,B777,1,0.8859,3,2,4
6,2,7,DEL,BLR,1702,2,9.7,0.4556723571671022,15,74,A320,1,0.8323,1,2,0
8,1,12,BOM,BLR,795,1,2.3,0.296486049091338,17,88,ATR72,1,0.5686,0,2,3
23,1,5,BLR,HYD,463,0,6.1,0.1674278657256854,8,39,A321,0,0.137,2,3,2
7,1,5,BLR,DEL,1770,0,3.5,0.4247411468327127,17,33,ATR72,1,0.4899,2,1,3
1,2,1,HYD,BOM,587,1,11.8,0.290860548474689,5,74,A320,0,0.5163,3,0,0
15,0,7,BOM,HYD,639,0,11.3,0.2913059213883642,6,81,B737,0,0.4165,0,3,1
10,0,4,DEL,GOI,1864,1,10.9,0.38880839411941426,18,57,ATR72,1,0.6555,1,7,3
5,5,1,BOM,BLR,890,0,9.3,0.28290962830436295,14,38,A321,0,0.3832,0,2,2
23,2,8,AMD,DEL,883,0,9.8,0.2595856425721222,10,51,A320,0,0.3038,6,1,0
21,5,11,CCU,DEL,1274,0,4.7,0.42460117484341225,15,20,A320,0,0.4198,4,1,0
11,5,11,BOM,MAA,966,0,13.3,0.3091969823741099,8,69,B777,0,0.3737,0,5,4
11,5,4,CCU,DEL,1330,0,13.1,0.3889535097122839,9,26,ATR72,1,0.5556,4,1,3
19,4,6,CCU,DEL,1290,1,13.4,0.4595096062370269,1,37,B737,1,0.9038,4,1,1
18,3,10,BLR,BOM,843,0,10.4,0.2732177547444474,21,54,ATR72,1,0.5593,2,0,3
2,2,8,DEL,GOI,1947,2,1.2,0.39205719931420846,7,31,ATR72,1,0.7268,1,7,3
19,4,12,BOM,MAA,1035,0,3.7,0.2980299533638997,7,69,A320,0,0.2692,0,5,0
4,1,7,BOM,DEL,1149,2,12.8,0.33494805410380585,13,56,B777,1,0.884,0,1,4
19,1,8,HYD,BOM,665,2,10.9,0.30444898901272943,12,58,A321,1,1.0,3,0,2
9,3,7,BLR,HYD,485,2,6.3,0.2067184001501595,8,87,A321,1,0.7327,2,3,2
5,2,10,DEL,BOM,1166,0,5.5,0.31510038194745743,17,66,B737,0,0.226,1,0,1
17,1,11,GOI,DEL,1946,0,6.6,0.288032512422323,12,30,A320,0,0.3852,7,1,0
5,2,6,GOI,DEL,1881,0,7.4,0.3587719075474667,14,53,A321,0,0.2935,7,1,2
20,0,9,HYD,BOM,576,0,7.5,0.23609213225690437,17,77,ATR72,0,0.4444,3,0,3
21,5,5,GOI,DEL,1920,0,5.5,0.3438572207866619,15,72,B777,0,0.2375,7,1,4
16,6,9,BOM,HYD,575,0,9.8,0.22371331564550695,13,77,A320,0,0.3895,0,3,0
22,6,11,BLR,DEL,1708,0,1.8,0.36758765907879876,10,80,A320,0,0.197,2,1,0
21,5,4,GOI,DEL,1857,0,6.0,0.28123234264166924,7,81,A320,0,0.1625,7,1,0
18,2,1,DEL,BLR,1786,0,4.6,0.46732451331730873,3,86,B777,0,0.3369,1,2,4
13,5,10,BLR,DEL,1782,0,6.4,0.37951303178330165,15,76,B737,0,0.2518,2,1,1
6,6,12,GOI,DEL,1938,1,12.3,0.35912309696503836,4,61,A320,1,0.5936,7,1,0
15,5,5,DEL,AMD,853,0,4.6,0.2377215753935406,20,38,A321,0,0.3151,1,6,2
20,5,12,BLR,HYD,465,0,6.3,0.1786669107751885,19,75,A321,0,0.3715,2,3,2
11,2,2,DEL,BLR,1786,0,4.4,0.37708554404291555,18,79,A321,0,0.2508,1,2,2
1,0,10,MAA,BOM,1024,3,7.8,0.34966797391537763,3,51,A320,1,0.7399,5,0,0
23,3,1,BOM,MAA,1002,2,14.0,0.3686178112420247,11,67,ATR72,1,0.7974,0,5,3
18,3,12,BLR,DEL,1691,2,8.7,0.4372663650286865,16,82,B777,1,0.9249,2,1,4
9,2,1,MAA,BOM,1029,0,6.8,0.33085395929267825,10,45,A320,0,0.2823,5,0,0
1,0,9,DEL,GOI,1935,0,2.2,0.36358681528870795,4,69,A321,0,0.2454,1,7,2
23,2,1,AMD,DEL,902,0,10.5,0.2300816632338784,19,87,B737,0,0.392,6,1,1
3,0,3,CCU,DEL,1293,2,9.2,0.4497121037223752,6,35,A320,1,0.7499,4,1,0
5,1,2,BOM,MAA,984,0,2.1,0.2941323776802811,15,58,B737,0,0.1677,0,5,1
23,2,6,BOM,MAA,987,0,4.1,0.3112980145471446,18,43,B777,0,0.3945,0,5,4
21,1,3,DEL,AMD,860,0,6.2,0.18351188386798387,3,45,B777,0,0.0734,1,6,4
11,3,8,GOI,DEL,1851,0,9.5,0.3499932185653114,17,65,A320,0,0.44,7,1,0
0,6,7,GOI,DEL,1894,0,6.7,0.3342911864992482,17,80,A321,0,0.3837,7,1,2
16,1,5,GOI,DEL,1924,1,3.2,0.3272191986303555,6,40,ATR72,0,0.4009,7,1,3
11,3,12,GOI,DEL,1885,1,5.2,0.2887427603557984,10,57,A320,0,0.3155,7,1,0
2,3,5,MAA,BOM,1021,1,7.4,0.28729530558267646,1,36,B737,0,0.3849,5,0,1
14,1,4,CCU,DEL,1311,0,3.4,0.4264862798323157,21,52,B777,0,0.2706,4,1,4
22,6,7,MAA,BOM,966,1,11.6,0.3041450813176011,18,74,B777,1,0.7717,5,0,4
23,3,9,MAA,BOM,1043,0,5.1,0.2862449464013933,20,56,B777,0,0.3145,5,0,4
5,5,3,AMD,DEL,919,0,6.1,0.19190180877883276,5,45,A320,0,0.1268,6,1,0
0,0,8,BOM,MAA,1010,1,11.4,0.2976306619334052,8,40,A320,1,0.6891,0,5,0
7,2,10,DEL,BLR,1729,1,10.4,0.3916615582607141,16,86,B737,1,0.8067,1,2,1
17,3,12,HYD,BOM,669,1,13.5,0.2607480084517138,12,45,B777,1,0.7043,3,0,4
19,1,10,DEL,GOI,1919,0,7.9,0.3776650954943944,9,38,A321,0,0.3711,1,7,2
19,3,9,BOM,PNQ,169,1,8.7,0.18191612691668635,10,55,A321,1,0.6728,0,8,2
12,6,1,BLR,BOM,805,0,1.4,0.3484902436175036,13,83,A321,0,0.2394,2,0,2
15,6,10,BOM,PNQ,72,1,11.7,0.12610704621775226,1,43,A321,1,0.6204,0,8,2
5,3,9,BOM,HYD,625,2,5.0,0.29841367757584875,20,83,B737,1,0.7194,0,3,1
0,4,2,DEL,AMD,876,0,12.4,0.18986968190681391,18,85,ATR72,0,0.3759,1,6,3
9,2,8,BOM,MAA,967,0,2.4,0.3291490853295449,1,76,ATR72,0,0.3817,0,5,3
17,6,6,DEL,BOM,1125,2,10.4,0.35177351244593374,21,45,ATR72,1,1.0,1,0,3
21,6,7,HYD,BOM,571,1,8.8,0.2606161948509834,12,53,A320,1,0.6042,3,0,0
23,1,3,BLR,DEL,1715,2,3.2,0.3655013191765304,17,40,A321,1,0.7162,2,1,2
12,1,10,BOM,HYD,614,0,8.7,0.2797065019793966,20,82,ATR72,0,0.3119,0,3,3
17,3,8,BLR,BOM,841,0,5.4,0.283873126040949,16,40,A320,1,0.5335,2,0,0
3,6,11,DEL,GOI,1927,1,4.9,0.3222436153586725,16,27,A320,1,0.6289,1,7,0
2,6,6,BOM,MAA,1005,2,5.8,0.32816137198198864,2,84,A321,1,0.6813,0,5,2
1,4,5,BLR,DEL,1693,2,3.6,0.4485624393814653,15,45,B737,1,0.6294,2,1,1
23,3,9,MAA,BOM,1060,0,13.2,0.30087485329487357,1,78,A321,0,0.4203,5,0,2
13,0,6,DEL,BOM,1168,2,8.5,0.36863094151479114,19,66,A320,1,0.8475,1,0,0
16,0,5,GOI,DEL,1921,0,6.8,0.306292626690438,6,25,B737,0,0.2725,7,1,1
22,2,2,DEL,CCU,1354,0,9.7,0.46093113233554833,6,27,A321,0,0.4344,1,4,2
4,5,12,PNQ,BOM,99,2,11.6,0.10852935588046402,21,22,A320,1,0.9934,8,0,0
22,3,8,MAA,BOM,1035,1,1.8,0.31913231605675974,9,89,B737,0,0.4277,5,0,1
3,3,12,BOM,PNQ,80,0,7.0,0.1624147622869832,8,56,ATR72,0,0.115,0,8,3
3,0,12,DEL,CCU,1258,0,3.8,0.45216027858250585,15,59,A320,0,0.2309,1,4,0
20,1,2,MAA,BOM,1007,0,7.7,0.33859557879610647,6,28,A321,0,0.4354,5,0,2
19,2,10,BLR,DEL,1735,1,3.6,0.3590672835861304,6,81,A321,0,0.4936,2,1,2
16,2,2,DEL,CCU,1346,0,12.1,0.42894215433645894,2,58,A320,0,0.3716,1,4,0
8,3,11,DEL,BLR,1756,2,6.4,0.3704107584916023,11,85,A321,1,0.7482,1,2,2
18,3,7,MAA,BOM,1037,1,10.7,0.3402161117043447,18,59,ATR72,1,0.8861,5,0,3
7,2,7,BLR,HYD,508,1,13.7,0.2087185995732284,3,58,ATR72,1,0.7335,2,3,3
18,5,12,HYD,BOM,626,0,8.7,0.3156146183131092,4,38,B777,1,0.4962,3,0,4
7,2,1,BOM,DEL,1122,0,8.0,0.3649960031640067,1,29,B777,0,0.446,0,1,4
22,0,11,BLR,BOM,828,0,7.4,0.2843398862759162,17,45,A320,0,0.2137,2,0,0
17,2,7,BLR,DEL,1777,0,6.9,0.4370949086319956,10,40,ATR72,0,0.4948,2,1,3
2,1,2,DEL,GOI,1879,0,9.9,0.32439617350715527,4,68,ATR72,0,0.2298,1,7,3
23,5,4,BOM,PNQ,96,0,2.7,0.1413180258048048,16,37,A321,0,0.3265,0,8,2
23,6,4,BOM,DEL,1167,0,12.3,0.4185636875203585,16,26,ATR72,1,0.6674,0,1,3
14,0,1,PNQ,BOM,86,1,8.6,0.18038965101218912,3,43,ATR72,1,0.4922,8,0,3
22,4,9,AMD,DEL,858,1,5.0,0.18591050391526492,9,20,B737,1,0.5244,6,1,1
19,5,12,HYD,BLR,516,3,2.9,0.18350900467553533,19,75,B737,1,0.9734,3,2,1
18,1,5,CCU,DEL,1352,1,11.7,0.4098934638579333,3,75,A320,1,0.714,4,1,0
16,4,9,MAA,BOM,997,0,13.4,0.31044072833953956,2,87,A320,0,0.4242,5,0,0
0,2,6,HYD,BOM,662,0,8.9,0.2604666578936116,9,64,B777,0,0.3042,3,0,4
21,2,9,AMD,DEL,875,1,5.2,0.26844620049479495,7,83,B777,0,0.4074,6,1,4
9,4,9,BLR,HYD,503,0,4.0,0.1484147064784717,5,63,A321,0,0.3094,2,3,2
12,5,9,MAA,BOM,984,1,3.8,0.28376588075768155,19,61,ATR72,1,0.5635,5,0,3
3,6,1,BOM,DEL,1187,0,9.7,0.3605280713031169,16,38,B777,0,0.4642,0,1,4
9,5,4,AMD,DEL,850,0,13.0,0.17827685335218887,21,89,A320,1,0.5713,6,1,0
14,4,10,BLR,BOM,856,0,2.0,0.333564593775787,5,27,B777,0,0.2834,2,0,4
8,2,2,DEL,BLR,1690,0,11.8,0.40460730917748056,2,69,A321,1,0.5118,1,2,2
10,6,7,AMD,DEL,865,0,6.9,0.21983557813770221,19,62,B737,0,0.3379,6,1,1
13,0,9,DEL,BOM,1137,0,12.8,0.3444055759292912,17,52,A321,1,0.5378,1,0,2
5,6,12,HYD,BLR,489,1,9.7,0.15093334830177385,16,44,A320,1,0.5804,3,2,0
7,2,5,DEL,BOM,1180,2,14.0,0.38689088439014774,5,38,A320,1,0.9748,1,0,0
11,5,11,BOM,HYD,619,1,9.0,0.21788380242317862,3,78,ATR72,0,0.4372,0,3,3
4,3,4,DEL,GOI,1912,0,8.7,0.3512004036440316,15,65,B777,0,0.2905,1,7,4
23,1,5,PNQ,BOM,82,0,3.2,0.0995473914482517,18,27,B777,0,0.3398,8,0,4
15,1,4,MAA,BOM,1053,0,3.3,0.29561528734762654,16,23,B737,0,0.3682,5,0,1
19,1,12,MAA,BOM,975,1,7.1,0.3223073373494808,10,57,A321,0,0.4789,5,0,2
10,0,9,BOM,DEL,1111,0,1.2,0.3308938577568048,9,58,B777,0,0.2324,0,1,4
15,2,2,BLR,HYD,501,0,1.1,0.20025122923976932,11,27,A320,0,0.2801,2,3,0
3,2,7,DEL,BLR,1779,2,3.3,0.44563169035281364,1,57,B777,1,0.6783,1,2,4
7,1,6,DEL,BLR,1758,2,6.3,0.40498462680241554,6,40,ATR72,1,0.882,1,2,3
12,6,5,DEL,AMD,900,2,5.6,0.16436264328821112,12,85,A321,1,0.5657,1,6,2
2,6,10,PNQ,BOM,141,1,7.5,0.16916407775597336,18,34,A321,1,0.5377,8,0,2
12,4,9,DEL,BOM,1106,0,3.5,0.3557853020189444,4,21,B737,0,0.3923,1,0,1
11,4,5,DEL,CCU,1289,0,1.4,0.48895212882837147,16,69,ATR72,0,0.2956,1,4,3
9,0,4,BLR,BOM,818,2,2.7,0.32991166183455606,11,57,A321,1,0.732,2,0,2
2,5,10,BOM,HYD,588,1,13.0,0.28412300956100756,5,51,B777,1,0.5636,0,3,4
10,5,7,DEL,CCU,1293,1,1.3,0.43903088036120597,12,89,A321,1,0.5756,1,4,2
1,4,7,DEL,GOI,1914,0,10.6,0.34120013469982113,3,31,ATR72,1,0.5065,1,7,3
11,1,10,DEL,AMD,882,1,7.2,0.24615692715496856,17,20,A321,1,0.5485,1,6,2
1,0,11,CCU,DEL,1343,0,6.2,0.4530264697815134,21,48,ATR72,0,0.2812,4,1,3
13,2,11,BLR,HYD,506,1,1.8,0.16008756636243188,20,21,B737,1,0.514,2,3,1
10,6,6,BOM,HYD,631,0,2.0,0.21809449542374948,16,43,A320,0,0.4072,0,3,0
13,1,12,BLR,DEL,1781,2,6.7,0.37980190763279825,2,64,ATR72,1,0.5519,2,1,3
14,1,8,DEL,AMD,842,0,10.8,0.24325525767120038,17,58,ATR72,0,0.4973,1,6,3
23,4,12,DEL,AMD,868,0,5.9,0.24372721054692695,7,46,B737,0,0.0975,1,6,1
17,1,6,BLR,HYD,451,0,12.9,0.1502925392553115,19,35,A320,1,0.6801,2,3,0
10,2,11,CCU,DEL,1257,1,3.9,0.4196529302831234,15,55,A320,0,0.4179,4,1,0
9,0,9,MAA,BOM,1021,0,1.6,0.2654685126406633,19,71,A321,0,0.4562,5,0,2
11,6,5,BOM,BLR,821,2,13.3,0.2536310166573792,11,35,B737,1,0.8715,0,2,1
16,1,1,DEL,CCU,1296,0,4.4,0.4059473546591119,13,61,ATR72,0,0.2124,1,4,3
15,6,9,DEL,CCU,1353,0,11.1,0.45129016528936133,21,82,B737,1,0.6305,1,4,1
8,4,4,PNQ,BOM,127,3,3.0,0.18385555985584778,15,55,A320,1,0.9235,8,0,0
6,5,9,DEL,GOI,1901,1,10.0,0.38454122082948505,9,33,A320,1,0.6738,1,7,0
4,0,12,DEL,CCU,1259,1,3.8,0.45813941318048396,6,74,B737,0,0.3833,1,4,1
22,3,3,BOM,HYD,585,0,9.9,0.23744135839714117,12,82,A321,0,0.245,0,3,2
23,1,2,DEL,GOI,1871,0,9.8,0.34541126863560806,13,56,A321,0,0.2882,1,7,2
4,6,12,BLR,HYD,517,1,7.6,0.19985829979590705,8,42,A320,0,0.3999,2,3,0
16,0,3,BLR,BOM,845,0,10.2,0.2542706797892261,14,60,A320,0,0.3517,2,0,0
15,3,10,DEL,GOI,1883,2,12.9,0.3230018339714992,18,85,A320,1,0.8292,1,7,0
2,4,12,DEL,BLR,1729,0,6.7,0.4330524043278632,1,76,A320,0,0.1732,1,2,0
7,3,2,AMD,DEL,926,2,2.5,0.2350933311546885,6,86,B777,1,0.644,6,1,4
9,0,5,BOM,BLR,865,0,3.5,0.2650201752070635,20,32,A321,0,0.426,0,2,2
12,0,7,PNQ,BOM,156,3,8.0,0.13477433065484792,8,82,A320,1,0.8039,8,0,0
11,5,2,BLR,BOM,804,2,13.9,0.3148928800652399,15,51,B777,1,0.826,2,0,4
12,2,12,DEL,GOI,1917,1,12.9,0.30768069960979155,11,85,A320,1,0.5731,1,7,0
17,4,4,GOI,DEL,1882,0,7.4,0.32308876185521457,16,65,B777,0,0.3792,7,1,4
11,1,9,BOM,BLR,883,0,9.0,0.2610547457292606,3,69,A320,0,0.3044,0,2,0
8,1,9,CCU,DEL,1294,0,13.4,0.46675417292674026,10,30,ATR72,1,0.7067,4,1,3
7,6,8,BLR,DEL,1708,3,1.4,0.3866899349709803,20,47,A320,1,1.0,2,1,0
4,0,6,MAA,BOM,982,0,12.3,0.310453978075227,17,76,B737,1,0.5242,5,0,1
21,5,2,BLR,BOM,811,1,9.0,0.3033843093038635,1,49,B737,0,0.4714,2,0,1
10,2,6,BLR,DEL,1723,0,5.2,0.39879418789253845,9,39,B737,0,0.3295,2,1,1
9,5,11,DEL,BOM,1196,3,5.8,0.38053000274922166,18,85,B777,1,1.0,1,0,4
16,3,3,BOM,HYD,594,0,2.6,0.2094927235971044,17,20,B737,0,0.3338,0,3,1
17,5,1,BOM,PNQ,155,2,11.4,0.19021058646024602,17,53,B777,1,1.0,0,8,4
3,6,4,MAA,BOM,975,0,13.1,0.2607392581832278,8,85,B737,0,0.3543,5,0,1
21,5,4,BOM,HYD,590,0,6.0,0.2387905996238101,7,71,A320,0,0.1455,0,3,0
4,5,2,BOM,HYD,580,0,13.9,0.20588321499926424,18,80,A321,0,0.4324,0,3,2
20,6,9,DEL,CCU,1347,2,5.7,0.4253582490677158,11,78,B777,1,0.9201,1,4,4
13,2,10,DEL,GOI,1935,0,2.1,0.32562466744599566,13,40,A320,0,0.2502,1,7,0
5,0,5,DEL,BLR,1691,0,8.5,0.4660401818860819,16,77,B737,0,0.3864,1,2,1
4,5,9,AMD,DEL,904,2,9.0,0.20895945439924873,21,47,ATR72,1,0.8336,6,1,3
22,3,8,AMD,DEL,913,3,3.0,0.2011784355873246,15,29,A321,1,0.9805,6,1,2
3,5,6,BOM,PNQ,84,1,2.9,0.10069961854764867,14,23,B737,1,0.6403,0,8,1
1,3,8,BOM,PNQ,138,0,10.9,0.1906925814670573,13,31,B777,1,0.5463,0,8,4
6,3,2,HYD,BOM,661,0,10.8,0.2799379062134119,12,54,A321,0,0.362,3,0,2
20,3,6,AMD,DEL,917,0,12.9,0.24555080765252957,15,74,ATR72,1,0.5982,6,1,3
14,1,9,DEL,BLR,1724,0,2.4,0.4563036493244251,2,87,B777,0,0.2825,1,2,4
0,2,2,DEL,AMD,848,2,6.2,0.23943601892269523,10,24,B737,1,0.6458,1,6,1
20,2,5,PNQ,BOM,106,2,1.5,0.15043506363040215,8,25,B777,1,0.8102,8,0,4
22,5,11,DEL,BLR,1746,0,2.9,0.45827927019948733,12,28,A320,0,0.4333,1,2,0
10,0,8,BOM,HYD,591,0,1.3,0.2728299315631809,2,67,ATR72,0,0.2091,0,3,3
21,4,3,DEL,GOI,1902,1,3.7,0.3820055746453842,17,80,ATR72,0,0.4528,1,7,3
23,5,7,PNQ,BOM,130,1,14.0,0.11575031747043649,8,58,ATR72,1,0.6463,8,0,3
4,5,9,CCU,DEL,1288,0,4.9,0.40491302853229877,5,81,A321,0,0.312,4,1,2
17,6,5,DEL,CCU,1335,1,13.1,0.48446078670432496,14,78,A320,1,0.8438,1,4,0
23,3,9,BOM,HYD,584,1,13.1,0.2518086905629457,12,32,B777,1,0.7207,0,3,4
7,5,11,DEL,AMD,932,0,13.0,0.2158203990094113,11,39,ATR72,1,0.6063,1,6,3
22,0,11,BLR,BOM,882,1,5.7,0.348673755795873,10,20,B777,0,0.4895,2,0,4
14,1,11,BOM,BLR,894,3,10.3,0.23274240657967984,19,27,ATR72,1,1.0,0,2,3
14,5,2,CCU,DEL,1286,0,8.9,0.44183054963630913,16,68,B777,0,0.4267,4,1,4
0,5,10,HYD,BOM,653,0,1.2,0.2713619457214357,14,25,ATR72,0,0.3585,3,0,3
23,0,9,BOM,HYD,601,0,7.5,0.297653346052679,8,22,B777,0,0.3691,0,3,4
6,2,6,AMD,DEL,871,2,13.6,0.2184960785653396,8,73,B777,1,0.7874,6,1,4
5,0,7,BOM,BLR,864,2,8.8,0.24685585627203044,20,28,A320,1,0.9487,0,2,0
5,3,12,BOM,HYD,664,1,6.4,0.2557843672740786,13,62,A321,0,0.3523,0,3,2
20,0,1,BOM,PNQ,146,3,13.6,0.18276633424845312,11,59,B737,1,1.0,0,8,1
0,3,3,DEL,CCU,1347,0,9.0,0.4926696428902723,6,81,ATR72,0,0.2971,1,4,3
20,5,5,DEL,GOI,1916,0,4.1,0.36450046710732853,3,22,A320,0,0.4958,1,7,0
23,1,12,DEL,GOI,1862,0,10.7,0.36258918106574267,7,84,B737,0,0.345,1,7,1
3,6,4,AMD,DEL,868,2,9.0,0.17324103888375234,15,72,A321,1,0.6693,6,1,2
18,5,4,BOM,HYD,654,1,8.3,0.27102718538941184,18,81,A321,1,0.7084,0,3,2
0,5,7,DEL,BLR,1710,2,11.7,0.4201116549031245,7,61,B737,1,0.918,1,2,1
6,2,1,DEL,AMD,916,2,5.3,0.2138240964428381,17,31,ATR72,1,0.6555,1,6,3
6,6,2,CCU,DEL,1283,0,1.4,0.4776458482979402,7,49,A321,0,0.2411,4,1,2
9,4,4,BLR,BOM,878,0,11.8,0.2520524261156235,12,78,A320,1,0.5008,2,0,0
5,4,1,BLR,HYD,545,0,6.8,0.1770400419644528,9,86,A320,0,0.0708,2,3,0
16,1,11,BLR,HYD,549,0,5.8,0.16469265402569733,16,63,B737,0,0.1659,2,3,1
2,4,7,BOM,BLR,863,2,8.6,0.29525904728733854,6,21,B777,1,0.8681,0,2,4
12,0,11,DEL,BOM,1129,0,4.3,0.3756351139498876,1,40,A320,0,0.2203,1,0,0
21,1,5,DEL,CCU,1273,1,5.4,0.43318545353909604,10,84,B737,0,0.3733,1,4,1
20,5,12,GOI,DEL,1927,2,12.2,0.3330417191611116,10,54,ATR72,1,0.9332,7,1,3
6,5,12,DEL,CCU,1318,0,13.9,0.43362134940718483,14,28,ATR72,1,0.6234,1,4,3
14,6,4,PNQ,BOM,133,2,13.0,0.113507123290888,3,44,A320,1,0.8154,8,0,0
1,6,6,BOM,MAA,1010,2,10.1,0.3622135588534557,21,41,A320,1,1.0,0,5,0
16,4,4,DEL,CCU,1324,2,6.2,0.4229078073481011,8,44,A320,1,0.6392,1,4,0
15,6,4,CCU,DEL,1326,0,5.0,0.43526980163181417,3,55,A321,0,0.2241,4,1,2
3,1,7,BLR,HYD,507,1,4.8,0.16112051739242816,5,28,ATR72,1,0.5144,2,3,3
17,6,11,DEL,CCU,1332,0,12.2,0.42741373136428534,4,75,B737,1,0.571,1,4,1
21,0,9,DEL,CCU,1279,0,13.6,0.42707747615042035,9,42,B737,1,0.5408,1,4,1
5,5,12,BOM,DEL,1176,0,11.7,0.372150532277076,20,55,A321,1,0.4989,0,1,2
9,3,4,BOM,BLR,849,0,11.2,0.2794412965548015,3,46,B737,0,0.4618,0,2,1
3,2,6,BOM,PNQ,78,1,2.5,0.1832708355290617,4,67,B777,0,0.4233,0,8,4
13,4,3,GOI,DEL,1910,0,13.6,0.32313861891225976,18,76,A321,0,0.4293,7,1,2
23,1,6,BLR,HYD,453,0,1.5,0.195773813077407,5,39,B777,0,0.2483,2,3,4
22,4,8,DEL,BLR,1740,2,4.0,0.41548896624691534,13,67,ATR72,1,0.7162,1,2,3
1,2,1,DEL,GOI,1868,0,4.4,0.339737783058294,18,51,B737,0,0.2359,1,7,1
23,6,4,BOM,PNQ,80,0,9.7,0.14940217557411706,6,66,B737,0,0.2598,0,8,1
22,3,8,CCU,DEL,1269,2,9.9,0.4713677894027464,15,31,A321,1,0.9085,4,1,2
1,1,3,AMD,DEL,848,0,5.5,0.2681166649655379,10,57,A321,0,0.1072,6,1,2
8,1,5,DEL,BOM,1118,2,3.1,0.3057519689865115,9,37,A321,1,0.7423,1,0,2
15,2,10,DEL,BOM,1133,2,1.2,0.311861827437985,3,25,B777,1,0.6747,1,0,4
15,3,6,PNQ,BOM,138,0,5.9,0.12834255548387205,19,37,B737,0,0.3713,8,0,1
16,0,1,BOM,PNQ,153,0,6.9,0.17640340715449032,14,86,ATR72,0,0.1706,0,8,3
1,5,4,DEL,BLR,1694,0,7.4,0.464449576134718,11,33,B737,0,0.3558,1,2,1
0,5,10,GOI,DEL,1850,0,4.5,0.3711511209283735,16,85,ATR72,0,0.2985,7,1,3
23,1,11,BOM,MAA,985,1,12.7,0.3546112050987088,20,27,B737,1,0.7918,0,5,1
4,1,9,GOI,DEL,1944,3,7.5,0.33390618903656816,6,45,B737,1,0.8336,7,1,1
19,4,8,BOM,DEL,1121,2,4.4,0.3797387939941954,15,27,A321,1,1.0,0,1,2
5,6,1,BOM,MAA,1040,1,5.8,0.33300737056293583,3,38,B777,0,0.4532,0,5,4
11,3,1,HYD,BLR,543,0,3.8,0.1622981674477897,9,36,ATR72,0,0.1349,3,2,3
11,6,7,PNQ,BOM,151,0,13.1,0.18558538308764427,21,40,A321,1,0.6442,8,0,2
3,4,10,HYD,BOM,575,1,12.9,0.2960343715200604,15,42,A321,1,0.6384,3,0,2
9,5,6,DEL,GOI,1914,0,11.8,0.319342101283355,20,54,B737,1,0.7277,1,7,1
9,3,1,DEL,BLR,1735,0,13.6,0.37498725408193745,5,80,A320,1,0.5,1,2,0
14,3,11,BOM,PNQ,71,1,10.8,0.15002120105778632,8,48,B777,1,0.51,0,8,4
8,0,2,BOM,PNQ,126,1,10.0,0.17679289006316284,12,64,ATR72,1,0.6207,0,8,3
18,6,8,DEL,BOM,1130,2,5.3,0.36120989856821134,9,62,ATR72,1,0.8445,1,0,3
0,0,4,MAA,BOM,1005,2,11.4,0.2760289037723086,10,66,A321,1,0.7104,5,0,2
23,3,9,BOM,MAA,980,1,12.3,0.3666090125040078,12,78,B777,1,0.6966,0,5,4
22,5,1,DEL,GOI,1947,0,1.5,0.3423708269091033,4,51,B777,0,0.1869,1,7,4
14,0,2,BLR,DEL,1720,0,8.7,0.4030599418440763,14,81,B737,0,0.3112,2,1,1
5,5,2,AMD,DEL,925,2,3.3,0.2010288287756525,16,59,B737,1,0.6304,6,1,1
15,1,1,AMD,DEL,861,0,4.2,0.23015865143513664,10,61,B777,0,0.0921,6,1,4
8,4,1,GOI,DEL,1928,0,6.6,0.3322449459700109,6,85,ATR72,0,0.2829,7,1,3
19,3,10,GOI,DEL,1871,0,3.6,0.3205709528882353,17,82,A321,0,0.3782,7,1,2
22,4,7,BOM,BLR,894,0,3.1,0.26216086960262386,18,62,A321,0,0.3049,0,2,2
5,2,9,GOI,DEL,1884,2,12.8,0.3440025048215213,9,69,ATR72,1,0.8376,7,1,3
23,5,3,DEL,BLR,1760,2,8.7,0.40482164665579046,19,71,B737,1,0.8119,1,2,1
15,0,5,BOM,MAA,1018,1,9.9,0.34865315770706085,8,25,ATR72,1,0.5895,0,5,3
5,2,9,BLR,HYD,533,2,4.5,0.16803131104355287,17,33,B737,1,0.7372,2,3,1
10,6,1,BOM,PNQ,168,0,11.8,0.13263260649928335,4,43,A321,0,0.4231,0,8,2
14,4,4,AMD,DEL,929,0,13.1,0.18503160691229972,20,89,A321,0,0.374,6,1,2
21,2,7,CCU,DEL,1343,0,12.3,0.3905942387479824,8,23,B777,1,0.6062,4,1,4
22,1,6,BLR,DEL,1780,0,12.6,0.4074512405186343,20,23,B737,1,0.713,2,1,1
21,2,12,DEL,CCU,1320,0,3.8,0.4633578134274974,17,68,A320,0,0.2853,1,4,0
7,0,8,BOM,DEL,1116,1,2.6,0.3405922454575441,3,28,A321,1,0.7362,0,1,2
4,3,9,BLR,BOM,829,0,5.0,0.2887867988732697,20,36,ATR72,0,0.3855,2,0,3
14,1,3,DEL,BLR,1788,1,9.1,0.43200805179129403,1,62,B737,0,0.4728,1,2,1
12,0,5,BOM,BLR,804,0,13.5,0.32334193116272164,2,30,B737,0,0.3993,0,2,1
12,6,1,PNQ,BOM,162,0,13.6,0.12490217288278949,2,35,A321,0,0.42,8,0,2
6,4,3,BOM,BLR,869,3,8.1,0.29558644141148926,19,42,B777,1,0.9882,0,2,4
7,1,2,DEL,BLR,1710,3,2.0,0.37947918036050604,8,76,B777,1,0.9018,1,2,4
11,6,6,BLR,DEL,1736,0,7.0,0.4376075082105205,16,64,B777,0,0.425,2,1,4
7,3,8,DEL,AMD,881,3,1.5,0.20692838176350695,10,28,A320,1,1.0,1,6,0
9,1,6,BOM,DEL,1155,0,13.5,0.42852471174474716,7,69,A320,1,0.6214,0,1,0
22,3,7,AMD,DEL,923,0,4.9,0.23703322636657936,5,74,A321,0,0.1948,6,1,2
19,2,7,BOM,DEL,1167,0,4.1,0.35554600289634947,8,40,A320,1,0.4622,0,1,0
13,6,11,BLR,DEL,1716,0,14.0,0.3935384261815805,10,73,B777,0,0.4074,2,1,4
19,4,2,HYD,BOM,589,3,11.0,0.27800100176065146,10,61,B777,1,1.0,3,0,4
2,6,3,BOM,PNQ,81,0,12.0,0.10877906257188424,15,39,B777,0,0.4635,0,8,4
18,1,9,BLR,BOM,797,0,7.5,0.3223124030833061,17,22,A320,1,0.6289,2,0,0
23,4,6,DEL,GOI,1929,0,4.0,0.30763171546749785,7,53,A321,0,0.2231,1,7,2
14,4,7,MAA,BOM,1028,0,9.9,0.31349055375835566,7,28,A320,1,0.4754,5,0,0
9,1,7,BLR,BOM,887,3,12.5,0.2963525909099442,11,71,ATR72,1,1.0,2,0,3
16,0,2,GOI,DEL,1918,3,5.3,0.32398995095833555,1,46,A321,1,0.7296,7,1,2
8,2,1,BLR,BOM,805,1,10.2,0.270174427675252,14,89,A321,1,0.7081,2,0,2
10,1,4,BLR,HYD,541,2,7.3,0.1899318969616129,1,40,B737,1,0.546,2,3,1
15,1,10,BOM,BLR,823,3,5.6,0.24123107290723006,11,21,A321,1,0.8965,0,2,2
6,6,3,DEL,BLR,1708,0,2.2,0.39138570329848693,8,47,A321,0,0.2066,1,2,2
13,1,1,DEL,CCU,1275,0,14.0,0.42983531074815595,14,37,ATR72,1,0.4919,1,4,3
4,3,4,HYD,BLR,464,0,10.9,0.14485652315601166,7,75,B777,0,0.2579,3,2,4
20,1,6,BLR,HYD,482,1,10.2,0.18796133947698027,4,56,ATR72,1,0.7252,2,3,3
21,1,3,AMD,DEL,904,0,2.7,0.23111908211924004,2,44,B777,0,0.1624,6,1,4
22,5,3,DEL,CCU,1272,0,1.8,0.4077293038514085,4,40,B777,0,0.2831,1,4,4
0,1,9,MAA,BOM,986,0,4.3,0.2803839307486676,5,65,A321,0,0.2122,5,0,2
8,1,12,BOM,BLR,828,0,6.4,0.31075699390082245,2,67,ATR72,0,0.2743,0,2,3
7,2,10,BLR,BOM,827,0,5.2,0.2951726917291146,19,70,A320,0,0.3681,2,0,0
2,1,11,BOM,MAA,1035,3,10.7,0.27477652091497634,12,63,B777,1,0.9599,0,5,4
16,6,3,BOM,DEL,1152,3,7.7,0.3410913228226797,3,58,B737,1,0.7864,0,1,1
3,6,10,BLR,DEL,1767,2,12.3,0.37976056794644086,18,36,B737,1,0.9719,2,1,1
12,2,11,HYD,BOM,620,3,13.9,0.2755502951531813,8,74,B777,1,0.9102,3,0,4
18,3,8,HYD,BOM,647,0,9.4,0.3006987948255525,10,40,A320,1,0.5403,3,0,0
20,5,7,BLR,HYD,495,0,3.4,0.19804702621773712,3,24,B737,0,0.5292,2,3,1
4,1,4,BOM,PNQ,93,0,11.9,0.18454479383331956,1,88,B737,0,0.3238,0,8,1
15,6,10,GOI,DEL,1885,1,12.0,0.36058176627498906,8,63,B777,1,0.5942,7,1,4
6,1,1,BLR,DEL,1726,1,1.4,0.40674344714242644,8,77,A321,0,0.3627,2,1,2
20,2,9,HYD,BOM,620,0,7.2,0.2847923868559399,17,87,A320,0,0.4639,3,0,0
12,6,9,BLR,DEL,1744,1,4.6,0.35854538181570034,19,89,ATR72,1,0.5934,2,1,3
3,4,6,BOM,BLR,864,1,13.3,0.28415073863404433,21,64,B777,1,0.7137,0,2,4
22,6,2,DEL,GOI,1877,0,1.1,0.3970569278157637,6,84,A321,0,0.2088,1,7,2
7,6,5,PNQ,BOM,111,1,2.3,0.18653154257189733,9,82,A320,1,0.5246,8,0,0
16,0,9,AMD,DEL,890,3,6.5,0.26273665840371063,14,53,A321,1,0.8551,6,1,2
11,5,10,BOM,DEL,1115,1,4.9,0.35213308126277176,6,47,A321,0,0.3909,0,1,2
4,4,10,HYD,BLR,538,3,1.9,0.22746284567160904,19,57,A321,1,0.791,3,2,2
0,1,10,PNQ,BOM,130,0,7.8,0.1649760088316526,11,46,B777,0,0.166,8,0,4
17,3,2,PNQ,BOM,101,0,3.0,0.1756202690357203,9,59,ATR72,0,0.2702,8,0,3
6,2,11,BLR,BOM,852,0,10.6,0.33379992223757426,5,79,A321,0,0.3335,2,0,2
19,3,7,BOM,BLR,841,3,11.8,0.30616621162936986,16,77,A321,1,1.0,0,2,2
18,5,11,DEL,AMD,891,1,11.5,0.2322392527517827,12,51,A320,1,0.7429,1,6,0
9,1,4,DEL,AMD,925,1,5.9,0.22089796397081918,9,58,A321,0,0.4384,1,6,2
10,0,10,BOM,DEL,1171,0,9.4,0.3538319152199433,19,36,A321,0,0.4115,0,1,2
22,0,11,HYD,BLR,523,0,9.2,0.22462209705984745,14,38,B737,0,0.3098,3,2,1
9,6,6,BOM,BLR,838,0,5.8,0.3207100361449826,19,54,ATR72,0,0.5283,0,2,3
10,6,6,BLR,HYD,462,0,7.0,0.2118877551136712,19,25,A320,0,0.4848,2,3,0
7,1,5,GOI,DEL,1887,0,13.8,0.3559732135733947,4,20,A320,1,0.6424,7,1,0
15,0,3,DEL,BLR,1742,0,8.8,0.46596024446316753,9,45,A321,0,0.2864,1,2,2
4,3,2,PNQ,BOM,126,2,2.7,0.09513735043386443,14,77,B777,1,0.5381,8,0,4
3,5,1,AMD,DEL,872,0,11.5,0.20231948714710368,15,24,A320,1,0.5309,6,1,0
16,3,9,BOM,HYD,597,0,3.6,0.2895666799902525,20,33,A321,0,0.3858,0,3,2
6,4,3,HYD,BOM,570,2,5.0,0.26743051602887974,5,71,A321,0,0.507,3,0,2
19,0,11,GOI,DEL,1854,0,5.7,0.34069996926457935,7,85,A320,0,0.2863,7,1,0
14,2,3,DEL,BLR,1702,2,7.6,0.3791529992084099,6,44,A321,1,0.6217,1,2,2
9,4,7,BOM,PNQ,84,1,6.6,0.15524220133524924,2,20,B737,1,0.7121,0,8,1
18,3,6,HYD,BOM,626,3,1.4,0.2291650579745412,1,42,A321,1,1.0,3,0,2
16,2,5,DEL,BOM,1158,0,1.9,0.37532092689057406,11,26,B777,0,0.3501,1,0,4
20,6,7,DEL,BOM,1187,0,2.2,0.3744443156177144,10,35,B737,0,0.5198,1,0,1
3,2,6,PNQ,BOM,104,2,1.8,0.11496089518798111,11,55,B737,1,0.646,8,0,1
8,3,1,HYD,BOM,611,2,14.0,0.263478192791669,17,70,A320,1,0.9554,3,0,0
22,0,6,BLR,BOM,808,0,6.9,0.29936103041322143,9,64,A321,0,0.2197,2,0,2
7,6,11,BLR,HYD,462,1,12.9,0.16505600976331616,12,39,A320,1,0.786,2,3,0
14,6,9,PNQ,BOM,147,2,4.3,0.11442216789922602,9,88,ATR72,1,0.6458,8,0,3
8,2,10,BOM,DEL,1100,0,13.1,0.3622452154125105,16,72,ATR72,1,0.5949,0,1,3
1,2,6,CCU,DEL,1312,0,12.9,0.44673094143866565,12,33,ATR72,1,0.5987,4,1,3
13,2,2,BOM,BLR,869,0,3.1,0.3035973201052071,18,39,A320,0,0.2914,0,2,0
18,1,3,DEL,BLR,1773,1,5.3,0.44020144195069383,3,35,ATR72,1,0.5961,1,2,3
12,5,10,BLR,DEL,1744,0,4.8,0.4101102248549235,11,83,A321,0,0.264,2,1,2
6,6,5,BOM,HYD,609,0,5.4,0.21687502042230772,21,85,B737,0,0.2368,0,3,1
1,2,1,DEL,GOI,1899,2,7.0,0.358238261273337,18,55,A320,1,0.6433,1,7,0
10,1,3,HYD,BLR,491,0,8.3,0.16448323381282093,12,27,B737,0,0.3658,3,2,1
2,3,6,BOM,DEL,1188,0,8.0,0.3490033998893463,19,89,B777,0,0.3396,0,1,4
19,4,4,BOM,MAA,973,0,9.2,0.2744765085383116,20,30,A321,1,0.5298,0,5,2
1,3,4,DEL,CCU,1255,0,1.2,0.42662354075241843,17,66,B777,0,0.2706,1,4,4
10,3,5,HYD,BOM,571,0,6.2,0.25246228910498725,12,40,A320,0,0.221,3,0,0
10,2,2,CCU,DEL,1307,0,12.0,0.4632728756418908,10,32,A320,0,0.4553,4,1,0
1,0,1,DEL,BLR,1709,2,10.8,0.44732524344643043,1,61,B737,1,0.7789,1,2,1
5,1,11,BLR,BOM,892,2,5.3,0.2977032606981884,14,73,A320,1,0.5691,2,0,0
10,3,1,DEL,BLR,1695,0,6.9,0.4508161152568603,3,38,B737,0,0.2503,1,2,1
15,2,6,BOM,HYD,578,0,5.6,0.2150768973557271,15,25,ATR72,0,0.386,0,3,3
3,4,6,PNQ,BOM,129,2,6.9,0.10908914654154946,17,75,B737,1,0.6936,8,0,1
3,6,8,BOM,HYD,655,0,11.2,0.2470674576666411,20,70,A321,1,0.5488,0,3,2
7,1,3,DEL,AMD,935,0,8.5,0.19605775627391878,13,31,B737,0,0.4484,1,6,1
20,2,9,BOM,PNQ,164,0,6.8,0.15488890634957372,15,35,B737,0,0.482,0,8,1
14,1,11,MAA,BOM,988,0,3.3,0.3199224574530841,10,73,B777,0,0.128,5,0,4
3,4,9,BLR,BOM,835,0,1.7,0.27753253038807485,5,26,A321,0,0.361,2,0,2
21,2,6,GOI,DEL,1876,0,2.5,0.3661085481512285,7,42,A321,0,0.3164,7,1,2
2,1,10,HYD,BLR,522,2,6.4,0.15553704874218477,14,55,ATR72,1,0.5122,3,2,3
17,2,11,BOM,DEL,1146,0,3.9,0.37941532235980957,21,69,B777,0,0.4018,0,1,4
18,3,8,CCU,DEL,1269,0,4.6,0.4445502221838532,18,51,ATR72,1,0.5278,4,1,3
20,3,8,CCU,DEL,1281,3,13.6,0.4092599514145623,18,83,A320,1,1.0,4,1,0
6,5,10,DEL,AMD,896,0,2.6,0.2172027395685146,20,69,A320,0,0.2369,1,6,0
1,1,8,HYD,BLR,489,0,11.2,0.19554237534221072,12,50,ATR72,0,0.4282,3,2,3
4,2,9,BLR,DEL,1789,3,11.2,0.36726001186510937,10,26,B737,1,1.0,2,1,1
8,4,6,HYD,BOM,627,0,5.3,0.2903638035401015,13,59,A320,0,0.4161,3,0,0
14,1,11,HYD,BOM,621,0,13.5,0.22810407963445972,17,78,ATR72,0,0.3912,3,0,3
9,2,12,AMD,DEL,928,0,7.1,0.1932291176369123,14,54,A320,0,0.2773,6,1,0
4,5,2,DEL,BLR,1754,0,11.6,0.3980508074725505,15,48,B777,0,0.4592,1,2,4
22,6,4,DEL,GOI,1852,3,10.6,0.33337044735597465,15,86,A321,1,1.0,1,7,2
23,5,5,DEL,AMD,861,0,1.1,0.2267617043897635,16,65,ATR72,0,0.2407,1,6,3
20,0,5,DEL,BOM,1115,1,7.0,0.39540568050908986,13,47,A320,1,0.5582,1,0,0
0,4,5,CCU,DEL,1313,0,11.7,0.4078802418811801,11,46,B777,0,0.4132,4,1,4
11,6,10,BOM,BLR,814,0,7.6,0.231303199162399,2,68,A320,0,0.1425,0,2,0
5,5,12,DEL,BLR,1767,0,10.0,0.4137281137358531,7,42,B777,0,0.3855,1,2,4
1,2,12,DEL,BLR,1708,0,6.3,0.3742518004956311,15,75,B737,0,0.1997,1,2,1
15,0,3,BOM,MAA,1060,0,12.9,0.3620204281418995,2,31,B777,0,0.4148,0,5,4
20,4,5,DEL,BOM,1167,0,1.7,0.3903696082208893,5,66,A320,0,0.3061,1,0,0
9,6,7,GOI,DEL,1927,1,13.3,0.30793521277702696,20,75,B737,1,0.9232,7,1,1
14,0,2,MAA,BOM,1012,0,1.3,0.27180277068948583,12,35,ATR72,0,0.2287,5,0,3
23,5,12,DEL,CCU,1328,0,13.8,0.4679498410905324,10,74,B777,0,0.4372,1,4,4
5,3,3,HYD,BOM,594,0,5.2,0.28132661796242475,4,27,ATR72,0,0.2625,3,0,3
10,3,6,BLR,DEL,1769,1,3.8,0.417840461802657,9,28,B777,1,0.6171,2,1,4
18,2,1,DEL,BLR,1744,1,2.4,0.4078875574396832,13,72,A320,1,0.5632,1,2,0
19,0,1,BOM,BLR,850,1,10.3,0.23924800775512142,7,71,B777,1,0.6457,0,2,4
13,2,3,BLR,DEL,1747,2,1.9,0.4063824146274359,9,73,A321,1,0.5626,2,1,2
19,4,5,BLR,DEL,1692,0,10.9,0.3690858087882263,5,66,B777,0,0.4976,2,1,4
19,4,10,HYD,BOM,586,0,10.3,0.2489275263170371,16,40,A320,1,0.6196,3,0,0
5,0,12,BOM,BLR,860,2,5.0,0.2558337618494493,10,68,ATR72,0,0.5023,0,2,3
19,1,9,DEL,AMD,898,0,3.2,0.20114852702702837,12,74,A321,0,0.3805,1,6,2
20,2,3,BLR,DEL,1710,0,7.1,0.44980364579790744,19,47,A321,0,0.4299,2,1,2
9,4,9,AMD,DEL,864,2,4.2,0.23700953875008368,10,22,ATR72,1,0.8948,6,1,3
17,0,12,BOM,BLR,870,0,9.3,0.25055966649968814,18,74,A320,0,0.4502,0,2,0
17,3,5,BLR,BOM,841,0,2.5,0.33654929660622834,13,68,ATR72,0,0.3346,2,0,3
10,3,12,DEL,GOI,1894,0,7.5,0.37814926593061193,18,61,B737,0,0.2513,1,7,1
13,5,8,BLR,HYD,534,0,3.6,0.22443428777832408,21,70,B737,0,0.3398,2,3,1
11,2,12,BOM,PNQ,85,1,7.2,0.1257114584376234,5,28,B777,0,0.4503,0,8,4
9,1,2,BOM,DEL,1173,1,8.8,0.3842876476686957,4,35,A321,1,0.6737,0,1,2
1,4,8,HYD,BLR,493,1,3.3,0.2332706565144423,2,32,A320,1,0.4633,3,2,0
7,1,5,BOM,DEL,1163,3,10.1,0.39654587742674935,21,34,B777,1,1.0,0,1,4
11,4,10,MAA,BOM,1054,0,8.6,0.303638684734115,8,32,B777,0,0.2915,5,0,4
14,1,11,BLR,HYD,536,1,2.4,0.1357058383681827,1,21,A320,0,0.4043,2,3,0
22,0,4,BOM,HYD,576,0,7.5,0.26741292291126945,2,59,B737,0,0.107,0,3,1
21,4,7,DEL,GOI,1864,1,8.8,0.3789193136773331,9,69,B737,1,0.5516,1,7,1
1,5,6,BLR,BOM,859,2,4.6,0.3459625266049142,13,68,B737,1,0.7384,2,0,1
12,4,4,BOM,HYD,622,0,13.1,0.25862059353395084,9,80,A321,0,0.3034,0,3,2
14,6,5,PNQ,BOM,145,0,11.9,0.09490759931162046,1,64,B777,0,0.338,8,0,4
16,3,1,GOI,DEL,1889,0,11.1,0.32387922853094714,2,45,B737,0,0.3296,7,1,1
13,1,3,HYD,BOM,657,1,13.7,0.2996349916212785,17,57,B777,1,0.6199,3,0,4
17,2,12,BOM,DEL,1179,0,6.3,0.4002243313691413,11,83,A321,0,0.3601,0,1,2
15,5,12,CCU,DEL,1344,0,5.7,0.4624927240593173,17,46,A321,0,0.335,4,1,2
4,2,3,BLR,HYD,478,0,8.8,0.1634093454351274,10,40,B737,0,0.2354,2,3,1
10,2,12,BOM,HYD,615,0,2.6,0.28596291964797804,15,20,B777,0,0.3144,0,3,4
16,0,5,BLR,HYD,508,1,3.6,0.19727726814184227,8,73,B737,0,0.2789,2,3,1
4,2,1,AMD,DEL,921,0,2.4,0.24623168099769335,15,68,A320,0,0.1485,6,1,0
18,1,8,BLR,BOM,812,0,3.2,0.3481762069225106,13,32,ATR72,1,0.5093,2,0,3
22,4,3,MAA,BOM,1063,0,12.1,0.3249446931972393,2,59,B777,0,0.33,5,0,4
12,6,12,BOM,MAA,1049,2,1.3,0.3069550976182982,15,69,B777,1,0.6228,0,5,4
12,0,10,BLR,BOM,808,1,13.9,0.2771163690954037,15,79,B777,1,0.5608,2,0,4
6,6,9,BOM,HYD,639,2,4.1,0.2677458206814316,20,35,A321,1,0.8271,0,3,2
18,3,3,DEL,AMD,861,2,1.5,0.17360046853166972,15,58,B737,1,0.6694,1,6,1
17,6,10,BOM,PNQ,128,1,2.0,0.1747519494840986,2,56,B777,1,0.5199,0,8,4
0,1,11,DEL,BOM,1178,0,10.4,0.380085550379239,8,37,A321,0,0.422,1,0,2
6,4,9,HYD,BOM,623,3,12.3,0.2525803617373427,2,57,A321,1,1.0,3,0,2
16,1,5,DEL,BLR,1715,2,12.3,0.37442633521472757,16,45,A320,1,0.8498,1,2,0
5,2,2,BOM,PNQ,87,1,9.1,0.18602223650589736,7,68,ATR72,0,0.4244,0,8,3
3,0,1,BOM,PNQ,132,0,12.5,0.10865814754434311,17,80,B777,0,0.3935,0,8,4
5,3,4,DEL,BOM,1149,0,10.6,0.39119429813129897,8,73,ATR72,0,0.3565,1,0,3
12,0,6,GOI,DEL,1887,1,7.3,0.301276077462216,19,67,A320,1,0.5205,7,1,0
9,6,2,BLR,HYD,451,0,9.4,0.20710867921869763,1,85,ATR72,0,0.3828,2,3,3
7,4,12,PNQ,BOM,103,0,8.3,0.11200574071721436,5,82,B777,0,0.3448,8,0,4
8,4,4,DEL,CCU,1255,0,14.0,0.40212091352465396,6,59,A321,1,0.5108,1,4,2
4,1,7,PNQ,BOM,118,0,11.5,0.1744022695082435,7,34,ATR72,0,0.4898,8,0,3
9,2,10,MAA,BOM,1035,3,11.7,0.2972835955295589,6,89,B737,1,1.0,5,0,1
12,5,4,BLR,HYD,502,0,10.9,0.14514452867822714,6,35,A320,0,0.3781,2,3,0
20,5,5,CCU,DEL,1344,0,6.2,0.40176227554059324,16,42,A320,1,0.5307,4,1,0
17,5,2,DEL,AMD,887,2,3.7,0.2289148654932726,16,43,A320,1,0.8616,1,6,0
9,4,7,BOM,DEL,1101,2,3.1,0.36094770669195325,13,40,A320,1,0.9144,0,1,0
10,0,8,HYD,BOM,615,2,2.6,0.27905096872577223,4,76,ATR72,1,0.6116,3,0,3
15,4,11,BOM,MAA,994,0,4.8,0.3469783745570403,8,87,A320,0,0.1388,0,5,0
20,6,2,DEL,AMD,881,2,11.4,0.21709945780083553,13,82,B777,1,0.9368,1,6,4
8,6,2,BLR,BOM,821,0,3.6,0.3336186208315211,5,31,A320,0,0.4034,2,0,0
22,2,1,BOM,MAA,1046,0,13.0,0.2774332880046846,21,47,A320,0,0.411,0,5,0
14,1,12,DEL,GOI,1940,1,2.7,0.35983692285235364,18,50,B777,0,0.4439,1,7,4
4,1,7,BOM,PNQ,169,0,3.5,0.12366318666355508,17,22,B777,0,0.4495,0,8,4
1,6,3,BOM,BLR,823,0,9.2,0.3152142858539142,13,84,B737,0,0.3261,0,2,1
8,4,4,DEL,BOM,1181,0,10.8,0.3072509735848681,20,28,B777,1,0.7229,1,0,4
22,2,6,BOM,BLR,798,0,11.4,0.24286711409006453,7,83,ATR72,0,0.3971,0,2,3
12,2,6,AMD,DEL,897,0,7.0,0.21498794973126156,3,24,ATR72,0,0.336,6,1,3
20,1,3,BOM,BLR,801,1,1.4,0.28118185493943876,19,23,A321,1,0.7125,0,2,2
3,5,3,DEL,CCU,1342,3,9.1,0.4077077892783191,8,21,A320,1,1.0,1,4,0
20,2,12,BOM,BLR,808,1,12.6,0.3161242831433025,18,32,B777,1,0.8464,0,2,4
7,6,8,DEL,AMD,920,0,9.1,0.16991458079941904,2,48,A321,0,0.468,1,6,2
1,6,5,BOM,PNQ,88,0,13.0,0.11129624677910802,19,69,B777,0,0.4445,0,8,4
14,3,3,DEL,BOM,1196,0,5.0,0.3102381241943396,20,79,A320,0,0.2241,1,0,0
12,6,1,AMD,DEL,847,0,12.6,0.26013920115386013,15,26,B777,1,0.5541,6,1,4
2,5,10,MAA,BOM,1008,0,10.2,0.28697404704538626,12,48,B777,0,0.4148,5,0,4
10,1,3,HYD,BLR,475,2,8.3,0.14452252930776893,7,60,A321,1,0.5578,3,2,2
9,3,4,BLR,DEL,1763,0,4.5,0.3602641328267279,5,34,B737,0,0.3641,2,1,1
0,3,8,HYD,BLR,537,0,11.7,0.23739589068041295,18,32,B777,1,0.565,3,2,4
7,5,10,GOI,DEL,1854,0,11.9,0.3115347388930586,11,84,B777,1,0.5746,7,1,4
12,4,6,BLR,DEL,1773,0,3.1,0.39582414189137877,13,66,A321,0,0.3083,2,1,2
4,5,9,DEL,GOI,1927,1,12.5,0.3576483911052379,1,33,ATR72,1,0.7631,1,7,3
23,4,9,BOM,DEL,1119,2,6.9,0.3766593544374056,16,81,ATR72,1,0.7507,0,1,3
10,4,5,BOM,BLR,891,1,13.6,0.2690586521128711,5,67,A321,0,0.5076,0,2,2
12,4,6,HYD,BOM,668,0,7.6,0.3084356809760701,8,40,A321,0,0.2934,3,0,2
11,4,7,DEL,CCU,1314,2,4.8,0.4766865864249094,15,71,B777,1,0.7407,1,4,4
4,4,2,DEL,BOM,1104,2,9.8,0.36059904186578356,8,45,B737,1,0.6442,1,0,1
15,6,12,DEL,BLR,1726,0,11.6,0.39182905247421096,11,71,B777,0,0.4567,1,2,4
20,0,5,DEL,AMD,868,0,9.0,0.21921683937215114,7,21,A321,0,0.4877,1,6,2
0,1,7,BLR,DEL,1787,3,8.3,0.38746984003591395,11,22,ATR72,1,1.0,2,1,3
20,4,9,CCU,DEL,1264,2,5.3,0.41105783121245465,6,30,B777,1,0.8844,4,1,4
1,6,9,BOM,HYD,656,0,11.9,0.280380397060064,19,31,A320,1,0.6322,0,3,0
19,2,8,BLR,BOM,822,1,10.2,0.3465592594473943,11,62,ATR72,1,0.8386,2,0,3
16,2,11,AMD,DEL,907,2,9.9,0.18357988563501249,11,58,ATR72,1,0.6234,6,1,3
0,2,3,DEL,BOM,1152,0,10.9,0.34712281673199447,6,32,A321,0,0.4088,1,0,2
2,5,4,DEL,BOM,1145,0,4.2,0.31959013047064405,7,47,B777,0,0.1778,1,0,4
23,0,6,BLR,DEL,1718,1,9.9,0.35533477244160916,6,24,ATR72,1,0.6921,2,1,3
7,1,1,BLR,DEL,1753,0,13.0,0.4296318956370666,3,49,B777,0,0.5219,2,1,4
22,3,5,DEL,BOM,1143,0,4.7,0.31788199974844855,17,81,A321,0,0.2272,1,0,2
19,4,8,BOM,MAA,1048,0,9.4,0.3262317199645045,5,83,B737,1,0.4805,0,5,1
17,0,5,PNQ,BOM,92,1,7.3,0.09881971921155902,1,21,A320,1,0.5895,8,0,0
3,2,7,DEL,BOM,1146,3,3.6,0.3785286450874341,21,35,B737,1,1.0,1,0,1
0,6,6,HYD,BLR,510,2,4.0,0.17785395476997312,7,22,B777,1,0.7711,3,2,4
7,6,3,DEL,CCU,1268,0,6.6,0.40781104367141574,13,64,A321,0,0.4131,1,4,2
6,0,6,HYD,BOM,578,0,1.3,0.23365900578991608,5,61,B777,0,0.1935,3,0,4
5,6,2,BOM,DEL,1109,0,10.9,0.375277338785304,21,78,A320,0,0.5001,0,1,0
18,3,5,BLR,DEL,1705,1,4.8,0.41870048480886835,1,21,B737,1,0.6675,2,1,1
23,0,8,CCU,DEL,1319,0,4.7,0.4418918642334415,2,50,ATR72,0,0.2768,4,1,3
22,0,8,DEL,CCU,1316,0,13.3,0.48609195781966874,20,45,ATR72,1,0.5944,1,4,3
3,5,2,BLR,BOM,862,1,9.9,0.2814056561016268,10,78,B737,0,0.4626,2,0,1
21,1,12,HYD,BLR,454,0,7.2,0.21703874926345307,19,68,A321,0,0.1868,3,2,2
22,0,3,BLR,HYD,505,1,13.4,0.21505915924618318,6,50,B777,0,0.486,2,3,4
23,5,11,BLR,DEL,1737,1,12.9,0.3700514350768751,11,20,A320,1,0.798,2,1,0
15,2,8,DEL,BOM,1109,2,2.7,0.37567795900244566,19,74,ATR72,1,0.7503,1,0,3
7,3,6,PNQ,BOM,127,2,9.4,0.12105024156614096,11,63,A320,1,0.8984,8,0,0
5,5,4,DEL,CCU,1321,0,12.5,0.47950587401287054,7,54,B777,0,0.4418,1,4,4
0,3,1,DEL,CCU,1311,0,13.1,0.4381866780196254,15,75,A320,0,0.4253,1,4,0
10,0,3,DEL,BLR,1701,1,11.3,0.4254430824327297,21,83,B737,1,0.6702,1,2,1
21,4,8,BOM,DEL,1101,0,8.2,0.34848181791975447,19,58,A320,0,0.4394,0,1,0
9,4,4,MAA,BOM,1049,0,5.9,0.28916063065245795,19,35,A321,0,0.4357,5,0,2
0,4,12,BLR,BOM,894,1,10.6,0.30002228389088953,15,63,A321,1,0.57,2,0,2
8,2,11,BOM,HYD,605,1,2.8,0.22526851394609687,20,45,A321,1,0.5401,0,3,2
11,4,2,BLR,BOM,886,1,4.5,0.28840856597206255,14,73,B777,0,0.3654,2,0,4
7,4,9,DEL,CCU,1259,2,12.9,0.49396757915097933,20,70,B777,1,1.0,1,4,4
6,6,5,BLR,BOM,801,0,12.7,0.27784608411007145,5,66,A321,0,0.3611,2,0,2
7,4,8,BLR,HYD,473,0,7.6,0.17310298830752774,19,72,ATR72,0,0.4192,2,3,3
18,6,7,BOM,HYD,650,0,12.9,0.2667413065116255,7,72,B737,1,0.6067,0,3,1
2,6,11,BOM,MAA,986,1,1.5,0.3131428899043093,12,59,ATR72,0,0.4253,0,5,3
19,2,6,DEL,GOI,1896,0,12.5,0.38552695196720926,13,88,A320,1,0.6542,1,7,0
17,2,6,BOM,BLR,852,1,8.6,0.2898437383452782,7,80,ATR72,1,0.6659,0,2,3
12,0,9,HYD,BOM,637,2,4.5,0.28706834788251356,10,64,ATR72,1,0.6148,3,0,3
20,0,9,CCU,DEL,1257,2,8.7,0.3894977266599844,11,55,ATR72,1,0.9558,4,1,3
6,2,5,GOI,DEL,1877,3,6.9,0.37329084699335036,5,85,A321,1,0.7493,7,1,2
12,5,4,MAA,BOM,971,0,2.3,0.25463169391466506,5,39,A320,0,0.2219,5,0,0
16,0,10,BLR,BOM,893,0,5.8,0.311449773574254,7,60,ATR72,0,0.1246,2,0,3
12,4,2,BOM,DEL,1100,1,10.5,0.3871168895290907,13,83,B777,1,0.6048,0,1,4
17,0,7,GOI,DEL,1935,2,2.7,0.30441411245660704,19,40,ATR72,1,0.9418,7,1,3
20,2,6,AMD,DEL,856,0,3.8,0.17433666927130825,20,63,ATR72,0,0.4197,6,1,3
17,5,3,CCU,DEL,1318,0,11.3,0.40893426062545396,5,36,B777,1,0.6336,4,1,4
11,0,10,BLR,HYD,530,1,13.4,0.20636771381981914,2,81,B777,1,0.4825,2,3,4
5,4,1,BOM,BLR,891,0,3.1,0.30117405276279186,20,30,ATR72,0,0.2905,0,2,3
4,5,8,BOM,MAA,968,1,12.5,0.3208745729816684,6,41,B737,1,0.7483,0,5,1
22,6,10,HYD,BLR,482,1,12.4,0.1643547768830277,14,27,B737,1,0.7157,3,2,1
16,3,4,BOM,DEL,1120,0,4.6,0.36134141072413517,20,62,B737,0,0.2445,0,1,1
9,6,3,PNQ,BOM,155,0,4.3,0.13549461649974334,12,72,ATR72,0,0.3542,8,0,3
13,0,2,PNQ,BOM,118,0,1.1,0.12510666528186495,12,41,B737,0,0.22,8,0,1
7,3,1,BLR,HYD,495,0,6.0,0.18218968437079383,11,72,A321,0,0.2729,2,3,2
10,1,9,AMD,DEL,840,2,10.9,0.18765019870151595,14,52,A320,1,0.8251,6,1,0
3,6,3,MAA,BOM,991,1,4.8,0.3475913422894532,11,51,A321,0,0.439,5,0,2
19,4,8,BOM,PNQ,101,0,9.6,0.19419167115260266,17,65,ATR72,1,0.5777,0,8,3
23,4,3,BOM,BLR,872,2,13.4,0.3283583754590201,2,28,B737,1,0.8813,0,2,1
2,6,10,BOM,PNQ,147,0,9.8,0.15708103992409217,21,31,A321,0,0.4328,0,8,2
11,4,4,HYD,BLR,455,3,13.7,0.1730726517597629,1,50,ATR72,1,0.8692,3,2,3
2,3,4,BOM,DEL,1107,1,5.5,0.365220641201928,20,84,B777,0,0.4461,0,1,4
0,4,5,BLR,HYD,520,0,2.7,0.16040459948374086,14,24,A320,0,0.2642,2,3,0
17,4,1,CCU,DEL,1329,0,8.3,0.4776644127682639,16,68,A320,1,0.5411,4,1,0
18,0,5,DEL,BOM,1099,1,6.4,0.3136244552044524,11,46,B777,1,0.5254,1,0,4
8,6,5,MAA,BOM,1043,0,6.4,0.26979180313505935,7,29,B777,0,0.4579,5,0,4
8,5,1,MAA,BOM,1017,0,4.3,0.269952736629822,17,82,B737,0,0.408,5,0,1
17,0,8,DEL,CCU,1300,0,7.5,0.48419827278722766,19,88,B777,1,0.5437,1,4,4
9,4,5,BLR,DEL,1771,2,7.3,0.4224033489469027,3,55,ATR72,1,0.719,2,1,3
17,2,5,BOM,BLR,872,0,12.2,0.313082048487635,18,85,B737,1,0.5752,0,2,1
0,0,7,DEL,GOI,1877,0,2.2,0.38164465954573834,12,30,A321,0,0.3727,1,7,2
23,1,10,DEL,BOM,1183,0,9.4,0.3304739756214516,12,35,ATR72,0,0.3522,1,0,3
18,3,12,BOM,PNQ,142,0,3.3,0.12314630217031428,14,54,A321,0,0.2993,0,8,2
0,6,6,PNQ,BOM,97,0,3.9,0.17060204271662566,21,88,B737,0,0.3682,8,0,1
20,2,6,BOM,HYD,617,0,11.8,0.2523153273467245,7,62,A320,1,0.5509,0,3,0
23,6,12,BOM,BLR,834,0,1.2,0.2514166722274762,8,83,B777,0,0.1506,0,2,4
1,0,5,GOI,DEL,1900,2,12.5,0.3133084366786468,10,23,B777,1,0.8753,7,1,4
10,1,6,BOM,DEL,1099,3,11.0,0.3784188276071165,13,84,B737,1,1.0,0,1,1
3,1,7,BOM,PNQ,110,0,6.4,0.1985760342452324,2,74,A321,0,0.2294,0,8,2
0,1,8,DEL,BOM,1155,1,6.4,0.39066165100099576,20,75,A321,1,0.5563,1,0,2
17,6,11,HYD,BOM,608,0,9.4,0.2438407958511939,15,67,A321,0,0.4475,3,0,2
22,5,5,DEL,CCU,1317,1,10.1,0.4514403364952289,5,57,A320,1,0.6306,1,4,0
6,3,10,BOM,BLR,880,0,7.0,0.28790417848156435,11,70,A321,0,0.1652,0,2,2
3,1,7,GOI,DEL,1895,0,3.1,0.3466650882196331,13,57,ATR72,0,0.2887,7,1,3
5,2,10,BLR,HYD,510,1,10.7,0.20129736896431222,20,40,ATR72,1,0.6505,2,3,3
11,6,4,BOM,HYD,615,3,3.8,0.24217288672790283,18,82,B737,1,0.8469,0,3,1
5,5,7,DEL,AMD,939,0,5.3,0.16262740485999164,1,37,ATR72,0,0.2851,1,6,3
15,4,10,CCU,DEL,1314,1,8.0,0.4378337735577234,19,56,ATR72,0,0.4751,4,1,3
9,4,4,BOM,BLR,850,1,5.3,0.25071586204200286,1,79,B777,0,0.4503,0,2,4
12,0,10,DEL,AMD,913,0,3.4,0.17733769760594656,18,54,B737,0,0.1709,1,6,1
21,2,6,HYD,BLR,549,0,6.9,0.14522887349057442,19,79,ATR72,0,0.2581,3,2,3
18,0,10,HYD,BLR,481,0,2.2,0.16063997995996496,13,31,B777,0,0.3343,3,2,4
13,6,3,BLR,DEL,1729,3,13.7,0.40857609582346405,3,29,A320,1,1.0,2,1,0
8,6,3,BLR,DEL,1760,2,6.0,0.3798194864465933,3,52,B777,1,0.7519,2,1,4
0,1,2,PNQ,BOM,119,2,3.5,0.1865659356485459,5,85,ATR72,1,0.5246,8,0,3
11,6,6,BOM,DEL,1111,2,9.4,0.35828571061173137,11,39,B777,1,0.9133,0,1,4
11,6,2,DEL,CCU,1301,1,8.5,0.4554000143492423,20,78,ATR72,1,0.6322,1,4,3
5,4,10,BOM,HYD,636,0,11.5,0.21463561999984387,11,32,B737,0,0.4059,0,3,1
21,4,10,MAA,BOM,1006,0,5.1,0.2577641077546022,16,81,B737,0,0.2031,5,0,1
21,0,9,BOM,HYD,645,2,12.3,0.20453426359263363,16,86,A321,1,0.8818,0,3,2
8,5,2,BOM,MAA,994,0,1.5,0.27110747822187276,6,41,A321,0,0.3784,0,5,2
13,3,7,AMD,DEL,858,0,5.3,0.17101058023253757,10,73,A321,0,0.1684,6,1,2
12,0,6,DEL,BLR,1744,0,5.3,0.37843609349176077,7,34,B777,0,0.3214,1,2,4
1,1,7,MAA,BOM,1037,2,7.0,0.28615671539511367,2,41,A320,1,0.6845,5,0,0
6,5,5,MAA,BOM,1032,1,11.2,0.31159645424303895,2,79,B777,1,0.5746,5,0,4
10,5,5,HYD,BLR,514,0,4.8,0.1529186409944077,7,77,B777,0,0.1112,3,2,4
16,3,3,MAA,BOM,1016,0,9.2,0.3403525451458761,9,53,B737,0,0.2361,5,0,1
15,4,12,GOI,DEL,1909,2,11.8,0.32021179802636984,21,20,A320,1,0.9781,7,1,0
22,0,11,BOM,BLR,814,1,12.5,0.3217942651869991,9,51,B777,1,0.5287,0,2,4
12,5,5,DEL,BOM,1149,0,10.7,0.31612091499193085,7,36,A320,0,0.4464,1,0,0
4,6,11,DEL,BLR,1715,1,3.5,0.4033204702677709,10,48,A320,0,0.4113,1,2,0
11,6,4,MAA,BOM,1057,1,10.8,0.34750162426462394,4,81,B737,1,0.589,5,0,1
2,6,8,HYD,BLR,524,1,7.0,0.18193030287665563,1,39,B737,1,0.4928,3,2,1
11,1,7,BOM,MAA,1020,0,4.6,0.3150259500743082,6,36,B777,0,0.296,0,5,4
9,0,7,CCU,DEL,1274,0,1.9,0.39973265769355737,12,70,B777,1,0.4599,4,1,4
6,5,12,AMD,DEL,848,0,2.9,0.19782587073848817,14,28,A321,0,0.3291,6,1,2
21,4,7,PNQ,BOM,161,0,2.7,0.13660896164292033,3,21,B737,0,0.3546,8,0,1
0,1,10,DEL,CCU,1317,2,3.4,0.42235026485351423,5,36,A320,1,0.6389,1,4,0
14,5,5,BLR,BOM,856,0,10.3,0.25912246619536267,17,89,A320,0,0.4536,2,0,0
6,1,1,BLR,BOM,868,0,5.0,0.33968866406209597,9,25,B737,0,0.2859,2,0,1
21,3,6,PNQ,BOM,145,0,10.1,0.165864960235376,14,21,B737,1,0.6163,8,0,1
5,0,3,BOM,MAA,987,0,6.3,0.3447603144840993,2,62,A320,0,0.1379,0,5,0
20,2,7,BOM,HYD,666,2,6.3,0.2237689485024934,4,49,B777,1,0.7395,0,3,4
8,0,11,BLR,BOM,882,0,1.6,0.3065599830362006,19,49,B737,0,0.3726,2,0,1
20,3,2,GOI,DEL,1900,0,11.7,0.31537303975571834,19,27,ATR72,1,0.7261,7,1,3
4,1,4,BLR,HYD,499,0,12.3,0.1886604408308481,17,66,B777,0,0.3755,2,3,4
10,3,3,DEL,BOM,1127,2,8.4,0.32168441524890135,6,89,A321,1,0.6287,1,0,2
4,0,10,BOM,DEL,1124,0,1.3,0.3344456598430119,16,47,ATR72,0,0.2338,0,1,3
12,2,3,DEL,AMD,852,0,1.6,0.16621391189243032,2,42,B737,0,0.1365,1,6,1
13,5,2,PNQ,BOM,163,0,9.9,0.10326908884566555,2,24,A321,0,0.3913,8,0,2
9,2,9,MAA,BOM,1064,0,10.6,0.2559633782397396,14,30,B777,1,0.6724,5,0,4
15,1,1,AMD,DEL,929,3,10.9,0.19980731032924517,4,26,B777,1,1.0,6,1,4
23,2,8,DEL,BLR,1720,0,8.7,0.38826785208747333,20,30,A321,0,0.5253,1,2,2
6,6,6,DEL,BLR,1784,0,4.2,0.46952980190102694,6,43,A320,0,0.4078,1,2,0
22,6,5,CCU,DEL,1268,0,8.9,0.4210691642488848,18,79,B777,0,0.4184,4,1,4
23,6,8,BOM,DEL,1119,1,1.6,0.3594491816502947,8,37,A321,1,0.5638,0,1,2
13,1,1,BOM,PNQ,70,0,3.5,0.11264232557096482,3,85,A321,0,0.0951,0,8,2
8,6,12,PNQ,BOM,71,1,13.6,0.1833060798252683,12,23,ATR72,1,0.9233,8,0,3
13,2,12,AMD,DEL,872,1,5.4,0.24944062162185943,5,40,B777,0,0.3698,6,1,4
11,5,11,BOM,DEL,1173,1,5.1,0.4030421793012775,16,64,A320,0,0.5112,0,1,0
2,1,11,MAA,BOM,1003,0,8.5,0.33462231962261485,7,67,A320,0,0.2338,5,0,0
18,5,11,BOM,DEL,1164,0,5.0,0.40556173827286984,14,23,A321,1,0.5622,0,1,2
8,5,6,BOM,DEL,1153,0,12.2,0.3870349671246698,17,84,A320,1,0.7548,0,1,0
1,1,4,HYD,BOM,634,0,10.5,0.24156092087367048,18,35,A320,0,0.4666,3,0,0
10,1,5,AMD,DEL,916,0,13.1,0.21867906244306273,19,76,B777,0,0.3875,6,1,4
2,5,1,BOM,BLR,861,0,4.9,0.25293090331203105,13,64,A321,0,0.2012,0,2,2
3,1,7,BLR,HYD,509,0,10.6,0.2116987873417865,3,62,ATR72,0,0.3847,2,3,3
1,6,6,BOM,MAA,1012,0,12.3,0.28996119595428826,9,21,A321,1,0.616,0,5,2
7,3,6,DEL,GOI,1860,1,4.9,0.3180046793324558,4,70,B737,1,0.5772,1,7,1
13,2,11,HYD,BLR,468,1,4.6,0.158538560660964,4,86,A321,0,0.2634,3,2,2
1,4,1,BOM,BLR,831,0,7.5,0.29465700551143537,14,49,A321,0,0.1679,0,2,2
11,0,11,DEL,AMD,865,1,12.8,0.1615884230726642,6,65,A321,0,0.4646,1,6,2
4,3,10,BOM,HYD,592,0,10.9,0.20911327325212964,10,43,A320,0,0.3536,0,3,0
2,6,5,DEL,BLR,1789,0,6.8,0.3948332550777369,7,61,B777,0,0.2079,1,2,4
0,3,11,BOM,MAA,965,0,7.3,0.2907182647184516,20,53,B737,0,0.2163,0,5,1
15,2,7,GOI,DEL,1850,1,13.4,0.29484368891702156,9,61,ATR72,1,0.6179,7,1,3
1,5,6,DEL,BLR,1769,0,1.2,0.4174919775198347,7,43,B737,0,0.387,1,2,1
1,0,7,GOI,DEL,1905,3,7.7,0.35907077916080254,18,60,A321,1,0.9436,7,1,2
1,1,4,BLR,HYD,475,2,5.3,0.18215959636826654,1,35,ATR72,1,0.5429,2,3,3
13,3,9,BOM,BLR,809,2,6.3,0.23325297572864945,4,30,ATR72,1,0.6633,0,2,3
8,1,7,HYD,BOM,657,1,13.4,0.280716492703819,8,75,A321,1,0.7623,3,0,2
11,5,1,BOM,BLR,870,2,2.9,0.2468891890220607,3,49,A320,1,0.5488,0,2,0
16,1,3,DEL,GOI,1913,0,9.9,0.33472134437220424,7,67,ATR72,0,0.2339,1,7,3
23,6,8,DEL,BLR,1774,0,7.0,0.4465229831226504,17,66,B737,0,0.4286,1,2,1
12,2,4,DEL,BOM,1169,0,5.6,0.30153701827087886,2,47,B777,0,0.1206,1,0,4
5,2,6,DEL,GOI,1898,1,2.6,0.3858042416958528,20,23,ATR72,1,0.7043,1,7,3
10,6,3,DEL,BOM,1140,2,12.2,0.36830117762141457,20,71,ATR72,1,0.8973,1,0,3
22,1,6,DEL,BOM,1126,2,2.6,0.36968387260854524,2,31,B777,1,0.7179,1,0,4
8,6,11,DEL,AMD,912,0,13.9,0.24481145450425357,18,55,B777,1,0.5979,1,6,4
16,4,2,BOM,HYD,592,1,1.7,0.2220682188163931,6,23,A321,0,0.4388,0,3,2
12,2,8,DEL,BOM,1177,0,7.8,0.37365778988253645,17,37,A320,0,0.4195,1,0,0
15,4,9,BOM,MAA,976,0,8.9,0.3372808861914661,2,50,B737,0,0.3349,0,5,1
0,4,7,DEL,BOM,1149,0,9.6,0.38627299604893084,16,30,B777,0,0.5245,1,0,4
21,0,4,GOI,DEL,1879,0,9.5,0.379190635783961,5,70,B737,0,0.2517,7,1,1
17,3,11,BOM,HYD,577,1,4.8,0.20835630662107923,18,68,A320,1,0.5333,0,3,0
10,0,9,BLR,BOM,829,0,2.5,0.2737193090344716,4,73,B737,0,0.2095,2,0,1
23,5,1,BOM,DEL,1109,0,11.7,0.34982568567309075,8,62,A320,0,0.3899,0,1,0
23,3,10,DEL,GOI,1929,1,8.6,0.346684643937945,1,70,ATR72,0,0.4387,1,7,3
12,4,10,DEL,BOM,1137,1,5.2,0.3803649063060457,17,87,B737,0,0.4521,1,0,1
10,4,3,CCU,DEL,1256,0,11.8,0.4707919758640269,4,35,B737,0,0.4583,4,1,1
23,3,6,BOM,MAA,1057,0,5.5,0.3560597177369606,7,83,ATR72,0,0.2424,0,5,3
1,0,12,BLR,DEL,1771,0,8.1,0.358076643251754,20,55,B737,0,0.3432,2,1,1
18,3,10,BOM,BLR,854,0,7.0,0.23014444659153216,20,46,B737,0,0.3421,0,2,1
8,0,8,CCU,DEL,1308,0,10.6,0.4504763683662552,18,50,A320,1,0.7302,4,1,0
4,4,6,BOM,HYD,614,0,7.9,0.239355095015367,1,57,A320,0,0.1957,0,3,0
9,6,8,HYD,BLR,452,0,5.4,0.18651244587625543,18,25,B777,1,0.6246,3,2,4
21,6,10,BLR,DEL,1711,0,11.4,0.38600093471331115,9,41,B737,0,0.4744,2,1,1
15,2,3,AMD,DEL,916,2,3.0,0.21021344535527545,21,70,A321,1,0.5841,6,1,2
21,0,6,BOM,BLR,846,2,9.1,0.3106196136109205,17,49,A321,1,0.8242,0,2,2
0,3,6,BOM,HYD,594,2,14.0,0.29095794412354925,1,88,B777,1,0.8164,0,3,4
16,4,11,BOM,HYD,655,0,6.2,0.20302725040382433,9,32,B777,0,0.1512,0,3,4
7,3,2,BLR,DEL,1718,0,2.5,0.433836743190945,18,30,B777,0,0.4935,2,1,4
5,6,7,BLR,HYD,543,0,12.2,0.18180016659878095,15,86,B737,0,0.4727,2,3,1
8,5,4,DEL,BLR,1717,0,10.7,0.4283572477541618,15,50,ATR72,1,0.6213,1,2,3
0,5,11,BLR,HYD,451,2,10.4,0.1746254378933197,9,79,B737,1,0.7199,2,3,1
13,3,7,BOM,DEL,1187,0,8.3,0.3615464278070011,11,88,A321,0,0.3946,0,1,2
17,6,5,BLR,DEL,1725,0,13.7,0.4350263011155113,14,40,A321,1,0.694,2,1,2
8,4,4,BLR,BOM,798,0,7.5,0.32202380759451205,21,76,A320,0,0.3788,2,0,0
1,4,6,PNQ,BOM,150,1,7.6,0.12330584566631017,18,59,B737,0,0.4993,8,0,1
15,5,5,DEL,GOI,1928,0,12.1,0.3181407966078579,5,54,A321,0,0.3773,1,7,2
22,6,4,AMD,DEL,896,0,5.1,0.235704505776862,18,83,ATR72,0,0.2443,6,1,3
3,0,10,BOM,DEL,1162,0,10.3,0.36996023422711355,6,77,B777,0,0.348,0,1,4
13,0,2,DEL,BLR,1756,0,5.3,0.45312990345058596,10,57,A320,0,0.1813,1,2,0
2,5,2,BOM,PNQ,148,2,3.0,0.13060639488536074,13,86,B737,1,0.6022,0,8,1
13,5,2,DEL,AMD,932,0,3.4,0.171613064250132,7,26,A320,0,0.2686,1,6,0
12,5,10,BLR,HYD,507,1,11.7,0.20461831125691107,1,86,ATR72,1,0.5318,2,3,3
23,0,5,BLR,BOM,859,2,11.0,0.3335435646761167,16,57,A321,1,0.8334,2,0,2
0,1,12,DEL,CCU,1326,0,12.5,0.4073707177191592,12,58,ATR72,0,0.4129,1,4,3
20,3,10,BOM,PNQ,88,2,6.9,0.1273250546711072,9,64,A321,1,0.6509,0,8,2
4,4,2,BOM,BLR,892,1,12.9,0.3250984820111659,10,40,B777,1,0.6,0,2,4
7,1,7,GOI,DEL,1911,0,12.3,0.33127125796641904,9,40,A320,1,0.6525,7,1,0
13,1,7,AMD,DEL,909,0,12.8,0.24525672946335958,19,61,A321,0,0.4981,6,1,2
1,0,10,PNQ,BOM,141,1,11.3,0.09548646992561086,6,85,A320,0,0.4882,8,0,0
1,4,10,DEL,BLR,1752,0,2.8,0.38707061415415106,21,83,A320,0,0.2548,1,2,0
0,1,2,BLR,BOM,839,1,12.5,0.30892534982118697,10,43,B777,1,0.5936,2,0,4
17,3,4,BLR,HYD,482,1,11.9,0.1920390747368956,12,64,ATR72,1,0.6768,2,3,3
20,3,5,CCU,DEL,1301,0,5.0,0.39122220817084213,16,21,A320,1,0.5565,4,1,0
16,6,9,BLR,BOM,799,0,7.2,0.33930701915150735,8,39,A320,0,0.3557,2,0,0
7,3,4,DEL,BLR,1711,0,1.0,0.4383744491632855,11,56,B777,0,0.3753,1,2,4
15,1,9,BOM,PNQ,132,0,2.0,0.11973899790845938,6,79,A320,0,0.1979,0,8,0
22,1,9,PNQ,BOM,133,0,6.0,0.1227945792963053,8,30,ATR72,0,0.2691,8,0,3
22,2,7,AMD,DEL,841,0,6.9,0.17627217332123496,10,48,B777,0,0.1705,6,1,4
23,5,12,DEL,AMD,906,0,4.9,0.24502463740155245,7,21,B737,0,0.298,1,6,1
9,5,2,BOM,DEL,1159,1,8.5,0.4214908170676284,12,59,ATR72,1,0.7186,0,1,3
17,5,4,BOM,BLR,823,1,13.7,0.23448486484698994,10,32,ATR72,1,0.7638,0,2,3
7,0,6,BOM,HYD,571,2,10.7,0.2842177329493267,12,62,A320,1,1.0,0,3,0
19,2,3,CCU,DEL,1258,0,11.8,0.38676214146866206,3,71,ATR72,1,0.5047,4,1,3
6,2,4,BOM,PNQ,124,0,1.2,0.18648103288756873,20,80,A320,0,0.2246,0,8,0
15,5,1,BOM,MAA,1055,0,9.1,0.3328784108915043,11,26,B737,1,0.4832,0,5,1
19,4,9,DEL,BOM,1179,1,6.9,0.3130141330507683,11,52,A321,1,0.6252,1,0,2
5,2,7,HYD,BOM,655,0,5.5,0.27553241695128594,9,69,A321,0,0.2102,3,0,2
3,4,10,DEL,AMD,910,2,12.8,0.1809436694729002,8,52,ATR72,1,0.6724,1,6,3
5,4,12,HYD,BOM,632,0,3.6,0.30284301800160807,19,46,B737,0,0.2211,3,0,1
6,0,7,DEL,BLR,1706,0,2.5,0.4380503883692909,10,59,A320,0,0.2752,1,2,0
21,1,2,MAA,BOM,1026,1,13.8,0.2941180511176242,17,33,A320,1,0.6876,5,0,0
2,1,3,BLR,HYD,512,1,14.0,0.1701847937539283,2,73,A321,0,0.4681,2,3,2
12,0,9,BOM,HYD,635,1,13.2,0.26144281287220694,21,80,B737,1,0.7046,0,3,1
13,5,10,DEL,BLR,1779,0,9.7,0.43732296215587163,10,66,A321,0,0.3249,1,2,2
21,5,6,MAA,BOM,1023,0,9.5,0.27399143032219825,15,82,B777,0,0.4096,5,0,4
16,5,7,MAA,BOM,969,0,9.6,0.3011795976462511,2,34,A321,0,0.4405,5,0,2
23,0,8,BOM,MAA,1035,0,8.4,0.3623299182673193,14,76,B737,0,0.3949,0,5,1
14,0,11,DEL,CCU,1273,1,3.2,0.4206903516929697,18,41,A320,1,0.5383,1,4,0
11,6,9,PNQ,BOM,119,2,1.9,0.12532415152268375,15,88,A321,1,0.7001,8,0,2
10,1,10,HYD,BOM,579,1,11.6,0.28021118706837606,3,29,A321,1,0.6621,3,0,2
16,6,6,DEL,GOI,1858,1,8.3,0.3766451415153128,20,30,A321,1,0.7707,1,7,2
12,2,8,BOM,BLR,847,0,5.7,0.2957044274072701,21,59,A320,0,0.3183,0,2,0
2,4,5,CCU,DEL,1256,0,6.9,0.4514608330028399,3,68,ATR72,0,0.1806,4,1,3
22,2,4,DEL,BOM,1157,1,13.1,0.31781127184699964,17,64,ATR72,1,0.6271,1,0,3
23,1,4,BOM,MAA,982,2,2.1,0.30391712990707875,15,50,A321,1,0.5716,0,5,2
9,2,4,DEL,GOI,1949,2,2.3,0.3744830771238837,8,80,B737,1,0.6998,1,7,1
5,4,5,DEL,BOM,1161,0,2.2,0.37015823433276673,11,47,A320,0,0.1981,1,0,0
23,0,10,AMD,DEL,928,0,8.2,0.22609042067364232,5,46,ATR72,0,0.1904,6,1,3
9,6,10,BOM,PNQ,140,0,1.2,0.12373157589509119,13,83,A320,0,0.3495,0,8,0
1,1,2,DEL,BLR,1759,0,1.3,0.4537292626151784,10,24,B737,0,0.3315,1,2,1
5,6,8,DEL,BOM,1177,1,1.3,0.34556974261129536,1,55,ATR72,0,0.4882,1,0,3
23,1,1,HYD,BOM,613,1,12.0,0.3064868682644263,12,24,B777,1,0.7226,3,0,4
23,5,4,CCU,DEL,1338,1,5.6,0.4142673673594704,18,64,A320,0,0.5157,4,1,0
15,6,9,MAA,BOM,973,0,13.2,0.32322453114372596,8,85,A320,0,0.4793,5,0,0
11,2,2,GOI,DEL,1855,0,11.5,0.30156916023934244,11,66,ATR72,0,0.3706,7,1,3
6,2,5,HYD,BOM,630,0,7.5,0.22732742464147876,19,66,A321,0,0.1909,3,0,2
11,1,9,PNQ,BOM,141,0,11.3,0.15878513994096138,6,34,ATR72,0,0.4835,8,0,3
5,2,2,BOM,HYD,575,0,9.6,0.21656367379685365,10,29,B737,0,0.3366,0,3,1
14,0,9,BLR,BOM,877,2,13.1,0.2945287301489579,19,77,B777,1,0.9178,2,0,4
13,3,2,BOM,PNQ,155,1,5.2,0.18662674576752958,18,72,A321,0,0.4247,0,8,2
14,1,11,DEL,AMD,924,0,6.0,0.2111636357304159,5,50,A320,0,0.0845,1,6,0
20,3,3,BOM,BLR,836,0,4.3,0.2647448125403622,13,53,ATR72,0,0.3059,0,2,3
5,2,1,AMD,DEL,847,3,5.4,0.23189069241261662,8,76,A321,1,0.6928,6,1,2
10,5,12,DEL,BLR,1710,1,10.2,0.46962259659715483,10,35,A320,1,0.7078,1,2,0
13,1,12,DEL,GOI,1865,1,7.7,0.362421389222142,4,46,A320,0,0.345,1,7,0
23,3,8,BLR,HYD,494,2,6.0,0.1613090072710278,2,59,A320,1,0.5645,2,3,0
8,2,4,BOM,DEL,1112,0,5.0,0.4081895497906346,19,61,ATR72,0,0.4133,0,1,3
6,0,1,BOM,DEL,1179,1,10.0,0.4200081826774984,1,25,A321,1,0.618,0,1,2
17,5,9,MAA,BOM,980,1,5.6,0.2684119142961621,21,32,A321,1,0.7774,5,0,2
6,6,8,HYD,BLR,513,0,2.7,0.19827175204032216,14,38,ATR72,0,0.3493,3,2,3
3,5,2,BOM,PNQ,151,0,8.8,0.1428306979910911,21,45,A321,0,0.3571,0,8,2
20,2,5,BLR,BOM,823,0,13.0,0.2808920814789121,9,86,B737,0,0.4624,2,0,1
3,5,7,PNQ,BOM,131,1,4.8,0.09800617177205864,15,33,ATR72,1,0.5592,8,0,3
2,3,7,BOM,PNQ,113,0,11.5,0.11731669471533375,6,64,ATR72,0,0.3969,0,8,3
15,3,2,AMD,DEL,880,2,3.1,0.19281319325827334,5,21,A320,1,0.6271,6,1,0
13,5,9,DEL,CCU,1315,0,8.4,0.4558892901168811,8,44,ATR72,0,0.5024,1,4,3
13,1,5,BOM,PNQ,103,1,12.6,0.19682866515208813,19,87,ATR72,1,0.6287,0,8,3
16,6,2,HYD,BLR,522,0,7.2,0.1457822249219321,3,41,B777,0,0.1783,3,2,4
21,0,8,BOM,BLR,847,1,13.3,0.2870870256706634,19,77,B737,1,0.7148,0,2,1
3,4,3,BOM,HYD,582,0,9.1,0.2482800524802448,9,41,B777,0,0.2693,0,3,4
3,0,12,BOM,DEL,1098,2,11.7,0.33300990486131893,1,41,B737,1,0.8032,0,1,1
15,1,3,MAA,BOM,1024,1,5.4,0.3493573309400181,20,36,A320,0,0.5097,5,0,0
1,6,4,BOM,DEL,1152,2,12.3,0.3348180872158477,14,70,A320,1,0.8339,0,1,0
8,2,11,BLR,BOM,833,0,8.1,0.2790169581562416,5,72,ATR72,0,0.3616,2,0,3
20,1,3,BLR,HYD,537,1,5.5,0.21062565462094152,1,68,A320,0,0.4343,2,3,0
10,6,8,DEL,BOM,1176,0,2.6,0.30408019621315197,7,41,B777,0,0.3416,1,0,4
10,6,7,GOI,DEL,1857,0,12.8,0.3258021869367291,19,38,B777,1,0.6503,7,1,4
11,1,2,BOM,HYD,576,1,3.9,0.2701881586761764,14,32,B737,0,0.4281,0,3,1
19,4,8,BLR,DEL,1729,0,1.4,0.36606011792715837,9,84,ATR72,0,0.3964,2,1,3
6,2,5,DEL,AMD,876,0,11.4,0.16672333487353422,21,65,B777,0,0.3667,1,6,4
1,5,12,GOI,DEL,1888,2,5.5,0.37545277196565935,6,71,B777,1,0.6002,7,1,4
4,4,3,DEL,CCU,1331,0,9.5,0.4458741097229692,5,42,ATR72,0,0.3483,1,4,3
23,3,7,MAA,BOM,967,1,5.2,0.3029580450438145,16,53,ATR72,0,0.5212,5,0,3
3,6,6,BLR,BOM,861,0,9.7,0.31003586275036066,12,51,A321,0,0.424,2,0,2
13,0,2,MAA,BOM,1017,0,12.7,0.2984799730361511,20,59,A320,0,0.4194,5,0,0
18,4,8,CCU,DEL,1275,1,11.6,0.4379763108811346,6,50,A320,1,0.8252,4,1,0
23,4,2,DEL,BOM,1183,3,11.8,0.31600105403629236,8,68,A321,1,0.9264,1,0,2
6,6,6,BOM,PNQ,94,0,5.2,0.13534079797309434,5,69,A321,0,0.2541,0,8,2
6,3,9,CCU,DEL,1294,0,10.2,0.4333923446991073,8,39,B777,1,0.5434,4,1,4
17,3,11,PNQ,BOM,133,0,5.5,0.1376553581791439,4,35,B777,0,0.3251,8,0,4
18,4,10,DEL,BLR,1758,1,9.6,0.4466796142395254,2,25,B737,1,0.7787,1,2,1
12,0,6,BLR,BOM,861,0,7.3,0.2665246566998375,9,87,B737,0,0.2066,2,0,1
4,5,7,DEL,BOM,1142,0,4.5,0.3620705496800088,17,84,B777,0,0.3948,1,0,4
9,5,10,BLR,BOM,890,0,8.0,0.2712900841014381,15,26,A320,0,0.5085,2,0,0
6,1,5,PNQ,BOM,72,0,8.9,0.1348414473952889,21,31,ATR72,0,0.3739,8,0,3
17,6,12,HYD,BLR,469,2,12.7,0.16887316505602265,20,71,ATR72,1,0.9675,3,2,3
10,2,8,HYD,BLR,454,1,2.8,0.22208607625402527,15,64,B737,0,0.4388,3,2,1
11,3,10,BOM,BLR,891,0,3.0,0.32300885079469976,1,38,A320,0,0.1992,0,2,0
16,4,11,DEL,GOI,1933,1,13.9,0.30688540644934487,1,86,A320,1,0.5228,1,7,0
15,3,9,DEL,GOI,1921,0,13.3,0.36942376505384633,4,28,B737,1,0.5978,1,7,1
15,3,1,DEL,GOI,1916,0,3.0,0.323727330715815,5,81,A321,0,0.1295,1,7,2
6,1,6,BLR,HYD,541,1,12.4,0.17930806503216312,6,38,ATR72,1,0.6417,2,3,3
23,3,9,AMD,DEL,848,0,11.2,0.21750680500859665,10,71,ATR72,0,0.387,6,1,3
23,0,1,HYD,BOM,583,3,6.4,0.26170368120675197,16,30,A321,1,0.8747,3,0,2
19,6,1,BOM,BLR,859,0,12.1,0.27921220164195965,20,57,B737,1,0.6117,0,2,1
16,4,6,BOM,HYD,658,0,12.4,0.25439990617480446,18,59,A321,0,0.5018,0,3,2
22,3,6,BOM,HYD,579,3,12.1,0.23257369301309938,2,36,A321,1,1.0,0,3,2
13,3,5,GOI,DEL,1902,1,2.7,0.3622964520293024,6,88,A321,0,0.3449,7,1,2
4,5,9,BLR,DEL,1781,1,3.0,0.3787297168423467,15,38,A320,1,0.6215,2,1,0
15,2,9,DEL,BLR,1714,0,5.8,0.46661910922008787,4,50,B737,0,0.2866,1,2,1
3,1,3,DEL,CCU,1341,1,7.4,0.426667345248008,15,52,ATR72,0,0.4207,1,4,3
14,3,11,DEL,BOM,1111,1,3.1,0.3740481085076456,5,43,B737,0,0.4196,1,0,1
12,3,3,BOM,MAA,987,0,6.2,0.3403259695113282,1,74,A321,0,0.1361,0,5,2
2,2,4,GOI,DEL,1865,3,8.9,0.3257379094556195,8,57,B777,1,0.8303,7,1,4
11,4,6,BLR,DEL,1774,2,4.5,0.39655923886716704,1,48,A320,1,0.6586,2,1,0
13,3,12,BOM,HYD,580,2,11.1,0.29320569483919745,5,85,B737,1,0.7173,0,3,1
5,5,4,HYD,BLR,504,1,10.3,0.2388922642073182,9,75,A320,1,0.5456,3,2,0
21,3,11,BOM,PNQ,100,2,5.5,0.13124313446683805,4,41,B777,1,0.5725,0,8,4
1,0,1,CCU,DEL,1349,2,12.7,0.4253344748093448,11,25,A320,1,0.9701,4,1,0
15,3,8,BLR,BOM,850,1,3.7,0.2753839081585894,15,49,ATR72,0,0.4602,2,0,3
12,5,12,HYD,BOM,586,0,8.7,0.3156212111797923,19,80,B777,0,0.3762,3,0,4
23,6,12,BLR,BOM,889,0,7.0,0.34247842361453673,19,54,A320,0,0.287,2,0,0
21,5,10,DEL,AMD,859,0,3.0,0.23868035228901652,21,75,A320,0,0.2455,1,6,0
12,5,12,BOM,HYD,587,0,1.3,0.26240111956523765,4,60,ATR72,0,0.155,0,3,3
20,2,9,BLR,BOM,835,2,13.9,0.26611820653278984,6,37,B737,1,1.0,2,0,1
17,3,12,CCU,DEL,1341,0,12.7,0.38351353370622776,5,84,A320,0,0.5034,4,1,0
11,6,7,DEL,GOI,1857,0,6.7,0.3162594853947054,17,55,B777,0,0.3765,1,7,4
4,1,1,BLR,DEL,1736,2,2.6,0.3628675206312582,2,50,A321,1,0.5451,2,1,2
1,2,1,DEL,GOI,1927,1,12.4,0.3757132308298323,19,20,B777,1,0.8003,1,7,4
18,0,2,AMD,DEL,934,0,4.6,0.1924851403248307,11,59,B777,0,0.277,6,1,4
1,3,4,BOM,BLR,858,0,10.8,0.23082396885105555,13,87,ATR72,0,0.3423,0,2,3
14,4,5,MAA,BOM,1012,0,7.1,0.30717959117554244,17,84,ATR72,0,0.2229,5,0,3
3,6,8,DEL,GOI,1931,0,9.0,0.35579419816635854,14,75,B737,0,0.4423,1,7,1
3,2,5,HYD,BLR,547,1,6.0,0.1946177732686753,18,89,ATR72,0,0.3778,3,2,3
16,6,2,BOM,DEL,1133,1,3.4,0.36562313256247364,14,39,A321,0,0.5162,0,1,2
8,1,11,HYD,BOM,595,0,9.6,0.25182011659430664,4,39,ATR72,0,0.4207,3,0,3
4,4,3,AMD,DEL,929,0,7.7,0.19445766004857234,15,65,ATR72,0,0.1278,6,1,3
4,0,5,DEL,BLR,1762,0,10.3,0.457921127076173,12,75,A320,0,0.4332,1,2,0
17,4,6,DEL,BLR,1696,0,6.0,0.43129863862533674,10,74,B777,0,0.4225,1,2,4
4,0,12,BLR,HYD,458,1,1.5,0.1875078544705392,9,89,B777,0,0.275,2,3,4
9,5,12,BOM,MAA,1034,1,3.1,0.30157968911878136,16,82,B777,1,0.6206,0,5,4
3,2,2,DEL,BLR,1709,1,6.4,0.4113959093469244,9,63,A321,0,0.3646,1,2,2
1,5,6,BOM,PNQ,102,0,1.2,0.12249667229079364,21,42,A320,0,0.419,0,8,0
12,2,11,DEL,AMD,935,0,5.8,0.16040894883982337,2,78,B777,0,0.0642,1,6,4
13,4,3,CCU,DEL,1303,0,7.1,0.4460884615441727,11,38,A321,0,0.2984,4,1,2
13,1,5,AMD,DEL,862,1,5.6,0.17844947395846605,11,57,B777,0,0.3214,6,1,4
19,0,9,BLR,DEL,1703,0,11.6,0.37417146376809846,4,65,ATR72,1,0.5997,2,1,3
10,6,6,DEL,CCU,1343,2,12.2,0.4752608072569303,14,77,A321,1,0.9901,1,4,2
18,3,2,DEL,BOM,1146,0,8.7,0.3954245350603193,11,81,A320,0,0.4582,1,0,0
15,4,11,PNQ,BOM,129,3,12.4,0.15771337778089206,9,70,B777,1,0.9131,8,0,4
7,3,11,PNQ,BOM,169,1,9.5,0.1674786235430889,13,75,A320,1,0.617,8,0,0
8,3,10,MAA,BOM,1036,0,10.9,0.2944757438633429,14,37,B777,1,0.5878,5,0,4
23,5,4,DEL,BLR,1744,0,4.2,0.4646118877771917,8,52,B737,0,0.2358,1,2,1
1,6,2,HYD,BLR,495,2,1.4,0.1826819447013629,17,82,B777,1,0.6231,3,2,4
8,4,5,HYD,BLR,504,0,10.5,0.20840111438446407,5,45,A320,0,0.4334,3,2,0
8,2,12,BLR,DEL,1694,0,3.7,0.4243234533601245,6,48,B777,0,0.3197,2,1,4
10,4,4,BOM,BLR,827,1,12.8,0.29638088343034164,13,34,B777,1,0.6386,0,2,4
0,2,4,DEL,AMD,854,0,3.3,0.1786161911629852,10,78,B737,0,0.0714,1,6,1
7,1,1,DEL,BOM,1172,1,13.0,0.3518426407811343,16,61,B737,1,0.7907,1,0,1
11,1,12,BOM,BLR,842,1,6.6,0.2374331798667767,14,85,A321,0,0.345,0,2,2
14,4,8,BOM,BLR,807,0,13.5,0.3147685194653833,14,53,B737,0,0.4759,0,2,1
17,1,10,BOM,MAA,1034,1,12.0,0.2787520948838236,13,40,ATR72,1,0.7815,0,5,3
12,4,1,BOM,BLR,814,1,8.2,0.2620330321184934,6,34,B737,0,0.4748,0,2,1
0,2,1,BLR,BOM,879,0,9.3,0.2600122946357155,1,27,A321,0,0.354,2,0,2
22,1,11,BOM,MAA,1029,2,2.0,0.30506621295462594,16,86,B737,1,0.622,0,5,1
15,2,7,BOM,DEL,1160,0,9.3,0.3631883237920345,6,65,ATR72,0,0.3453,0,1,3
1,4,3,DEL,BOM,1118,2,1.5,0.3201478945809446,1,58,B737,1,0.5281,1,0,1
21,0,2,DEL,AMD,840,0,4.2,0.21400970560721852,10,68,A321,0,0.0856,1,6,2
11,5,5,CCU,DEL,1345,0,10.2,0.4667278675824405,5,89,B737,0,0.4367,4,1,1
20,6,11,DEL,CCU,1264,0,9.1,0.42026558120077895,15,50,B777,1,0.5181,1,4,4
20,3,6,DEL,AMD,854,0,7.7,0.24316553738662455,10,36,B777,0,0.4173,1,6,4
11,3,9,BOM,PNQ,122,1,11.2,0.127340629450393,2,84,B777,1,0.6009,0,8,4
4,1,10,PNQ,BOM,162,0,10.6,0.14189527109660247,5,61,B737,0,0.3068,8,0,1
4,6,11,AMD,DEL,927,0,1.6,0.205431058420176,13,31,A321,0,0.2522,6,1,2
1,2,4,DEL,BLR,1775,2,4.3,0.4439710469947162,12,24,B777,1,0.7776,1,2,4
18,0,3,HYD,BLR,485,0,13.3,0.23086498590804863,6,52,ATR72,0,0.4423,3,2,3
3,1,2,HYD,BLR,462,0,7.0,0.179732146395725,15,70,A321,0,0.1219,3,2,2
21,5,2,AMD,DEL,862,0,5.3,0.2622899969994359,13,80,B777,0,0.2049,6,1,4
19,2,9,PNQ,BOM,136,0,2.6,0.11427561007735236,15,24,B777,1,0.5457,8,0,4
2,6,8,MAA,BOM,1038,0,1.4,0.30081652718543445,18,38,A321,0,0.4403,5,0,2
8,1,3,DEL,GOI,1914,0,10.8,0.3599573904339766,5,30,ATR72,1,0.564,1,7,3
0,2,8,HYD,BLR,513,1,6.0,0.2167800173348311,3,26,B737,0,0.5367,3,2,1
23,4,11,HYD,BOM,643,0,13.8,0.2446754164913173,9,62,A320,0,0.2979,3,0,0
12,6,6,DEL,GOI,1859,1,2.6,0.30170753230243097,11,28,A320,1,0.6707,1,7,0
5,6,2,DEL,BLR,1780,0,7.6,0.38581923363908677,20,57,B777,0,0.3043,1,2,4
15,0,3,BOM,BLR,845,0,7.9,0.26849576441985645,8,60,A321,0,0.1074,0,2,2
14,0,9,MAA,BOM,1052,2,12.8,0.33310942784614955,18,30,B777,1,1.0,5,0,4
15,3,5,DEL,AMD,927,1,4.6,0.16595502448478444,1,64,B737,0,0.2664,1,6,1
0,2,8,HYD,BLR,490,0,7.8,0.2075214533836768,8,62,ATR72,0,0.183,3,2,3
14,2,4,HYD,BOM,658,0,2.5,0.24561308213518623,15,73,A321,0,0.1482,3,0,2
23,2,7,GOI,DEL,1919,1,2.1,0.3518305621249259,6,63,A320,0,0.4407,7,1,0
3,1,11,DEL,BLR,1773,0,2.9,0.4121726795687315,13,80,A320,0,0.2149,1,2,0
3,0,12,DEL,BOM,1141,0,6.3,0.3261864669380983,12,55,A321,0,0.1805,1,0,2
21,5,12,DEL,CCU,1283,2,11.6,0.4009207626172576,20,55,ATR72,1,0.9104,1,4,3
18,1,5,BOM,DEL,1128,0,2.4,0.4038651190015915,20,20,A321,1,0.5615,0,1,2
4,1,9,BOM,DEL,1146,2,2.9,0.4190775450783094,4,54,ATR72,1,0.6676,0,1,3
9,0,12,BOM,MAA,987,3,10.1,0.32618710662504097,14,57,A320,1,1.0,0,5,0
23,4,10,DEL,BOM,1164,0,5.1,0.36138770199960296,9,64,ATR72,0,0.1446,1,0,3
4,1,10,AMD,DEL,869,0,6.3,0.20612505793832864,17,43,A321,0,0.2525,6,1,2
1,3,9,PNQ,BOM,102,1,6.8,0.1338598473602393,5,79,A320,0,0.4035,8,0,0
4,0,7,CCU,DEL,1315,1,2.9,0.4236970169943265,14,54,B737,1,0.5195,4,1,1
15,5,12,DEL,CCU,1272,1,1.4,0.453051889759213,18,86,ATR72,1,0.5312,1,4,3
21,6,2,GOI,DEL,1945,0,9.6,0.3357465231211036,7,56,ATR72,0,0.2843,7,1,3
21,6,5,GOI,DEL,1908,3,4.2,0.31231976478316187,20,47,A320,1,0.8749,7,1,0
12,0,4,HYD,BOM,667,0,10.5,0.22846903580091069,15,65,B777,0,0.3414,3,0,4
6,3,7,DEL,AMD,936,1,10.3,0.21510002248370924,5,79,B777,1,0.586,1,6,4
21,6,7,CCU,DEL,1346,0,10.4,0.4451339937579549,6,59,A320,1,0.5281,4,1,0
2,0,9,DEL,AMD,858,0,7.4,0.1881064538588392,20,82,ATR72,0,0.2752,1,6,3
18,6,9,PNQ,BOM,157,0,13.7,0.1533867557325094,10,39,B737,1,0.6814,8,0,1
18,3,4,BOM,BLR,824,1,13.2,0.30175430606957454,7,30,A321,1,0.7407,0,2,2
1,1,6,MAA,BOM,973,1,11.7,0.28616742644635795,10,53,ATR72,1,0.6145,5,0,3
21,2,7,HYD,BOM,611,1,3.9,0.273240693571087,12,61,B737,1,0.4593,3,0,1
8,1,9,BLR,DEL,1756,2,7.5,0.37786201475776104,8,73,B777,1,0.8011,2,1,4
12,6,12,DEL,BLR,1766,1,6.4,0.40603171920258424,10,57,B737,0,0.4124,1,2,1
19,3,4,BOM,BLR,820,0,11.4,0.328302430325249,2,33,A321,1,0.5513,0,2,2
3,1,5,BOM,DEL,1141,0,11.3,0.3820959961603718,20,87,A321,0,0.4528,0,1,2
21,6,11,BOM,DEL,1106,0,12.6,0.3857040669071904,3,37,B777,0,0.4743,0,1,4
6,1,9,HYD,BOM,593,1,3.7,0.2537079152993479,12,57,B777,0,0.4515,3,0,4
11,0,5,BLR,BOM,831,2,9.2,0.31289211851461485,20,35,B777,1,0.7952,2,0,4
19,5,2,BLR,HYD,502,0,2.0,0.14108368656924186,21,60,A320,0,0.3564,2,3,0
9,4,5,CCU,DEL,1313,2,13.1,0.40697613332792293,2,25,B777,1,1.0,4,1,4
7,2,5,AMD,DEL,846,0,1.9,0.23553632525265716,4,74,A320,0,0.2442,6,1,0
7,4,9,CCU,DEL,1283,0,4.6,0.43767962113430664,13,45,B737,0,0.4751,4,1,1
11,1,6,DEL,CCU,1255,3,7.4,0.45598589200933326,2,22,A321,1,1.0,1,4,2
20,6,4,PNQ,BOM,94,2,12.5,0.10660472287201259,17,39,A321,1,1.0,8,0,2
0,6,5,DEL,AMD,857,1,13.0,0.226350670884103,11,28,B777,1,0.7405,1,6,4
2,2,10,BOM,HYD,597,1,11.6,0.2935069136425843,12,27,ATR72,1,0.7174,0,3,3
23,5,1,GOI,DEL,1860,1,9.3,0.3581755280248836,19,25,ATR72,1,0.7433,7,1,3
5,6,5,DEL,BOM,1134,0,13.6,0.3310820514955996,9,65,B737,0,0.3824,1,0,1
16,1,10,BLR,BOM,810,0,6.2,0.2894984475296918,20,56,A321,0,0.2158,2,0,2
20,3,3,BOM,PNQ,169,2,9.4,0.12307715444640488,17,37,ATR72,1,0.9192,0,8,3
23,1,11,BLR,DEL,1759,0,6.6,0.36074102456958246,17,73,A321,0,0.2443,2,1,2
4,2,2,HYD,BOM,619,0,9.9,0.2492204232349414,19,61,B737,0,0.2997,3,0,1
8,2,12,HYD,BOM,651,1,5.9,0.2282630792347139,21,76,ATR72,1,0.5413,3,0,3
4,3,4,BOM,PNQ,79,2,12.0,0.16248432109337033,5,59,A320,1,0.715,0,8,0
14,6,8,BLR,DEL,1761,0,6.7,0.40216741693520286,14,49,A320,0,0.3609,2,1,0
18,3,5,BLR,DEL,1690,0,7.2,0.4214173137385578,17,83,A321,0,0.4186,2,1,2
18,3,12,GOI,DEL,1899,3,13.9,0.35834443102846547,11,78,A320,1,1.0,7,1,0
0,0,3,BOM,PNQ,127,0,3.6,0.1437906585890707,8,81,B737,0,0.1075,0,8,1
22,0,8,BOM,PNQ,132,0,1.6,0.12656148545957188,21,88,B737,0,0.3006,0,8,1
20,5,7,DEL,GOI,1924,0,12.3,0.3723243744516408,3,38,A321,1,0.7189,1,7,2
22,0,1,BOM,BLR,799,0,3.1,0.3191120895869579,7,40,A321,0,0.1976,0,2,2
5,2,6,GOI,DEL,1929,0,2.5,0.32523181054505507,4,52,A321,0,0.2301,7,1,2
4,1,3,BOM,MAA,979,3,1.6,0.27115595902184286,20,23,B737,1,0.9585,0,5,1
2,3,9,DEL,BOM,1190,0,1.7,0.30508564237286767,17,49,ATR72,0,0.322,1,0,3
4,2,11,BOM,PNQ,105,0,6.5,0.13273551689939955,13,81,ATR72,0,0.1531,0,8,3
13,1,4,BOM,DEL,1160,2,7.7,0.34801601330206317,4,23,B737,1,0.6892,0,1,1
4,3,8,BOM,HYD,648,0,3.9,0.23839820779114188,1,86,A320,0,0.1954,0,3,0
22,2,7,DEL,AMD,938,0,8.4,0.1727582369860762,20,37,ATR72,0,0.4391,1,6,3
1,5,2,MAA,BOM,1018,0,13.3,0.2934182190739663,21,52,B777,0,0.4674,5,0,4
3,1,11,BLR,DEL,1747,1,13.9,0.40774426815152764,9,53,B777,1,0.5631,2,1,4
21,3,5,BOM,PNQ,145,1,10.1,0.16875532285897132,15,80,A320,1,0.5675,0,8,0
9,2,11,HYD,BOM,596,0,11.3,0.28972412989411056,3,45,ATR72,0,0.4659,3,0,3
5,2,4,BLR,BOM,889,1,11.3,0.30193684776051205,12,68,A320,1,0.5708,2,0,0
15,1,2,PNQ,BOM,105,2,10.9,0.0901820285954361,14,29,B737,1,0.8861,8,0,1
5,2,4,HYD,BLR,518,0,7.4,0.22173894885969742,10,86,B777,0,0.0887,3,2,4
3,2,1,BLR,HYD,504,0,5.1,0.184125868032509,19,43,A320,0,0.2437,2,3,0
7,6,11,DEL,GOI,1868,1,11.8,0.3676538265183516,12,40,B777,1,0.8671,1,7,4
23,0,4,AMD,DEL,931,1,1.9,0.20338102402474417,21,71,A321,0,0.3814,6,1,2
23,1,7,HYD,BLR,522,1,2.1,0.20973216081020926,6,66,B737,0,0.3839,3,2,1
23,6,3,HYD,BOM,578,1,6.3,0.30222041508488023,7,32,A320,0,0.4409,3,0,0
13,6,1,BOM,MAA,1029,0,5.9,0.29003452494578846,17,55,B777,0,0.266,0,5,4
7,2,3,BLR,BOM,852,2,13.8,0.33219971061285364,4,89,A321,1,0.8829,2,0,2
8,2,7,BOM,HYD,616,0,11.3,0.25302483289956346,3,78,ATR72,1,0.5512,0,3,3
16,3,9,DEL,CCU,1296,1,9.8,0.45290156905699697,11,79,B737,1,0.6312,1,4,1
20,6,8,MAA,BOM,977,0,4.0,0.28402579995975435,15,57,B737,0,0.4636,5,0,1
20,6,12,BLR,DEL,1725,0,12.8,0.4176745002308811,7,85,B737,1,0.5671,2,1,1
0,1,1,BOM,MAA,998,1,12.5,0.3469779944708616,12,67,ATR72,1,0.5888,0,5,3
20,3,4,BOM,MAA,998,1,7.9,0.36664570526653395,12,87,A320,1,0.5467,0,5,0
17,4,10,DEL,BOM,1111,0,10.5,0.3319317066340451,17,36,B777,1,0.6528,1,0,4
12,6,2,DEL,AMD,933,0,5.1,0.234470916671527,12,21,A321,0,0.3438,1,6,2
12,0,7,DEL,GOI,1850,1,12.6,0.31792271556050467,2,81,A320,1,0.6272,1,7,0
22,3,7,DEL,CCU,1332,0,8.2,0.43728494087050324,12,77,B777,0,0.4249,1,4,4
13,0,10,GOI,DEL,1949,2,6.0,0.34849065389609,11,46,A321,1,0.5894,7,1,2
6,2,9,BOM,DEL,1164,0,1.0,0.35233742383267774,8,89,ATR72,0,0.2409,0,1,3
15,1,6,BLR,HYD,495,1,12.0,0.17058335036318029,20,60,A320,1,0.6682,2,3,0
12,4,10,CCU,DEL,1308,2,3.9,0.4559887076361989,17,55,ATR72,1,0.6824,4,1,3
4,3,4,DEL,GOI,1944,1,13.9,0.375995462029741,12,24,A320,1,0.7504,1,7,0
18,5,11,DEL,BLR,1717,1,7.9,0.4213176014208833,8,37,A321,1,0.6385,1,2,2
8,3,12,BOM,HYD,638,0,13.5,0.2680587976987734,19,40,ATR72,1,0.6272,0,3,3
0,5,4,BOM,MAA,970,1,1.9,0.31666382028588,20,72,A321,1,0.4767,0,5,2
14,3,7,GOI,DEL,1898,1,5.3,0.32919324372020564,5,36,A321,0,0.5017,7,1,2
21,5,5,BOM,BLR,820,2,10.5,0.27718516337515936,7,32,ATR72,1,0.8309,0,2,3
18,2,3,BOM,PNQ,95,0,4.8,0.17806627783407442,10,35,ATR72,0,0.3412,0,8,3
1,5,1,GOI,DEL,1936,0,13.6,0.3283961442584125,12,74,A320,0,0.4314,7,1,0
11,0,2,DEL,CCU,1336,0,2.7,0.4579109629866354,16,56,B777,0,0.2832,1,4,4
16,0,3,BOM,HYD,603,3,5.4,0.213061262305161,3,81,B737,1,0.6852,0,3,1
14,0,8,BOM,HYD,652,1,11.7,0.28185787006408247,11,73,B737,1,0.6627,0,3,1
13,4,1,BOM,BLR,833,0,11.4,0.24543847902275848,14,34,B737,0,0.4182,0,2,1
23,1,3,BLR,HYD,502,1,10.7,0.1501300785474642,16,70,ATR72,1,0.5601,2,3,3
4,6,9,DEL,GOI,1850,2,10.0,0.34365457195810944,10,35,ATR72,1,0.8575,1,7,3
2,2,9,BLR,HYD,486,0,4.0,0.18637737735509696,3,35,A320,0,0.2446,2,3,0
16,3,3,MAA,BOM,1032,2,1.9,0.3253398372500076,12,34,A321,1,0.6501,5,0,2
5,0,7,DEL,BOM,1192,1,8.4,0.3951430045371339,16,23,ATR72,1,0.8081,1,0,3
17,3,11,GOI,DEL,1902,1,12.7,0.3127752605394551,13,78,ATR72,1,0.7251,7,1,3
12,1,10,BLR,HYD,454,1,12.8,0.14493519201477678,16,47,ATR72,1,0.558,2,3,3
20,0,9,DEL,GOI,1861,1,3.5,0.31549380821442824,20,35,B777,1,0.7462,1,7,4
18,0,12,BLR,BOM,822,0,4.1,0.34150871955618967,3,41,B777,0,0.3566,2,0,4
11,5,8,DEL,AMD,885,0,5.5,0.20601321417080348,9,74,A321,0,0.2324,1,6,2
15,4,10,HYD,BLR,478,0,6.5,0.14098524995217374,1,29,B737,0,0.2064,3,2,1
10,0,4,CCU,DEL,1337,1,11.6,0.4210545360199842,7,61,ATR72,1,0.5684,4,1,3
10,3,12,PNQ,BOM,101,0,3.6,0.1713786128683064,19,48,B737,0,0.2186,8,0,1
12,0,5,GOI,DEL,1937,2,2.4,0.29140499700831113,13,87,B777,1,0.5666,7,1,4
23,0,1,BOM,PNQ,142,0,1.2,0.18754036461334433,2,62,A320,0,0.125,0,8,0
8,5,3,BLR,BOM,810,0,6.6,0.30354718292690597,19,49,A320,0,0.4214,2,0,0
22,5,1,HYD,BLR,491,0,11.4,0.16739818253114896,10,20,ATR72,0,0.467,3,2,3
12,4,7,DEL,BLR,1714,2,12.4,0.37695315202949314,6,67,ATR72,1,0.8508,1,2,3
4,2,4,DEL,BOM,1183,0,6.0,0.3652192924954136,12,74,B777,0,0.1961,1,0,4
8,6,9,PNQ,BOM,127,1,1.2,0.1704395801533944,12,35,B777,1,0.7382,8,0,4
23,0,5,DEL,GOI,1901,1,9.5,0.38214767723855764,10,68,A321,0,0.4529,1,7,2
7,3,4,DEL,AMD,847,0,1.7,0.21325673186833102,2,30,A321,0,0.3053,1,6,2
16,2,10,HYD,BOM,655,0,6.8,0.2738054510817762,8,64,B777,0,0.1095,3,0,4
11,2,12,GOI,DEL,1907,0,5.1,0.3310641368694316,13,61,B777,0,0.1824,7,1,4
13,5,7,BLR,DEL,1786,0,1.0,0.3896217134720149,6,60,A320,0,0.3058,2,1,0
2,6,4,BLR,BOM,845,0,12.0,0.2786772530752099,6,88,A321,0,0.3615,2,0,2
15,1,7,BOM,PNQ,168,0,3.5,0.10005278436858323,20,26,A320,0,0.44,0,8,0
14,2,3,DEL,BOM,1141,1,5.7,0.3107245034977353,4,30,A320,0,0.3943,1,0,0
4,3,9,DEL,BLR,1699,0,9.3,0.4580753299109908,6,74,B737,0,0.3832,1,2,1
10,6,2,AMD,DEL,873,1,1.1,0.21304763161943557,18,39,ATR72,0,0.5052,6,1,3
13,6,10,DEL,BOM,1157,0,8.1,0.33654230441052607,9,51,B737,0,0.2846,1,0,1
6,0,8,DEL,CCU,1307,0,2.6,0.4116978865194716,12,42,B777,0,0.3847,1,4,4
6,4,3,DEL,BLR,1690,2,3.5,0.39878700121241156,8,34,A320,1,0.6295,1,2,0
19,6,2,BOM,HYD,583,0,12.9,0.21428395504441208,11,84,ATR72,1,0.5357,0,3,3
16,2,11,BOM,BLR,862,0,13.8,0.2850892860404808,17,30,ATR72,1,0.484,0,2,3
21,2,2,BOM,BLR,799,1,3.6,0.3033220283870287,2,41,B777,0,0.3913,0,2,4
0,4,3,HYD,BLR,532,0,5.7,0.16686475055537253,11,84,B737,0,0.1167,3,2,1
3,5,2,BOM,DEL,1114,0,12.5,0.4231953122712308,14,78,A320,0,0.4693,0,1,0
14,2,7,DEL,CCU,1292,0,9.9,0.4299409492867478,17,44,B777,1,0.542,1,4,4
9,2,6,HYD,BOM,604,1,10.1,0.28212256845024997,4,36,A320,1,0.8328,3,0,0
20,5,10,DEL,CCU,1295,1,8.1,0.40012833632293804,20,27,A320,1,0.9101,1,4,0
1,3,9,BLR,HYD,535,0,9.3,0.18884406657754074,18,26,A321,1,0.5255,2,3,2
21,6,3,BOM,PNQ,103,0,11.6,0.15842335497091803,21,53,A320,0,0.4634,0,8,0
18,0,1,BOM,MAA,998,1,11.3,0.3631315126648022,4,33,B737,1,0.7653,0,5,1
22,4,11,DEL,AMD,919,0,12.2,0.20361002225842192,6,81,A320,0,0.2814,1,6,0
16,4,11,BLR,BOM,883,0,5.1,0.33396495200281473,17,77,B777,0,0.2336,2,0,4
12,4,5,BOM,DEL,1098,2,3.2,0.38987176354765823,16,81,A320,1,0.6559,0,1,0
0,3,4,DEL,GOI,1870,2,13.1,0.3089487351259568,9,72,A320,1,0.7236,1,7,0
4,0,4,BLR,BOM,839,1,11.2,0.25513000875942027,8,52,B737,1,0.5021,2,0,1
15,6,3,BOM,BLR,800,0,12.6,0.2715383400692745,4,82,B777,0,0.3586,0,2,4
9,2,8,BOM,BLR,866,2,1.3,0.2880990107749472,13,76,B777,1,0.8152,0,2,4
19,1,10,CCU,DEL,1311,1,11.2,0.3936258454431635,1,86,A321,1,0.7075,4,1,2
3,4,5,BOM,PNQ,129,0,2.6,0.1202400539266203,15,61,B737,0,0.1481,0,8,1
21,6,9,HYD,BLR,473,0,11.5,0.16430393760362225,18,82,A320,0,0.5157,3,2,0
1,5,9,BOM,PNQ,95,0,1.6,0.18389448238513179,3,61,B777,0,0.2736,0,8,4
13,3,4,HYD,BOM,593,0,11.6,0.2236053504112354,13,49,B737,0,0.3394,3,0,1
10,4,10,HYD,BOM,634,1,13.4,0.2543807964972615,17,28,B737,1,0.7518,3,0,1
16,1,11,DEL,AMD,888,0,1.4,0.19546528518150497,21,72,A320,0,0.1782,1,6,0
0,4,2,BOM,MAA,1060,0,10.4,0.3135375226166268,6,70,A320,0,0.3254,0,5,0
13,4,12,GOI,DEL,1893,0,7.4,0.3124987164446353,9,49,A320,0,0.125,7,1,0
0,2,6,PNQ,BOM,116,1,10.1,0.10903190630647126,3,34,B737,1,0.6636,8,0,1
21,0,12,DEL,BLR,1692,0,7.1,0.4425402582986062,21,70,A321,0,0.277,1,2,2
16,2,2,DEL,AMD,875,0,10.5,0.23130554258120165,11,79,B737,0,0.3425,1,6,1
10,3,5,MAA,BOM,1044,1,8.5,0.34399218926131725,21,32,A321,1,0.6076,5,0,2
7,2,1,BOM,DEL,1138,2,10.5,0.33907028969380903,8,51,B737,1,0.8856,0,1,1
12,1,6,PNQ,BOM,117,3,13.4,0.09041621899225,7,25,ATR72,1,1.0,8,0,3
17,4,12,BOM,DEL,1166,2,10.1,0.3799573942928424,6,68,A321,1,0.902,0,1,2
22,6,11,AMD,DEL,852,3,12.6,0.24056898044271013,11,65,B777,1,0.9962,6,1,4
10,1,4,HYD,BLR,523,1,3.5,0.16281240252673365,11,49,A320,0,0.3151,3,2,0
21,0,2,PNQ,BOM,105,1,3.5,0.13457234386234473,19,35,B777,0,0.4738,8,0,4
1,6,3,CCU,DEL,1290,3,10.8,0.45800520489358754,4,31,A320,1,1.0,4,1,0
22,0,9,BOM,PNQ,123,0,12.4,0.16001273470579758,7,46,A321,0,0.414,0,8,2
5,6,1,AMD,DEL,857,0,7.5,0.18795952813996197,6,81,A320,0,0.1252,6,1,0
16,6,9,HYD,BLR,470,2,9.8,0.1936923599408477,21,83,A320,1,0.8275,3,2,0
5,5,7,DEL,BLR,1781,0,7.1,0.42156541560486493,16,35,B777,0,0.4886,1,2,4
17,6,9,BOM,MAA,972,0,6.6,0.27976339218336077,1,43,B737,0,0.4819,0,5,1
0,1,7,DEL,GOI,1923,0,4.9,0.3084327796422939,12,59,B777,0,0.2734,1,7,4
7,6,5,BLR,DEL,1762,0,10.4,0.4402202323166816,8,53,A320,1,0.5761,2,1,0
20,6,9,GOI,DEL,1869,0,5.6,0.29388066839925203,6,60,A321,0,0.4176,7,1,2
16,3,4,HYD,BLR,454,1,13.1,0.19179829683849783,18,89,ATR72,1,0.5767,3,2,3
16,3,9,DEL,AMD,898,0,11.8,0.207691079974488,17,43,A320,1,0.5531,1,6,0
5,5,10,BLR,DEL,1732,0,11.9,0.4128058559028607,15,20,B737,1,0.6151,2,1,1
22,5,3,BLR,BOM,840,1,13.3,0.26293411328470584,16,51,A321,1,0.6552,2,0,2
0,2,11,MAA,BOM,1017,1,2.9,0.25089921614088184,16,87,B737,0,0.4004,5,0,1
18,1,12,BLR,HYD,459,1,8.6,0.21566101550765934,16,51,B777,1,0.6363,2,3,4
15,6,11,MAA,BOM,1038,0,5.4,0.257364926246171,3,88,B737,0,0.1529,5,0,1
9,4,3,BLR,BOM,869,0,13.5,0.290270869401035,9,45,B777,0,0.4661,2,0,4
17,4,2,DEL,AMD,925,1,7.7,0.24818946770953268,12,43,A320,1,0.5693,1,6,0
6,3,8,BOM,PNQ,141,0,7.2,0.1999672306560885,12,44,A320,0,0.35,0,8,0
6,6,11,BOM,BLR,860,0,1.7,0.2466000520650196,2,29,B737,0,0.2986,0,2,1
9,5,1,DEL,BOM,1148,0,7.0,0.3410846689130894,15,83,ATR72,0,0.3864,1,0,3
0,2,1,DEL,AMD,937,1,11.4,0.23150114012767276,10,85,A320,0,0.4926,1,6,0
3,6,9,DEL,BOM,1135,0,11.2,0.37312166522248186,9,47,B737,0,0.4992,1,0,1
6,2,9,GOI,DEL,1869,1,11.8,0.31349523677674557,3,36,A321,1,0.6954,7,1,2
15,5,12,DEL,GOI,1931,0,10.7,0.34195149458548946,10,21,A320,1,0.5368,1,7,0
0,1,9,BLR,DEL,1765,0,9.0,0.3823006870493844,3,86,A321,0,0.3529,2,1,2
3,4,10,MAA,BOM,1023,3,9.6,0.27753904497508536,21,73,ATR72,1,0.911,5,0,3
12,0,3,DEL,GOI,1901,1,1.8,0.3804000740721766,3,76,B777,0,0.3522,1,7,4
19,1,5,BLR,HYD,519,3,12.3,0.1741627204692538,15,43,B777,1,1.0,2,3,4
19,1,10,DEL,AMD,884,0,8.1,0.24309848765087555,6,84,B737,0,0.3472,1,6,1
5,4,1,HYD,BOM,659,0,6.8,0.2900683936809811,18,42,B777,0,0.286,3,0,4
10,5,6,BLR,DEL,1723,0,11.9,0.3542297845331284,12,55,ATR72,1,0.5417,2,1,3
11,6,9,BLR,DEL,1743,0,11.7,0.37836472000542104,19,22,ATR72,1,0.7513,2,1,3
5,0,5,BLR,DEL,1696,1,5.4,0.4223813811288146,6,87,B777,0,0.369,2,1,4
11,6,6,DEL,AMD,860,1,13.0,0.18859254662289093,11,55,B777,1,0.6754,1,6,4
19,6,10,DEL,BOM,1101,0,9.7,0.3031431806480786,11,73,B737,0,0.4713,1,0,1
4,4,7,HYD,BOM,593,0,1.6,0.2918911813672578,1,25,A321,0,0.3668,3,0,2
11,0,4,BOM,MAA,1016,0,6.8,0.3165145855448874,12,74,B737,0,0.1766,0,5,1
19,6,9,HYD,BOM,585,0,8.8,0.25811495315875366,19,23,A321,1,0.7532,3,0,2
10,0,9,BLR,BOM,819,0,9.2,0.33592789585833616,10,46,A321,0,0.3344,2,0,2
7,2,6,AMD,DEL,848,0,12.9,0.18353398140083893,18,31,B737,1,0.6934,6,1,1
0,1,7,DEL,GOI,1851,0,5.7,0.3502952499184747,20,86,A320,0,0.3401,1,7,0
18,3,9,HYD,BLR,532,2,3.2,0.19366930697557386,14,46,A321,1,0.7775,3,2,2
8,3,10,DEL,AMD,867,1,3.6,0.17309169935825958,21,50,ATR72,1,0.5192,1,6,3
4,1,12,BOM,BLR,880,0,13.2,0.3100744778346239,20,20,B777,1,0.574,0,2,4
13,6,9,BOM,MAA,988,0,12.5,0.3405779849995294,7,55,ATR72,1,0.4862,0,5,3
5,1,8,DEL,GOI,1942,0,5.6,0.31944042191180494,21,36,B777,0,0.3978,1,7,4
7,5,7,GOI,DEL,1858,0,8.0,0.3149099537090549,14,66,A320,0,0.476,7,1,0
5,3,11,BOM,DEL,1133,0,1.9,0.33086414003370707,8,49,B777,0,0.1323,0,1,4
2,4,10,AMD,DEL,907,0,1.1,0.19394210881220456,11,79,B737,0,0.1276,6,1,1
12,4,5,BOM,DEL,1120,0,2.0,0.36268434897725144,17,34,A321,0,0.3151,0,1,2
9,4,1,DEL,BLR,1759,0,12.6,0.4447005285621484,11,63,A320,1,0.5779,1,2,0
0,1,3,DEL,BOM,1190,1,12.5,0.3183795138437002,5,29,A320,1,0.6774,1,0,0
9,0,2,AMD,DEL,864,1,12.2,0.22666530100051513,16,31,A321,1,0.8107,6,1,2
4,0,3,HYD,BLR,471,0,6.6,0.16705268861205816,5,45,ATR72,0,0.0668,3,2,3
21,1,2,HYD,BOM,614,1,4.3,0.2919355911875152,12,23,B777,1,0.5168,3,0,4
20,0,10,HYD,BOM,596,3,3.2,0.2499854078562511,18,21,B777,1,1.0,3,0,4
13,5,3,DEL,BLR,1759,0,2.4,0.4019490804914736,20,43,A321,0,0.3808,1,2,2
18,1,5,DEL,BLR,1729,3,3.4,0.3815421216696745,19,44,B737,1,1.0,1,2,1
16,4,4,BOM,DEL,1132,0,9.7,0.3967488271555165,18,83,ATR72,0,0.3587,0,1,3
20,5,2,DEL,CCU,1351,2,4.7,0.4388996012513035,12,53,ATR72,1,0.8256,1,4,3
4,0,8,BLR,HYD,502,2,1.3,0.21879288041598555,14,55,B737,1,0.6375,2,3,1
11,1,7,HYD,BOM,625,0,2.5,0.28841335649565214,13,74,ATR72,0,0.2654,3,0,3
18,4,6,BLR,DEL,1700,0,13.8,0.38592216736138,5,53,A321,1,0.6044,2,1,2
6,3,5,PNQ,BOM,125,0,8.4,0.12966067773872683,10,34,A320,0,0.2719,8,0,0
23,1,2,PNQ,BOM,115,0,7.3,0.1708225199330713,12,55,A320,0,0.1683,8,0,0
9,1,6,GOI,DEL,1873,1,1.6,0.28737638842329316,12,84,A320,1,0.615,7,1,0
5,2,1,DEL,BOM,1138,3,4.1,0.3869157914218248,1,30,B737,1,0.8248,1,0,1
7,0,4,AMD,DEL,889,0,5.4,0.26721213096074,20,44,ATR72,0,0.4269,6,1,3
13,3,6,BOM,PNQ,116,0,6.2,0.13644122712556522,11,84,ATR72,0,0.2546,0,8,3
8,6,12,DEL,AMD,939,0,1.6,0.1513955531523224,6,36,A320,0,0.3306,1,6,0
11,5,8,DEL,AMD,932,0,3.3,0.22418404263883185,5,82,A321,0,0.2397,1,6,2
21,3,5,DEL,BOM,1163,0,4.1,0.3822811178493321,1,63,B777,0,0.1529,1,0,4
17,5,3,BOM,PNQ,114,1,11.6,0.10341724007790709,19,69,B737,1,0.7914,0,8,1
6,1,9,BLR,BOM,817,0,8.2,0.2500311012528801,1,58,B777,0,0.3,2,0,4
23,1,11,DEL,CCU,1321,2,6.8,0.4839517719673849,6,21,ATR72,1,0.7436,1,4,3
4,4,9,DEL,GOI,1853,0,4.7,0.38985727744984366,9,45,A320,0,0.2559,1,7,0
9,5,2,BLR,HYD,517,1,7.8,0.15796940528203088,13,28,B777,1,0.6632,2,3,4
4,4,6,DEL,BLR,1737,0,10.9,0.4323978252475298,13,86,A320,1,0.523,1,2,0
15,0,11,HYD,BOM,624,0,4.0,0.23682048823540183,8,61,B777,0,0.0947,3,0,4
11,2,2,DEL,BOM,1149,2,3.8,0.3069649991072001,6,41,A320,1,0.5928,1,0,0
11,5,9,DEL,AMD,898,0,5.3,0.1851503078239987,6,63,A320,0,0.2241,1,6,0
9,3,5,BLR,DEL,1691,0,13.4,0.3591916580720774,21,79,B737,1,0.5937,2,1,1
20,0,12,HYD,BLR,451,0,11.5,0.17765425310449617,18,45,B777,1,0.5211,3,2,4
17,5,1,BLR,BOM,874,0,5.4,0.33291704663110866,4,54,A320,0,0.3332,2,0,0
7,3,4,HYD,BOM,603,0,6.8,0.22197526250122604,3,31,A320,0,0.3088,3,0,0
21,1,12,DEL,BOM,1103,1,6.6,0.3758536179540302,8,71,ATR72,0,0.3503,1,0,3
11,0,1,PNQ,BOM,143,1,2.9,0.17427698370589184,19,50,A321,0,0.4197,8,0,2
5,1,7,GOI,DEL,1858,1,12.9,0.3313723333753045,4,77,A321,1,0.6325,7,1,2
2,5,7,DEL,GOI,1852,1,5.4,0.33494168095658283,20,64,A320,1,0.584,1,7,0
17,5,11,BOM,BLR,884,0,4.3,0.2842881647841094,12,68,A320,0,0.3637,0,2,0
8,6,11,BLR,HYD,476,0,10.9,0.14627767021937477,7,35,ATR72,0,0.5285,2,3,3
20,2,7,AMD,DEL,855,0,4.7,0.2633074666839829,18,41,B737,0,0.5253,6,1,1
11,1,11,BOM,BLR,847,0,4.9,0.3112492359230514,1,76,B737,0,0.1245,0,2,1
22,1,8,AMD,DEL,869,1,5.7,0.2153014166455755,3,80,B737,0,0.3861,6,1,1
7,2,1,DEL,BOM,1121,0,8.9,0.36676764926214867,6,40,B737,0,0.4667,1,0,1
18,4,10,DEL,CCU,1318,0,8.2,0.43470264729937386,13,44,ATR72,1,0.5439,1,4,3
12,4,10,BLR,HYD,487,0,2.4,0.16517575672362295,12,24,A321,0,0.2661,2,3,2
0,4,2,HYD,BLR,450,0,13.1,0.1754100723662542,5,71,B777,0,0.2702,3,2,4
6,6,8,BLR,HYD,480,0,1.6,0.16658456041482853,18,71,B737,0,0.3166,2,3,1
13,4,6,DEL,BOM,1189,2,5.0,0.35935073929629313,3,43,A321,1,0.7137,1,0,2
12,1,6,BOM,MAA,988,0,1.6,0.3369865356330264,6,55,A321,0,0.2348,0,5,2
14,2,7,BLR,BOM,843,0,13.7,0.34600692554287527,10,23,B777,1,0.5884,2,0,4
18,5,4,BLR,DEL,1703,0,10.6,0.3614362983734549,13,49,ATR72,1,0.5946,2,1,3
3,1,3,BLR,BOM,804,3,7.8,0.26225104484631406,8,54,ATR72,1,0.7049,2,0,3
8,3,11,BOM,MAA,1004,0,13.7,0.27747652906241854,16,58,B737,1,0.561,0,5,1
11,2,6,DEL,AMD,847,1,4.6,0.24192423819415915,18,25,B737,1,0.6468,1,6,1
12,2,12,DEL,CCU,1291,0,3.6,0.46027923363881934,16,73,B737,0,0.2841,1,4,1
7,0,9,DEL,CCU,1345,0,4.1,0.4490485119665424,3,43,A320,0,0.4996,1,4,0
9,1,5,PNQ,BOM,97,2,11.1,0.1078384379774813,20,25,B737,1,1.0,8,0,1
18,0,1,DEL,GOI,1898,3,11.3,0.3750617605039164,18,53,B777,1,1.0,1,7,4
12,2,7,BLR,HYD,458,0,6.8,0.1824320510609053,14,89,A321,0,0.223,2,3,2
19,4,10,DEL,CCU,1307,0,3.2,0.4880855028227259,11,51,A320,0,0.3952,1,4,0
13,6,12,DEL,BLR,1738,0,7.3,0.43633468314423035,4,31,B737,0,0.2945,1,2,1
19,2,10,BLR,HYD,464,3,9.2,0.14547361610062276,12,86,B737,1,0.9582,2,3,1
15,5,1,DEL,GOI,1894,1,4.9,0.3380552270005077,13,79,ATR72,0,0.4352,1,7,3
15,0,2,GOI,DEL,1913,0,8.3,0.284319602562374,21,85,ATR72,0,0.3137,7,1,3
5,5,11,BLR,DEL,1781,0,5.1,0.3749044041982035,16,44,A321,0,0.37,2,1,2
3,3,9,BOM,DEL,1118,1,10.1,0.36136218295403244,3,52,A320,1,0.6445,0,1,0
7,1,3,BOM,DEL,1178,1,9.9,0.38787999120840827,3,71,ATR72,1,0.6052,0,1,3
21,6,2,BLR,DEL,1717,1,12.6,0.3839754567223255,16,64,ATR72,1,0.7036,2,1,3
15,4,10,HYD,BLR,483,0,4.4,0.23223113599154083,20,76,ATR72,0,0.1929,3,2,3
15,5,2,AMD,DEL,933,0,10.4,0.20535259189791438,17,61,B777,0,0.4321,6,1,4
18,1,9,AMD,DEL,846,0,5.4,0.26186811018571915,17,49,B777,0,0.4547,6,1,4
19,5,11,BLR,BOM,876,0,8.8,0.3223831389233518,10,60,B777,0,0.429,2,0,4
23,0,10,BOM,DEL,1153,0,9.7,0.33001047107981435,17,68,A320,0,0.332,0,1,0
9,4,10,DEL,BOM,1139,1,9.0,0.3642660327216418,6,72,B737,1,0.5957,1,0,1
23,2,3,PNQ,BOM,140,3,5.4,0.1613708226481678,12,32,A320,1,0.8345,8,0,0
20,0,3,PNQ,BOM,120,0,8.1,0.11882067543870331,15,58,A321,0,0.3975,8,0,2
9,2,2,CCU,DEL,1295,1,8.3,0.4308622996258295,12,56,ATR72,1,0.6723,4,1,3
19,1,2,BOM,MAA,1053,0,7.4,0.2848889916971548,12,85,B777,0,0.314,0,5,4
2,6,4,BOM,PNQ,87,0,12.0,0.12972714652560144,14,86,B777,0,0.4019,0,8,4
19,0,3,BOM,HYD,668,0,2.0,0.22271011914697778,17,64,B777,0,0.3391,0,3,4
1,6,9,BLR,DEL,1723,2,6.5,0.4357201304858277,17,46,A320,1,0.8243,2,1,0
13,1,12,BOM,BLR,840,0,8.2,0.3137025964123735,12,78,A320,0,0.2755,0,2,0
17,4,10,AMD,DEL,893,0,2.1,0.2581044633509667,17,74,A321,0,0.3532,6,1,2
15,3,4,HYD,BLR,502,0,9.6,0.2181965768158537,7,75,B737,0,0.1873,3,2,1
14,1,7,BLR,BOM,885,1,12.0,0.2590180707420894,12,52,B737,1,0.6536,2,0,1
10,0,3,BLR,DEL,1697,2,8.1,0.39544822988678807,21,74,ATR72,1,0.7582,2,1,3
21,4,1,BOM,DEL,1124,0,8.2,0.4142855906207189,18,46,A321,0,0.3657,0,1,2
18,0,8,BLR,DEL,1695,1,7.0,0.39256597278381133,21,66,ATR72,1,0.707,2,1,3
9,4,7,DEL,CCU,1345,0,7.1,0.44463815423062647,7,71,A320,0,0.4279,1,4,0
2,5,6,PNQ,BOM,105,1,13.5,0.1632054712362569,3,86,B777,1,0.6653,8,0,4
18,0,8,GOI,DEL,1897,2,11.8,0.3217179410236717,15,69,B777,1,1.0,7,1,4
20,5,12,DEL,CCU,1353,1,2.7,0.4306169182366527,12,81,B777,1,0.6222,1,4,4
23,3,5,BOM,MAA,1008,0,6.1,0.30159369061403163,21,52,A320,0,0.2206,0,5,0
4,6,4,AMD,DEL,845,0,13.3,0.18046126682738292,6,43,B737,0,0.3922,6,1,1
5,1,8,BOM,HYD,658,1,1.2,0.25992609860734445,10,28,A320,1,0.554,0,3,0
18,4,6,MAA,BOM,1025,0,12.1,0.34266671733439547,4,39,B777,1,0.6571,5,0,4
5,0,10,GOI,DEL,1867,0,12.0,0.37159764408124835,19,30,B737,0,0.5186,7,1,1
7,6,4,BOM,MAA,1040,0,9.9,0.3131038597930012,16,73,ATR72,1,0.5252,0,5,3
14,5,12,DEL,CCU,1303,0,12.2,0.42301259927101686,13,26,A321,1,0.6192,1,4,2
4,4,1,BOM,HYD,641,0,11.6,0.23467942191041696,12,38,ATR72,0,0.4139,0,3,3
5,2,11,BLR,DEL,1698,3,7.6,0.3551479805693035,18,73,B737,1,0.8421,2,1,1
21,5,3,BOM,MAA,1027,0,8.8,0.33483908567190634,19,73,B737,0,0.3839,0,5,1
9,4,1,DEL,BOM,1143,2,2.9,0.3805421477304979,5,33,B737,1,0.7722,1,0,1
5,3,7,DEL,BLR,1736,0,10.9,0.42102501321559865,19,27,A320,1,0.7184,1,2,0
18,3,9,GOI,DEL,1893,3,2.5,0.351852786704765,5,63,A321,1,0.9907,7,1,2
20,1,7,BLR,HYD,529,2,5.0,0.15419546576309445,13,64,B737,1,0.7617,2,3,1
15,1,11,BOM,DEL,1194,0,7.4,0.36757631164400767,18,85,A320,0,0.247,0,1,0
5,2,11,BLR,BOM,812,0,4.1,0.30375554226322043,6,62,ATR72,0,0.1215,2,0,3
16,4,5,GOI,DEL,1895,0,13.6,0.362772749014768,4,69,A321,0,0.3451,7,1,2
10,3,12,BOM,DEL,1188,0,5.5,0.41081907582838956,9,74,A321,0,0.1643,0,1,2
21,1,9,HYD,BLR,492,0,11.2,0.16236134387289744,4,27,A320,1,0.5149,3,2,0
18,1,2,GOI,DEL,1943,0,10.5,0.35946416780178536,19,45,A320,1,0.5938,7,1,0
1,0,8,GOI,DEL,1941,1,3.9,0.33264046010460835,11,27,A321,1,0.6331,7,1,2
14,4,5,BOM,BLR,888,0,13.0,0.29949654458545105,18,44,A320,0,0.4898,0,2,0
19,4,2,DEL,BLR,1702,0,3.0,0.4359742554405788,11,44,B737,0,0.4444,1,2,1
3,0,12,BOM,MAA,988,1,6.3,0.2930501085805187,11,27,B777,0,0.5172,0,5,4
1,0,6,DEL,BLR,1732,0,4.9,0.4210314218957192,12,50,A321,0,0.3184,1,2,2
12,1,9,CCU,DEL,1331,3,2.9,0.44439316818931884,20,60,ATR72,1,0.9778,4,1,3
16,4,9,MAA,BOM,990,0,4.5,0.3043220740748523,5,29,B737,0,0.3717,5,0,1
4,6,12,AMD,DEL,844,0,11.3,0.20306884273342313,3,79,A321,0,0.3312,6,1,2
19,2,4,DEL,BOM,1104,1,6.3,0.3532664587403624,18,56,ATR72,1,0.5913,1,0,3
5,5,11,GOI,DEL,1906,0,6.7,0.3204998835390143,16,54,A321,0,0.2782,7,1,2
21,1,3,HYD,BOM,629,1,8.2,0.24597604221428387,19,59,A321,0,0.4984,3,0,2
21,0,12,DEL,BLR,1698,0,7.0,0.42225924131298886,20,34,A320,0,0.3389,1,2,0
2,1,11,DEL,GOI,1875,0,8.7,0.3190905749576678,11,36,B777,0,0.3476,1,7,4
13,5,12,BLR,BOM,865,2,10.8,0.29723992894831985,15,76,B737,1,0.8189,2,0,1
3,2,8,AMD,DEL,917,2,9.1,0.2269848308921753,3,50,A320,1,0.6908,6,1,0
19,1,12,CCU,DEL,1310,0,10.3,0.4314485439414681,11,24,B777,1,0.7226,4,1,4
15,3,5,DEL,AMD,867,2,1.5,0.22929581560602147,8,67,A321,0,0.4917,1,6,2
18,2,1,DEL,BOM,1105,0,4.5,0.3994133074705895,16,31,A320,0,0.4798,1,0,0
12,2,2,GOI,DEL,1943,0,10.7,0.30181702445233144,2,24,ATR72,0,0.4707,7,1,3
16,1,7,HYD,BLR,479,1,2.9,0.16050090486240798,12,44,B777,1,0.4842,3,2,4
17,3,11,BOM,HYD,638,1,5.6,0.29210491764082797,2,55,B777,0,0.4668,0,3,4
14,2,11,MAA,BOM,968,1,7.2,0.31987535629219077,6,55,A320,0,0.328,5,0,0
2,6,2,MAA,BOM,987,2,11.1,0.28644471210781586,2,31,B777,1,0.8346,5,0,4
15,2,5,BLR,HYD,547,0,3.5,0.16248409931564783,6,63,A321,0,0.065,2,3,2
0,1,9,BOM,MAA,1044,2,5.4,0.2749712450427313,8,52,ATR72,1,0.61,0,5,3
2,6,11,MAA,BOM,1001,2,9.8,0.3001224974533147,19,63,ATR72,1,0.77,5,0,3
1,1,11,AMD,DEL,896,2,10.6,0.2410513970034003,19,71,B737,1,0.7964,6,1,1
20,1,11,DEL,GOI,1857,2,10.3,0.3326634387226309,15,71,A320,1,0.9331,1,7,0
3,2,7,DEL,BLR,1716,0,6.6,0.397582452514739,11,34,ATR72,0,0.379,1,2,3
6,4,9,GOI,DEL,1903,1,7.3,0.3643403429833169,18,63,A320,1,0.5457,7,1,0
8,1,10,BLR,HYD,451,2,5.1,0.2258702935543944,7,31,A321,1,0.7103,2,3,2
6,5,7,BLR,HYD,477,0,1.2,0.2219157192855054,14,66,B777,0,0.2888,2,3,4
14,5,9,BOM,PNQ,79,0,12.7,0.1890867526003275,7,62,A321,0,0.4756,0,8,2
15,1,6,BOM,HYD,627,0,8.1,0.26249925175434624,16,89,A320,0,0.405,0,3,0
5,3,9,BLR,DEL,1773,3,6.4,0.38768164245148024,2,82,B737,1,0.8551,2,1,1
0,5,11,BOM,DEL,1164,1,10.1,0.3326064892572765,17,68,ATR72,1,0.683,0,1,3
10,2,10,DEL,GOI,1915,2,11.6,0.3258898915594351,7,75,ATR72,1,0.7304,1,7,3
6,3,1,DEL,BLR,1780,2,3.1,0.44669934661531185,9,29,A320,1,0.7287,1,2,0
15,0,5,BOM,HYD,604,0,8.9,0.26297061516628195,18,40,B777,0,0.3752,0,3,4
15,3,4,MAA,BOM,992,0,5.6,0.2879226507903182,18,84,ATR72,0,0.2152,5,0,3
19,5,3,DEL,AMD,871,0,3.9,0.1807442167277824,13,85,A321,0,0.3223,1,6,2
14,5,3,BOM,DEL,1197,0,2.0,0.3632969108390973,14,30,A320,0,0.3153,0,1,0
2,4,2,DEL,BOM,1169,0,3.8,0.3382455381786971,4,51,B737,0,0.1353,1,0,1
8,2,1,CCU,DEL,1268,1,12.2,0.41618440900789383,10,55,A320,1,0.7165,4,1,0
18,5,6,HYD,BOM,649,2,1.5,0.2534721025958114,14,88,B777,1,0.8514,3,0,4
12,0,12,BOM,DEL,1100,0,4.3,0.33463228250117816,6,31,B737,0,0.2039,0,1,1
6,0,8,HYD,BLR,516,0,3.8,0.17934969810869275,15,84,B737,0,0.2217,3,2,1
3,3,5,BLR,HYD,481,2,4.2,0.192997095682949,14,66,ATR72,1,0.5272,2,3,3
6,1,3,BOM,PNQ,133,1,13.5,0.10799206050890442,16,33,B777,1,0.6632,0,8,4
12,5,11,CCU,DEL,1311,1,13.7,0.4561345698337073,3,20,ATR72,1,0.7825,4,1,3
2,1,6,GOI,DEL,1851,2,1.5,0.3662775609212787,10,78,A321,1,0.6465,7,1,2
9,5,1,BOM,PNQ,125,0,10.6,0.15959606345117608,16,62,B777,1,0.6138,0,8,4
21,1,6,DEL,BOM,1158,0,6.2,0.3164199003025255,20,65,B777,0,0.3266,1,0,4
21,0,9,PNQ,BOM,95,0,7.3,0.11056269268601901,18,29,ATR72,0,0.4442,8,0,3
21,0,10,DEL,AMD,922,0,5.1,0.20668605333081277,11,65,A320,0,0.1327,1,6,0
20,2,6,DEL,GOI,1904,0,6.4,0.3628213049852017,7,70,B777,0,0.3951,1,7,4
3,0,1,BOM,PNQ,132,2,8.3,0.15954824345147395,3,75,ATR72,1,0.6138,0,8,3
9,5,3,BOM,MAA,1000,2,5.7,0.31038843095325286,21,20,ATR72,1,0.9742,0,5,3
23,6,3,DEL,AMD,881,1,10.2,0.21293809950402376,12,83,B737,1,0.5852,1,6,1
16,1,2,DEL,BOM,1182,0,14.0,0.3462951167807123,19,67,B737,0,0.4385,1,0,1
3,4,5,BOM,BLR,830,0,6.7,0.2665350821684255,20,44,ATR72,0,0.2766,0,2,3
13,4,7,DEL,GOI,1923,2,2.6,0.3673098473888958,7,47,B737,1,0.6469,1,7,1
5,3,8,BOM,HYD,661,1,10.2,0.24421603867182728,14,56,A321,1,0.6477,0,3,2
16,0,7,DEL,AMD,889,0,3.2,0.17944812207915933,7,76,ATR72,0,0.1718,1,6,3
12,3,6,BOM,MAA,992,1,2.4,0.28326531696301976,13,88,A321,0,0.4633,0,5,2
17,2,3,AMD,DEL,841,0,11.7,0.23606954911783712,1,61,A321,0,0.4444,6,1,2
19,4,8,MAA,BOM,966,0,4.2,0.28965254012550906,19,41,A321,1,0.5359,5,0,2
6,6,12,BOM,BLR,795,0,10.3,0.2980274198535764,17,70,ATR72,0,0.4692,0,2,3
7,2,9,HYD,BOM,594,2,3.6,0.2559424429316304,1,65,B777,1,0.7524,3,0,4
21,2,11,PNQ,BOM,90,1,13.8,0.14999664184262687,10,47,B777,1,0.51,8,0,4
7,4,2,BOM,PNQ,127,0,10.3,0.12153271447262284,14,55,ATR72,0,0.4986,0,8,3
9,0,7,GOI,DEL,1863,0,9.9,0.3345816523946785,19,23,A320,1,0.7338,7,1,0
0,6,1,DEL,BOM,1197,1,2.4,0.3631583989515992,11,74,ATR72,0,0.4453,1,0,3
12,1,4,MAA,BOM,1008,1,10.5,0.2567144452027526,20,53,B737,1,0.6027,5,0,1
5,5,4,MAA,BOM,1020,1,3.1,0.3286976672228419,12,45,ATR72,0,0.4315,5,0,3
1,0,8,AMD,DEL,911,2,9.6,0.25702783932967954,11,38,A321,1,0.8228,6,1,2
15,1,1,BOM,MAA,965,1,7.4,0.325669877332455,7,47,A321,0,0.3303,0,5,2
11,1,7,HYD,BOM,666,2,8.9,0.29751865160668955,4,50,A321,1,0.719,3,0,2
13,5,6,DEL,BLR,1712,3,11.3,0.4170843934826737,9,50,B777,1,1.0,1,2,4
18,1,6,BOM,HYD,630,1,2.0,0.2161727756989369,14,73,B777,1,0.5865,0,3,4
12,1,6,HYD,BOM,641,0,12.2,0.2868373405985391,8,83,A321,0,0.4147,3,0,2
18,4,5,BOM,HYD,608,0,2.9,0.21990940114070184,20,41,B777,0,0.408,0,3,4
8,4,8,BOM,BLR,861,0,9.6,0.2483794168906116,18,60,B777,1,0.5494,0,2,4
1,2,11,DEL,AMD,934,2,13.4,0.18982737915104253,2,67,B777,1,0.6759,1,6,4
18,3,3,BOM,PNQ,152,0,9.2,0.15463323544680146,4,20,A320,1,0.5119,0,8,0
8,1,11,DEL,BLR,1727,1,1.7,0.3898425667071703,1,34,B737,1,0.5759,1,2,1
15,6,3,PNQ,BOM,167,0,12.2,0.15288457539619554,3,68,B777,0,0.3612,8,0,4
4,2,8,DEL,BLR,1736,2,12.7,0.44301526896388776,1,87,B737,1,0.8772,1,2,1
22,2,3,BLR,HYD,481,0,10.6,0.18919271309374522,8,61,A320,0,0.2757,2,3,0
23,0,4,BLR,HYD,525,0,11.9,0.22475145233587435,1,55,B737,0,0.2899,2,3,1
17,0,12,HYD,BLR,509,0,6.9,0.16538047200856265,5,46,ATR72,0,0.2162,3,2,3
18,5,6,BOM,HYD,651,0,4.6,0.22343948858335477,8,88,B777,0,0.3894,0,3,4
1,5,1,BOM,HYD,644,0,10.0,0.22607986352623496,12,29,ATR72,0,0.4404,0,3,3
19,4,8,BOM,DEL,1129,2,2.2,0.42553280368375246,10,43,ATR72,1,0.8902,0,1,3
3,0,3,BOM,PNQ,83,0,12.1,0.11781380568247046,16,31,B737,0,0.4671,0,8,1
15,1,3,BLR,BOM,847,0,10.3,0.2650688639903579,19,38,A321,0,0.476,2,0,2
2,4,7,HYD,BLR,534,0,12.8,0.1991524604471163,14,79,A321,0,0.4297,3,2,2
13,5,7,DEL,GOI,1857,2,7.8,0.38453659010216,9,54,B777,1,0.7038,1,7,4
17,4,10,PNQ,BOM,134,1,5.9,0.15604019988099116,5,58,B777,0,0.4624,8,0,4
5,6,3,CCU,DEL,1345,0,8.4,0.4633964146338627,2,44,B737,0,0.4054,4,1,1
9,6,1,GOI,DEL,1917,0,12.7,0.3282123477189113,4,29,B777,1,0.6813,7,1,4
20,2,6,DEL,BLR,1748,0,7.6,0.4218742680507229,6,33,A321,0,0.4887,1,2,2
18,3,5,DEL,BLR,1768,2,8.9,0.4583747961179493,21,67,A321,1,0.9333,1,2,2
23,3,11,GOI,DEL,1923,0,3.6,0.2901194604231171,6,59,B737,0,0.116,7,1,1
22,3,11,BOM,PNQ,121,0,3.4,0.14147918381674138,12,50,A321,0,0.1566,0,8,2
2,1,2,DEL,BOM,1129,0,10.9,0.35097755500035493,7,40,B737,0,0.4104,1,0,1
9,5,10,HYD,BLR,535,3,5.2,0.21650510965364445,8,87,A321,1,0.8866,3,2,2
7,6,1,HYD,BLR,462,1,2.1,0.17615519743931068,12,51,A321,0,0.5205,3,2,2
17,3,4,DEL,AMD,936,0,13.6,0.20159672903030734,3,51,B737,0,0.4306,1,6,1
15,2,8,AMD,DEL,895,3,6.3,0.20959036304645812,18,21,B737,1,1.0,6,1,1
16,5,8,HYD,BLR,542,0,5.6,0.22919071760071544,2,83,ATR72,0,0.2417,3,2,3
14,4,6,DEL,CCU,1297,1,11.6,0.4189600920041042,12,54,B737,1,0.7176,1,4,1
20,5,12,BOM,DEL,1107,2,11.1,0.34523564823200203,11,45,A321,1,0.9881,0,1,2
9,0,7,BLR,BOM,812,1,9.4,0.29007736153695907,15,89,A320,1,0.716,2,0,0
2,0,2,DEL,BLR,1756,0,5.2,0.37076138833402683,8,68,A321,0,0.1483,1,2,2
3,1,4,DEL,CCU,1339,0,5.8,0.4724979062134984,9,49,A320,0,0.189,1,4,0
12,3,10,MAA,BOM,981,0,10.4,0.34670869699568235,3,37,A321,0,0.4087,5,0,2
2,5,8,DEL,BOM,1186,1,10.5,0.31786909501652794,18,41,A320,1,0.8471,1,0,0
22,2,7,CCU,DEL,1258,2,1.7,0.45173755176047126,17,88,B777,1,0.7807,4,1,4
15,4,10,DEL,BOM,1144,0,12.0,0.3775984949660947,17,50,B777,0,0.451,1,0,4
2,2,2,BLR,BOM,852,1,2.3,0.32983153660750575,18,57,B777,0,0.4319,2,0,4
16,4,3,CCU,DEL,1338,3,1.5,0.45220070448585215,7,63,A320,1,0.7809,4,1,0
16,0,7,HYD,BLR,539,0,2.4,0.15498165729697605,10,61,B777,0,0.162,3,2,4
15,3,1,CCU,DEL,1281,1,1.7,0.40566667446736565,15,47,B737,0,0.4123,4,1,1
3,0,6,HYD,BLR,531,1,11.0,0.19925299196692933,19,54,ATR72,1,0.6797,3,2,3
17,3,9,PNQ,BOM,107,1,7.0,0.1832300832472163,17,88,A320,1,0.6733,8,0,0
1,2,9,PNQ,BOM,132,1,14.0,0.10550615087922607,6,30,B777,1,0.6622,8,0,4
17,0,3,HYD,BLR,470,0,4.8,0.21478880846685725,18,81,ATR72,0,0.3359,3,2,3
13,5,2,BOM,BLR,818,0,8.9,0.3067079322111492,10,39,B777,0,0.3427,0,2,4
4,2,11,HYD,BLR,528,1,12.6,0.233810579232328,1,63,B777,1,0.4935,3,2,4
0,2,4,BOM,BLR,856,1,7.1,0.240425241488343,19,78,B777,0,0.3962,0,2,4
5,2,11,BLR,BOM,848,0,11.8,0.34894324882607475,11,73,A321,0,0.3896,2,0,2
23,2,8,HYD,BOM,645,1,3.7,0.2793577775119946,1,78,A320,0,0.4117,3,0,0
21,6,4,BOM,BLR,841,0,5.7,0.23397222144909416,13,58,A321,0,0.1936,0,2,2
10,2,5,HYD,BOM,662,2,4.9,0.3132256697962139,10,35,A321,1,0.5953,3,0,2
12,6,10,PNQ,BOM,169,0,6.2,0.1847050297925638,17,68,A321,0,0.2739,8,0,2
7,1,10,BOM,PNQ,119,3,6.6,0.1032432638591473,12,46,A320,1,0.8913,0,8,0
5,1,4,BOM,BLR,836,0,11.4,0.23894146535433156,5,73,A321,0,0.2956,0,2,2
23,0,6,BOM,HYD,649,0,11.5,0.23772270648580293,13,59,A321,0,0.4451,0,3,2
19,1,5,BLR,DEL,1711,1,1.7,0.39921775713402674,1,77,B737,0,0.5097,2,1,1
13,2,9,DEL,AMD,885,0,8.2,0.23117185558967876,8,38,ATR72,0,0.3625,1,6,3
11,5,2,BLR,HYD,538,0,9.1,0.21573645574705202,19,83,A320,0,0.3363,2,3,0
19,2,7,AMD,DEL,864,1,8.5,0.17544766390380187,15,40,B777,1,0.7402,6,1,4
10,5,1,PNQ,BOM,84,1,2.1,0.1653616465875767,8,63,B777,0,0.3661,8,0,4
16,4,12,GOI,DEL,1888,0,5.6,0.28166188108913204,21,77,B777,0,0.2127,7,1,4
17,6,8,DEL,CCU,1285,1,13.4,0.4806543410299948,4,34,B737,1,0.9623,1,4,1
13,5,1,BLR,DEL,1739,0,4.5,0.38740917439547484,21,76,A321,0,0.305,2,1,2
18,0,2,DEL,BOM,1151,3,10.5,0.3539953549121662,5,48,ATR72,1,1.0,1,0,3
20,2,11,BOM,BLR,846,1,10.2,0.25901349476065616,6,74,A321,1,0.6536,0,2,2
11,0,9,AMD,DEL,894,1,6.4,0.25329237540989186,15,33,A321,0,0.5213,6,1,2
12,3,12,HYD,BOM,634,0,13.9,0.31171646706460177,20,86,B777,0,0.4247,3,0,4
23,0,11,PNQ,BOM,158,2,6.6,0.15943108800335962,12,41,B737,1,0.6338,8,0,1
7,1,5,HYD,BLR,477,0,3.5,0.15756500201910312,17,25,ATR72,1,0.463,3,2,3
11,3,10,MAA,BOM,998,1,13.1,0.26857384738754775,21,33,A320,1,0.6774,5,0,0
14,2,2,GOI,DEL,1942,2,9.8,0.37368484810925506,1,69,A320,1,0.6495,7,1,0
2,2,3,BLR,DEL,1711,0,1.3,0.43446219506181694,20,50,B777,0,0.2738,2,1,4
10,5,6,BLR,HYD,467,0,1.9,0.2153818814266004,12,31,B777,0,0.3562,2,3,4
11,5,5,HYD,BLR,517,0,10.7,0.21127854307878652,15,69,B737,0,0.3845,3,2,1
18,5,11,HYD,BLR,520,0,9.5,0.2104501231748052,18,55,A320,1,0.4842,3,2,0
0,6,8,PNQ,BOM,138,0,4.6,0.10103175227671266,8,85,B777,0,0.2404,8,0,4
6,1,1,BOM,DEL,1146,0,1.5,0.3555644631865808,17,73,B777,0,0.2422,0,1,4
4,1,1,DEL,CCU,1285,1,9.4,0.406076419003059,1,72,B737,0,0.4624,1,4,1
20,4,11,BLR,BOM,892,1,12.4,0.33317292113006397,3,25,ATR72,1,0.8333,2,0,3
6,5,12,BOM,HYD,650,3,11.1,0.2367355103456227,2,37,B737,1,1.0,0,3,1
18,2,8,DEL,CCU,1288,3,13.4,0.4707317072024304,19,89,A320,1,1.0,1,4,0
13,0,5,BOM,PNQ,71,1,9.0,0.15124925643923348,6,36,A320,0,0.4805,0,8,0
3,4,9,BLR,DEL,1775,0,12.3,0.3923694314560772,17,52,B777,1,0.5569,2,1,4
16,5,1,PNQ,BOM,119,0,13.8,0.12670455674334224,19,70,B737,0,0.4507,8,0,1
3,3,2,BLR,BOM,806,2,9.3,0.2845652108642658,15,72,A320,1,0.6638,2,0,0
21,6,7,BLR,HYD,543,1,10.5,0.13444790315466806,20,73,B777,1,0.7038,2,3,4
6,4,10,DEL,BOM,1193,0,10.0,0.3209461497374961,4,40,B777,0,0.2984,1,0,4
2,3,1,BOM,PNQ,163,0,10.7,0.14702144117247984,9,59,B737,0,0.3088,0,8,1
18,0,4,GOI,DEL,1871,3,9.0,0.3289763669145742,8,26,B777,1,1.0,7,1,4
10,5,3,BOM,HYD,594,0,5.6,0.21867470419402987,14,23,B737,0,0.3375,0,3,1
0,0,7,BOM,MAA,1042,0,13.9,0.2824435899410911,21,86,A321,1,0.513,0,5,2
11,0,11,MAA,BOM,1004,0,8.2,0.29235444891450807,4,35,A321,0,0.2869,5,0,2
10,2,3,HYD,BOM,629,2,8.6,0.22638636596257725,4,78,ATR72,1,0.5906,3,0,3
14,4,7,DEL,BLR,1733,0,7.4,0.3848959284505534,5,40,A320,0,0.324,1,2,0
10,6,6,BOM,PNQ,103,1,13.3,0.10939408456229278,15,62,A321,1,0.6938,0,8,2
3,6,2,PNQ,BOM,140,2,4.2,0.11247816350900593,10,81,A320,1,0.545,8,0,0
0,0,2,GOI,DEL,1936,0,5.2,0.35132392335545487,14,84,ATR72,0,0.1905,7,1,3
21,3,3,BOM,PNQ,73,2,9.4,0.12209156865639108,9,38,A320,1,0.6688,0,8,0
4,3,3,MAA,BOM,1030,0,10.1,0.2677819353735311,3,72,A321,0,0.3071,5,0,2
7,5,1,BLR,BOM,827,2,10.3,0.31323996294111817,19,80,ATR72,1,1.0,2,0,3
9,1,7,BOM,DEL,1169,0,9.8,0.40920911458456094,20,55,A320,1,0.6137,0,1,0
13,0,10,DEL,CCU,1321,2,6.2,0.455228950874916,9,33,A320,1,0.6521,1,4,0
10,0,5,BOM,DEL,1172,2,8.1,0.422446952931012,16,86,B737,1,0.769,0,1,1
21,3,1,HYD,BOM,596,0,9.1,0.22129507176129798,17,49,B777,0,0.2885,3,0,4
11,5,9,DEL,BLR,1737,0,12.7,0.43227275076878896,8,86,A321,1,0.5229,1,2,2
15,5,9,DEL,BOM,1140,0,2.5,0.3336773806090628,12,54,A321,0,0.3335,1,0,2
15,0,3,CCU,DEL,1315,3,1.4,0.47124430741568735,3,43,B737,1,0.8585,4,1,1
18,0,9,DEL,CCU,1314,0,9.3,0.4097958594214588,4,50,A321,1,0.5139,1,4,2
5,0,2,BLR,HYD,481,1,2.3,0.1604748573471292,19,82,B737,0,0.3642,2,3,1
10,1,2,PNQ,BOM,130,0,7.9,0.10845846670270787,5,21,ATR72,0,0.2434,8,0,3
19,2,11,BLR,DEL,1704,0,9.1,0.4101523466528148,14,37,A321,1,0.5341,2,1,2
23,5,6,BLR,DEL,1709,0,2.6,0.35128063016512495,14,73,A320,0,0.3405,2,1,0
20,4,10,BLR,BOM,807,0,9.5,0.2856622299191314,13,41,ATR72,1,0.4843,2,0,3
6,5,5,DEL,CCU,1309,0,5.4,0.4769426919047135,3,39,A321,0,0.3108,1,4,2
19,2,12,DEL,BLR,1707,3,6.8,0.4070649328660436,20,88,A320,1,1.0,1,2,0
17,4,6,BOM,HYD,642,2,1.1,0.23925552789246637,17,45,A321,1,0.8457,0,3,2
13,1,10,BOM,BLR,892,1,4.5,0.3257614917610755,1,51,B777,0,0.3303,0,2,4
1,0,7,AMD,DEL,918,1,2.5,0.22377865341249803,10,58,B777,0,0.3895,6,1,4
4,4,6,DEL,CCU,1316,1,1.4,0.42475686999316464,16,56,A321,1,0.5699,1,4,2
20,6,10,DEL,CCU,1279,0,13.3,0.4704682936034163,21,52,B737,1,0.6882,1,4,1
1,6,12,DEL,AMD,905,0,1.9,0.16364497539954362,3,22,B737,0,0.2655,1,6,1
4,3,3,DEL,AMD,858,1,2.3,0.2177118336370819,7,86,ATR72,0,0.2871,1,6,3
1,1,5,HYD,BOM,587,0,5.1,0.22780748904752082,17,71,ATR72,0,0.1911,3,0,3
11,0,1,DEL,BOM,1192,0,1.1,0.3107832848993415,20,33,B737,0,0.2943,1,0,1
2,2,1,BLR,HYD,540,1,9.0,0.13801922890396892,13,83,A320,0,0.4052,2,3,0
16,3,6,GOI,DEL,1856,1,13.3,0.34517164375819664,11,29,A320,1,0.8381,7,1,0
23,2,7,BOM,MAA,1012,2,10.8,0.3544702209389984,14,33,A320,1,0.9618,0,5,0
19,3,10,DEL,BOM,1134,0,8.2,0.33529294759955625,11,41,B777,1,0.5041,1,0,4
14,3,1,BOM,PNQ,90,0,5.9,0.15367671339786304,8,86,ATR72,0,0.1115,0,8,3
6,1,11,HYD,BLR,472,1,2.9,0.16456610565787305,6,61,ATR72,0,0.2658,3,2,3
15,1,11,BOM,PNQ,71,1,4.5,0.1970807044642694,13,69,B737,0,0.3788,0,8,1
15,3,12,HYD,BOM,595,2,10.3,0.23813921334962934,7,54,ATR72,1,0.6953,3,0,3
11,0,6,DEL,GOI,1850,0,9.0,0.3667556492068033,11,22,B777,1,0.5467,1,7,4
9,6,4,BOM,PNQ,156,0,11.2,0.1736601320985621,20,61,ATR72,1,0.6195,0,8,3
11,0,5,BOM,PNQ,167,0,4.2,0.10222887673132419,1,89,B777,0,0.0909,0,8,4
8,3,7,BOM,DEL,1179,2,10.6,0.3923043802144063,20,21,B777,1,1.0,0,1,4
20,2,6,HYD,BLR,530,0,12.2,0.23429454678407757,6,45,ATR72,1,0.5437,3,2,3
1,1,8,BOM,BLR,846,0,7.4,0.3143497345991177,15,56,B777,0,0.2757,0,2,4
5,3,5,MAA,BOM,993,1,10.2,0.328827269780152,14,56,A321,1,0.5815,5,0,2
19,6,3,BOM,MAA,1020,2,3.2,0.34065214635992913,8,72,A320,1,0.7363,0,5,0
11,3,4,AMD,DEL,883,2,4.3,0.24639374854271517,15,21,B777,1,0.6986,6,1,4
0,6,11,BLR,DEL,1702,2,1.9,0.3916274797225546,1,33,B777,1,0.6767,2,1,4
2,0,11,DEL,BLR,1731,0,1.8,0.4187305853826209,18,29,ATR72,0,0.4175,1,2,3
13,2,3,BLR,HYD,459,1,11.9,0.14100786028621376,11,72,ATR72,1,0.5064,2,3,3
22,4,12,CCU,DEL,1330,0,1.0,0.41243351379981386,4,42,B737,0,0.235,4,1,1
13,6,5,BOM,PNQ,155,2,13.3,0.18298759978361526,6,85,A320,1,0.7732,0,8,0
9,4,3,BLR,DEL,1745,1,11.5,0.35922806475919,7,73,B737,1,0.6937,2,1,1
7,3,5,MAA,BOM,1019,2,11.1,0.31564214709155064,12,47,A320,1,0.9263,5,0,0
16,6,4,BOM,HYD,608,2,9.3,0.26562265121106543,20,88,B737,1,0.7562,0,3,1
19,6,4,DEL,AMD,911,0,2.2,0.21954148114544753,20,72,A320,0,0.3878,1,6,0
17,1,3,BOM,HYD,667,2,5.8,0.20640031091417402,14,46,A320,1,0.6826,0,3,0
3,1,6,BLR,DEL,1767,0,8.7,0.4302030987523232,5,65,A320,0,0.3721,2,1,0
0,3,9,DEL,BOM,1126,0,8.5,0.30193802699929795,20,82,B737,0,0.4208,1,0,1
23,5,4,DEL,CCU,1328,1,13.6,0.44687867351010907,4,70,B737,1,0.6288,1,4,1
8,0,11,BLR,BOM,799,2,10.0,0.27369908306216406,8,72,A321,1,0.7595,2,0,2
22,4,3,DEL,BLR,1755,1,12.1,0.41050557645474894,7,70,A320,1,0.5642,1,2,0
16,4,6,DEL,BOM,1140,3,8.5,0.3175240019609534,14,21,B737,1,1.0,1,0,1
22,4,3,DEL,BLR,1759,1,12.8,0.39276678389694886,3,30,A320,1,0.6271,1,2,0
17,6,10,DEL,AMD,865,2,13.0,0.21070372426864614,10,76,A320,1,0.8843,1,6,0
23,6,3,BLR,DEL,1784,0,12.2,0.43361342170843764,1,51,ATR72,0,0.4234,2,1,3
17,0,7,BLR,BOM,808,2,8.4,0.298790518057277,5,57,B737,1,0.8695,2,0,1
15,0,8,DEL,BLR,1786,0,2.4,0.3857878521512047,5,78,ATR72,0,0.2543,1,2,3
16,2,7,HYD,BLR,483,0,9.3,0.20410022903764452,4,31,B777,0,0.3516,3,2,4
10,6,10,BLR,HYD,532,0,13.5,0.18203397506998398,14,41,A321,0,0.4428,2,3,2
4,3,3,PNQ,BOM,151,0,7.0,0.17535512337364112,10,48,A321,0,0.1201,8,0,2
4,6,11,BLR,HYD,544,1,2.3,0.2239159835686364,1,53,B777,0,0.3396,2,3,4
5,0,2,CCU,DEL,1279,0,12.8,0.384656857080698,16,85,B777,0,0.4539,4,1,4
9,2,11,DEL,BLR,1783,0,11.1,0.4449349264679488,14,55,A321,1,0.578,1,2,2
10,4,8,HYD,BLR,490,0,11.0,0.20995035054339523,9,85,A320,0,0.384,3,2,0
14,6,8,BOM,DEL,1128,0,2.8,0.34366246551447605,12,73,B777,0,0.3375,0,1,4
5,4,1,BOM,DEL,1174,1,13.0,0.37120882086410434,17,44,B737,1,0.7185,0,1,1
8,6,3,BOM,HYD,617,0,7.2,0.24015100384781526,6,52,A321,0,0.2961,0,3,2
5,3,8,DEL,GOI,1903,0,4.5,0.3669155262353604,1,63,B737,0,0.2468,1,7,1
21,2,7,BOM,BLR,801,2,13.2,0.2690717816492465,18,66,B737,1,0.9076,0,2,1
11,0,1,BLR,HYD,466,2,13.5,0.15364213484909428,11,24,A321,1,0.8615,2,3,2
22,3,7,GOI,DEL,1895,0,2.7,0.2931989023555081,16,42,B737,0,0.3873,7,1,1
0,1,9,GOI,DEL,1881,0,7.0,0.3105659935907729,19,22,ATR72,0,0.4742,7,1,3
16,5,12,BOM,MAA,1008,1,8.8,0.2778134583787014,2,73,B737,0,0.4611,0,5,1
15,3,2,DEL,GOI,1877,0,6.1,0.36386366072047266,15,64,B777,0,0.1955,1,7,4
15,2,11,DEL,BLR,1775,1,11.4,0.3896291011307731,2,76,A320,1,0.5559,1,2,0
15,3,6,HYD,BOM,620,0,11.4,0.31784965970525436,15,58,ATR72,0,0.4771,3,0,3
6,3,1,DEL,CCU,1269,1,7.5,0.47877450940682964,17,44,A320,1,0.5615,1,4,0
20,1,3,PNQ,BOM,87,1,12.6,0.17906916322204158,7,31,A320,1,0.7416,8,0,0
1,3,1,HYD,BLR,452,1,11.1,0.20618011515774667,21,78,ATR72,1,0.5825,3,2,3
3,6,2,AMD,DEL,924,1,11.6,0.18203359988446075,21,63,ATR72,1,0.6228,6,1,3
15,1,7,DEL,BLR,1741,1,5.9,0.39014901459963003,5,75,ATR72,0,0.4561,1,2,3
19,3,11,GOI,DEL,1929,2,11.5,0.3784308516112318,21,82,B737,1,1.0,7,1,1
0,0,5,BOM,DEL,1175,1,5.2,0.3914812388839981,2,81,A321,0,0.3566,0,1,2
10,1,4,BLR,HYD,534,0,1.6,0.13559703776363796,21,62,A320,0,0.1542,2,3,0
23,6,4,DEL,BLR,1754,0,4.4,0.41278023248739265,3,62,ATR72,0,0.2151,1,2,3
8,4,9,BOM,MAA,1010,1,6.9,0.35685064450880016,11,30,B777,1,0.7127,0,5,4
7,0,5,MAA,BOM,1038,0,13.0,0.2864069203044962,13,77,ATR72,0,0.5146,5,0,3
1,4,6,DEL,BOM,1160,2,8.5,0.34225051799401335,18,81,B737,1,0.8369,1,0,1
4,1,11,BOM,HYD,619,2,10.5,0.23374208400422897,10,70,B777,1,0.6935,0,3,4
22,5,11,DEL,BLR,1772,1,3.8,0.38404014900519623,20,66,B737,1,0.5036,1,2,1
23,1,7,DEL,GOI,1908,0,10.7,0.36114581722975997,10,24,ATR72,1,0.5945,1,7,3
16,6,8,DEL,BOM,1105,1,2.6,0.3743478123504965,3,74,A320,1,0.4997,1,0,0
13,2,12,AMD,DEL,870,0,7.2,0.22552302358489246,2,84,ATR72,0,0.0902,6,1,3
18,2,5,DEL,CCU,1261,1,10.9,0.4605020024604421,3,24,B777,1,0.8842,1,4,4
8,4,9,CCU,DEL,1291,1,9.9,0.4468764703690573,7,68,A321,1,0.7288,4,1,2
5,0,6,DEL,CCU,1331,0,12.1,0.48548076451681066,18,35,A321,1,0.6642,1,4,2
12,3,7,AMD,DEL,886,0,8.1,0.24102965248400576,21,79,A320,0,0.3964,6,1,0
10,2,10,HYD,BLR,467,2,6.1,0.17109120205996792,13,47,A321,1,0.5184,3,2,2
3,3,12,BLR,DEL,1780,3,8.1,0.3927443325391406,4,70,B737,1,0.8571,2,1,1
14,6,8,MAA,BOM,1056,0,5.8,0.3031986157396412,11,67,B777,0,0.3213,5,0,4
11,1,4,BLR,BOM,845,1,6.7,0.34845243273449056,11,32,B777,0,0.4594,2,0,4
19,1,11,AMD,DEL,875,2,7.5,0.20064079700945864,3,82,B737,1,0.6303,6,1,1
16,3,4,BLR,BOM,825,0,2.5,0.2677069885792002,11,84,B777,0,0.1571,2,0,4
9,0,2,GOI,DEL,1869,0,7.2,0.3213399901365081,8,37,A320,0,0.3485,7,1,0
8,5,10,CCU,DEL,1351,1,10.0,0.38904669811199616,8,55,A321,1,0.6556,4,1,2
18,0,12,DEL,AMD,903,0,9.1,0.211864600462324,16,25,A321,1,0.5847,1,6,2
16,2,6,BLR,BOM,866,0,6.6,0.3203622712058503,4,67,B737,0,0.2281,2,0,1
2,3,5,DEL,AMD,881,0,7.6,0.1730009279385859,3,84,A321,0,0.0692,1,6,2
10,0,7,BOM,BLR,882,0,2.2,0.3124693268774132,4,20,A320,0,0.375,0,2,0
13,0,2,BLR,DEL,1734,0,9.5,0.42547905921417234,10,83,B777,0,0.2702,2,1,4
22,3,2,BOM,DEL,1099,1,9.6,0.3326516791863737,18,85,ATR72,1,0.5331,0,1,3
2,0,4,BOM,DEL,1127,2,1.1,0.35757939076018064,12,53,ATR72,1,0.593,0,1,3
10,5,9,DEL,CCU,1339,2,10.8,0.4876914722407757,8,86,A320,1,0.9451,1,4,0
3,3,1,BOM,DEL,1155,0,9.8,0.36470596347458734,13,31,A321,0,0.3659,0,1,2
19,3,7,PNQ,BOM,164,1,2.8,0.17255384376124716,6,24,ATR72,1,0.719,8,0,3
15,2,6,BOM,BLR,820,0,2.6,0.2668623026383593,18,74,B737,0,0.3067,0,2,1
7,6,6,DEL,BOM,1122,0,2.3,0.3229349773941113,9,36,A320,1,0.4992,1,0,0
4,4,7,PNQ,BOM,137,0,12.9,0.10007126221770722,16,78,A320,0,0.49,8,0,0
16,2,3,BOM,BLR,818,0,8.4,0.23664568158816357,15,68,ATR72,0,0.2447,0,2,3
8,6,12,CCU,DEL,1317,0,1.7,0.4455707247358378,14,41,B737,1,0.4982,4,1,1
14,5,12,MAA,BOM,1031,2,7.3,0.3064085733693464,13,45,B737,1,0.6226,5,0,1
11,3,12,DEL,BOM,1184,2,10.1,0.34253508053763715,10,35,A321,1,0.807,1,0,2
16,3,8,BOM,BLR,862,2,6.6,0.309535142112715,14,26,A320,1,0.8238,0,2,0
4,0,2,HYD,BOM,611,0,10.2,0.3127441291043043,9,38,A321,0,0.3951,3,0,2
4,6,6,CCU,DEL,1316,0,9.5,0.4054278610510438,4,27,A320,1,0.5622,4,1,0
7,5,8,AMD,DEL,928,0,2.6,0.22551123712525353,17,31,ATR72,1,0.5602,6,1,3
19,2,11,DEL,GOI,1911,0,12.9,0.39480871963302094,20,48,ATR72,1,0.6079,1,7,3
7,4,6,MAA,BOM,1011,1,8.7,0.33121269993061875,19,24,A320,1,0.9325,5,0,0
22,6,3,MAA,BOM,1011,1,3.1,0.34859278244770403,15,88,B737,0,0.4394,5,0,1
9,6,2,GOI,DEL,1949,3,2.6,0.3397424032440989,2,34,B777,1,1.0,7,1,4
11,5,12,AMD,DEL,921,0,4.0,0.23122258593117595,17,79,A321,0,0.2425,6,1,2
18,0,4,BOM,MAA,1008,3,13.6,0.2847696563415795,21,31,B737,1,1.0,0,5,1
23,0,1,DEL,BLR,1769,1,10.7,0.37419744831282575,16,52,B777,1,0.6497,1,2,4
20,1,4,DEL,AMD,900,2,13.0,0.20780779936470903,1,27,ATR72,1,0.9831,1,6,3
22,1,7,HYD,BOM,621,1,2.8,0.22894720270494875,10,21,B737,1,0.5416,3,0,1
16,4,11,GOI,DEL,1856,2,6.0,0.2945099700504984,16,82,ATR72,1,0.6178,7,1,3
8,1,6,GOI,DEL,1901,1,11.1,0.32665546269243584,19,62,A321,1,0.8807,7,1,2
1,3,3,MAA,BOM,1018,1,11.3,0.33013970295203143,19,56,B777,1,0.6321,5,0,4
18,0,5,BOM,BLR,857,1,5.4,0.27079994067163493,2,51,A321,0,0.4583,0,2,2
1,6,7,BLR,BOM,835,0,11.5,0.3394483072072984,15,86,A320,1,0.5358,2,0,0
0,0,3,BOM,DEL,1106,0,13.4,0.40021586390756697,21,42,B777,1,0.5301,0,1,4
7,5,3,HYD,BOM,638,1,13.6,0.2933719214672824,7,74,ATR72,1,0.7173,3,0,3
14,1,5,DEL,BOM,1176,0,8.7,0.3500423617720232,7,72,ATR72,0,0.24,1,0,3
3,1,6,CCU,DEL,1258,1,3.0,0.4429108099584174,21,32,B737,1,0.6472,4,1,1
2,4,4,HYD,BLR,514,0,1.8,0.2205303487651054,20,39,ATR72,0,0.2582,3,2,3
23,3,12,DEL,AMD,918,1,12.7,0.21842920092855955,17,30,B737,1,0.6574,1,6,1
12,0,3,BLR,BOM,888,2,3.2,0.2886279968853457,9,69,B777,1,0.5155,2,0,4
17,0,3,MAA,BOM,988,0,2.3,0.2767211267215295,12,65,B777,0,0.3107,5,0,4
7,5,2,MAA,BOM,971,0,4.2,0.3406791033832951,20,23,B737,1,0.5863,5,0,1
2,3,7,BOM,DEL,1119,1,5.8,0.35488616726725886,1,55,B737,0,0.442,0,1,1
4,1,9,BOM,DEL,1139,1,8.6,0.34962499847846673,14,43,ATR72,1,0.6598,0,1,3
22,1,3,BOM,MAA,1014,0,4.5,0.305340316770678,8,32,ATR72,0,0.1921,0,5,3
18,2,12,DEL,AMD,934,0,2.0,0.20385116799279424,9,58,A320,0,0.2315,1,6,0
17,0,5,BOM,BLR,823,0,4.3,0.27594016927270615,8,83,B777,0,0.2604,0,2,4
13,1,6,AMD,DEL,879,1,1.2,0.24538638580067995,14,34,B737,1,0.5182,6,1,1
20,6,6,CCU,DEL,1343,0,6.2,0.4342079974187274,18,63,B737,1,0.5737,4,1,1
20,4,7,BOM,HYD,617,0,11.5,0.23025190774898352,17,57,A320,1,0.6421,0,3,0
23,3,5,MAA,BOM,1006,1,11.2,0.29854028740549954,6,28,B737,1,0.6694,5,0,1
4,6,2,MAA,BOM,1027,0,6.7,0.31787937497027097,9,76,ATR72,0,0.1772,5,0,3
0,3,10,DEL,BOM,1184,2,2.4,0.3321440723872213,20,30,A320,1,0.7029,1,0,0
12,4,6,HYD,BLR,474,0,8.8,0.23227825320256595,1,33,A320,0,0.3629,3,2,0
9,2,7,PNQ,BOM,120,0,11.8,0.15778943293638345,19,65,B777,1,0.6631,8,0,4
20,4,5,DEL,GOI,1918,0,6.3,0.33992032723235127,15,42,A321,0,0.406,1,7,2
8,0,3,BLR,DEL,1733,0,4.9,0.3566480539486418,11,80,ATR72,0,0.3427,2,1,3
17,1,10,DEL,CCU,1315,1,7.7,0.43373200447351823,21,42,ATR72,1,0.6935,1,4,3
8,1,4,DEL,CCU,1324,0,6.8,0.473587786729881,12,22,B777,1,0.5394,1,4,4
16,2,11,DEL,CCU,1292,0,6.0,0.4274594271329999,13,52,ATR72,0,0.221,1,4,3
2,5,7,PNQ,BOM,112,0,13.1,0.16955618161704122,1,69,B737,0,0.4678,8,0,1
13,1,9,BOM,BLR,830,1,9.7,0.2808738476268306,14,62,ATR72,1,0.5623,0,2,3
8,5,6,HYD,BLR,483,2,13.4,0.21822109477132184,7,41,B777,1,1.0,3,2,4
4,3,3,BLR,BOM,860,2,2.3,0.2625674006979043,18,63,A320,1,0.605,2,0,0
0,3,10,DEL,GOI,1930,0,10.2,0.3918695107093701,11,53,A321,0,0.4067,1,7,2
13,5,8,PNQ,BOM,100,0,11.9,0.10140609616352453,6,36,ATR72,1,0.5106,8,0,3
20,1,2,BLR,BOM,813,0,2.7,0.32278531354314827,3,53,B737,0,0.2791,2,0,1
14,3,9,DEL,BOM,1196,1,13.3,0.35958029356018917,9,44,ATR72,1,0.7138,1,0,3
10,5,6,DEL,GOI,1911,0,6.7,0.36229792553013124,8,34,B777,0,0.3649,1,7,4
14,6,8,AMD,DEL,863,0,13.6,0.2078754963628473,5,56,A320,0,0.4332,6,1,0
13,6,5,DEL,GOI,1944,1,11.3,0.3984393958071329,2,27,A321,1,0.7594,1,7,2
5,0,11,AMD,DEL,898,0,2.6,0.2225256723462848,21,33,ATR72,0,0.259,6,1,3
4,3,2,DEL,BOM,1115,0,10.8,0.3954604693563351,8,62,ATR72,0,0.3582,1,0,3
8,3,10,CCU,DEL,1271,1,8.0,0.4382230055677077,6,81,ATR72,1,0.5253,4,1,3
14,0,11,BOM,BLR,820,0,8.2,0.27285137734656545,2,89,A320,0,0.2091,0,2,0
22,6,9,BLR,DEL,1758,0,2.9,0.3524544542598429,16,37,B777,0,0.461,2,1,4
19,4,2,BOM,HYD,588,1,7.4,0.2020118178687317,17,35,B737,1,0.6008,0,3,1
9,3,7,GOI,DEL,1873,2,11.1,0.32506048520124653,15,52,B777,1,1.0,7,1,4
14,6,6,MAA,BOM,971,0,10.7,0.3308924900023399,5,77,A321,0,0.4824,5,0,2
7,0,8,CCU,DEL,1273,0,2.9,0.44259766204522627,14,52,A321,1,0.477,4,1,2
6,3,2,BLR,HYD,465,0,9.6,0.1402631674594943,6,34,B737,0,0.2261,2,3,1
16,1,11,DEL,CCU,1320,0,13.0,0.4623482440347823,9,67,A321,0,0.3849,1,4,2
5,6,6,DEL,GOI,1884,0,8.8,0.3396835051639765,9,36,B777,0,0.4559,1,7,4
5,1,1,DEL,BOM,1175,0,12.0,0.3478053678485171,5,75,B777,0,0.3391,1,0,4
20,6,1,MAA,BOM,973,2,10.0,0.2808363243883445,7,36,A320,1,0.8823,5,0,0
8,4,8,DEL,AMD,930,1,11.1,0.19718329416475755,7,21,A320,1,0.8789,1,6,0
8,1,5,PNQ,BOM,72,0,13.0,0.1827731662545975,5,55,A321,0,0.4731,8,0,2
23,5,4,BOM,BLR,809,0,10.6,0.25410635186319763,9,45,A321,0,0.3516,0,2,2
11,6,2,BOM,HYD,571,1,2.5,0.28869080885562604,2,56,A321,0,0.3655,0,3,2
18,6,4,BOM,DEL,1141,0,10.6,0.3703542431219412,6,32,B777,1,0.6181,0,1,4
15,5,12,BOM,DEL,1175,0,13.1,0.3478737163212172,17,45,A320,0,0.4891,0,1,0
0,1,7,DEL,CCU,1282,0,7.2,0.4551372256253974,11,62,B777,0,0.3321,1,4,4
14,2,1,CCU,DEL,1317,0,6.0,0.4774933824533775,4,25,B737,0,0.341,4,1,1
4,2,2,MAA,BOM,1007,0,11.0,0.2593343397281151,9,39,B737,0,0.3737,5,0,1
12,5,1,BOM,BLR,797,1,7.9,0.25944288618603834,10,38,B777,0,0.4238,0,2,4
7,0,5,HYD,BLR,538,2,6.6,0.19692487704487538,8,38,A320,1,0.6988,3,2,0
3,1,4,BLR,BOM,872,0,4.0,0.3064908394859837,21,69,B737,0,0.2226,2,0,1
14,3,4,BLR,BOM,869,0,10.7,0.32738068595503006,9,74,B777,0,0.331,2,0,4
18,0,12,BLR,BOM,893,1,2.6,0.3101822531906335,7,79,B777,1,0.4741,2,0,4
10,3,2,PNQ,BOM,119,0,5.8,0.16461348872694426,6,69,A320,0,0.1158,8,0,0
8,3,12,BOM,BLR,826,1,3.6,0.3169270603995332,1,52,A320,0,0.4768,0,2,0
12,3,6,GOI,DEL,1911,1,7.7,0.33372386573827484,19,27,A321,1,0.6835,7,1,2
0,2,12,DEL,AMD,877,0,4.1,0.1998998376511825,2,89,A321,0,0.08,1,6,2
11,6,1,DEL,GOI,1893,0,4.4,0.3545775959493637,15,72,A320,0,0.2418,1,7,0
23,3,7,BOM,BLR,834,0,8.3,0.23996697221465726,21,79,B777,0,0.396,0,2,4
20,6,5,BOM,DEL,1176,0,6.0,0.37936561846798306,14,81,ATR72,0,0.4017,0,1,3
20,6,12,DEL,GOI,1936,0,6.9,0.3144156110486275,20,25,A320,1,0.5758,1,7,0
3,3,11,MAA,BOM,1047,0,12.8,0.25430828687452794,11,32,A321,0,0.4217,5,0,2
9,1,6,HYD,BOM,619,1,13.1,0.24568854888751945,13,58,ATR72,1,0.7983,3,0,3
12,3,12,MAA,BOM,1002,0,9.1,0.30140866376157116,8,56,ATR72,0,0.2206,5,0,3
17,3,11,HYD,BLR,489,0,2.7,0.21881484139444393,4,87,ATR72,0,0.2375,3,2,3
13,1,5,HYD,BLR,519,0,11.9,0.15586206595998575,2,89,A320,0,0.2623,3,2,0
15,0,8,AMD,DEL,920,2,12.8,0.17753067073853906,13,52,B737,1,0.821,6,1,1
13,5,6,BOM,HYD,642,0,9.8,0.21012959138027912,4,61,A321,0,0.3341,0,3,2
22,0,11,BOM,PNQ,105,0,7.9,0.12560953147321258,19,71,B737,0,0.2002,0,8,1
23,3,7,MAA,BOM,1008,1,7.3,0.33360363091406997,19,68,B737,1,0.5334,5,0,1
22,3,8,MAA,BOM,997,0,8.4,0.2537666330163948,8,79,A320,0,0.3015,5,0,0
14,6,7,CCU,DEL,1347,3,6.6,0.43857509387276056,14,33,A320,1,1.0,4,1,0
14,5,7,BOM,PNQ,100,0,1.0,0.17971935469795308,21,35,B737,0,0.4419,0,8,1
12,6,2,DEL,AMD,933,1,1.4,0.24686887040696515,17,63,B777,0,0.4487,1,6,4
21,0,10,BOM,PNQ,73,0,1.4,0.1735935141474379,11,61,A321,0,0.1694,0,8,2
9,0,6,HYD,BLR,546,0,2.2,0.21006820888135036,9,82,A320,0,0.334,3,2,0
14,4,8,BLR,HYD,513,0,11.2,0.1701325960125416,7,25,B777,1,0.5181,2,3,4
0,4,1,HYD,BLR,518,0,11.5,0.1923793592681829,13,67,B737,0,0.327,3,2,1
20,0,1,DEL,CCU,1315,1,8.7,0.45716677094377367,1,33,ATR72,1,0.7029,1,4,3
0,1,11,HYD,BOM,666,1,12.0,0.25154294011808187,15,88,A320,1,0.5506,3,0,0
10,5,1,BLR,DEL,1712,0,1.8,0.38349650214919123,12,66,B737,0,0.2534,2,1,1
23,5,1,DEL,BOM,1156,1,6.8,0.3606052765034382,20,52,B737,0,0.4942,1,0,1
18,0,9,BLR,HYD,484,3,7.8,0.18584440092133178,16,77,ATR72,1,1.0,2,3,3
10,5,8,DEL,GOI,1897,0,12.5,0.3374477976321352,8,24,A320,1,0.635,1,7,0
9,1,10,CCU,DEL,1339,0,9.4,0.4781482308123275,12,51,B737,1,0.4913,4,1,1
0,5,1,DEL,BOM,1156,1,8.8,0.3328418298481727,7,41,A320,1,0.5531,1,0,0
9,4,4,BOM,DEL,1135,2,10.6,0.3716400811767731,15,71,B737,1,0.9487,0,1,1
23,1,11,AMD,DEL,895,0,7.9,0.23299730640468647,7,63,A321,0,0.0932,6,1,2
13,4,6,BLR,BOM,811,0,2.2,0.26964567666343836,2,46,B777,0,0.2079,2,0,4
15,4,6,DEL,CCU,1269,0,10.5,0.45835388594836857,12,66,B777,0,0.5333,1,4,4
7,6,10,BOM,BLR,889,3,5.2,0.29731147249970646,18,61,ATR72,1,1.0,0,2,3
14,1,9,BLR,BOM,807,0,13.1,0.34860251203201664,20,37,B777,1,0.6094,2,0,4
0,2,4,DEL,GOI,1867,0,2.9,0.3906550008093538,11,45,B737,0,0.2063,1,7,1
23,5,1,AMD,DEL,856,0,1.2,0.19551590618280457,12,85,A321,0,0.1782,6,1,2
17,0,5,DEL,BLR,1710,0,2.8,0.39024033635266975,20,50,B777,0,0.4061,1,2,4
12,6,2,MAA,BOM,1058,2,6.9,0.31184277206820554,6,34,B777,1,0.6447,5,0,4
5,5,3,BLR,DEL,1752,0,5.7,0.3586626305691071,21,78,ATR72,0,0.2935,2,1,3
12,6,11,DEL,BLR,1764,0,6.5,0.45985786833066195,5,41,A320,0,0.3039,1,2,0
14,4,10,PNQ,BOM,93,0,7.3,0.13052793523519973,1,74,B777,0,0.1022,8,0,4
4,2,8,DEL,GOI,1896,0,5.0,0.3987365423428936,8,34,B777,0,0.3295,1,7,4
12,2,9,BOM,BLR,798,0,11.6,0.3097313012799252,2,25,ATR72,1,0.5739,0,2,3
18,5,12,DEL,GOI,1918,1,5.9,0.3630877594999413,5,73,B777,1,0.5452,1,7,4
4,0,1,BOM,DEL,1098,0,6.4,0.3798022405813884,12,89,A321,0,0.2019,0,1,2
4,3,4,GOI,DEL,1929,2,9.9,0.3582252671876808,3,68,B777,1,0.6433,7,1,4
9,4,8,PNQ,BOM,145,0,1.0,0.18744141110431306,19,25,B737,1,0.625,8,0,1
4,4,8,BOM,MAA,1049,0,3.6,0.3269158699139901,12,58,B777,0,0.2808,0,5,4
5,3,11,HYD,BOM,661,1,5.4,0.3185835540418602,20,46,B777,0,0.4274,3,0,4
14,6,6,BOM,MAA,969,0,8.5,0.30604526635039303,15,45,A321,0,0.4224,0,5,2
4,5,9,BLR,DEL,1722,0,11.5,0.43105931677810294,15,39,B737,1,0.6424,2,1,1
22,2,10,DEL,CCU,1338,0,12.7,0.49107997807541115,10,28,B737,1,0.5464,1,4,1
4,6,4,DEL,BLR,1773,0,5.6,0.41155672712902663,13,67,B737,0,0.2646,1,2,1
10,3,4,CCU,DEL,1310,2,9.7,0.4497510763358689,5,39,B737,1,0.7499,4,1,1
1,3,10,PNQ,BOM,158,2,4.4,0.1262210733272779,4,84,A321,1,0.5005,8,0,2
8,3,7,GOI,DEL,1926,0,3.5,0.3023219696254662,21,29,A321,1,0.6209,7,1,2
16,6,11,DEL,CCU,1327,0,4.6,0.4568192626014397,12,34,A321,0,0.3527,1,4,2
2,6,12,MAA,BOM,979,1,7.9,0.32756444634494364,11,31,A321,1,0.501,5,0,2
10,6,1,HYD,BLR,504,0,13.5,0.2100265597431028,2,36,A320,0,0.404,3,2,0
11,3,7,DEL,AMD,932,1,7.2,0.2097622275443028,18,83,B737,0,0.4839,1,6,1
23,5,8,BOM,DEL,1166,2,9.0,0.40458697034429225,11,55,B777,1,0.8618,0,1,4
9,5,10,AMD,DEL,850,0,12.6,0.19032804789801602,20,22,ATR72,1,0.7261,6,1,3
13,6,6,HYD,BOM,669,0,13.5,0.25054535384210536,18,35,B777,1,0.6202,3,0,4
7,4,8,GOI,DEL,1890,0,9.3,0.3708851617897414,18,65,A321,1,0.5984,7,1,2
9,3,6,DEL,BLR,1730,0,9.7,0.4260161288320112,18,24,ATR72,1,0.7704,1,2,3
8,3,8,BOM,MAA,967,0,10.2,0.3080309131897791,3,48,A320,1,0.5732,0,5,0
21,4,12,DEL,CCU,1295,0,11.2,0.43098028293209395,11,36,ATR72,0,0.4924,1,4,3
2,3,1,MAA,BOM,1050,0,6.9,0.2537118923566436,21,28,A321,0,0.3515,5,0,2
19,2,11,PNQ,BOM,76,0,10.0,0.139294050365328,4,85,A320,0,0.3557,8,0,0
7,4,6,MAA,BOM,1052,0,1.3,0.30561485743599054,7,46,B777,0,0.3722,5,0,4
15,4,2,DEL,GOI,1870,0,7.0,0.30186662337429226,21,35,B777,0,0.2907,1,7,4
0,1,6,GOI,DEL,1887,2,2.2,0.30422363331124713,10,60,A320,1,0.6217,7,1,0
16,6,12,DEL,BOM,1158,1,8.7,0.38423163898864676,16,79,B777,1,0.6037,1,0,4
0,0,5,BOM,BLR,829,1,6.0,0.246424437035398,7,46,A320,0,0.2986,0,2,0
14,3,9,HYD,BLR,525,0,8.8,0.16456838359619094,3,23,A320,0,0.4158,3,2,0
1,5,11,DEL,BLR,1698,2,6.6,0.466198252673233,9,61,B737,1,0.6365,1,2,1
21,1,6,BOM,PNQ,163,0,1.5,0.10050967808145408,13,46,A321,0,0.2402,0,8,2
5,6,4,BLR,HYD,549,0,9.1,0.16285520654574862,20,82,B777,0,0.3151,2,3,4
8,4,6,DEL,AMD,935,1,1.1,0.17638925617987636,11,89,A320,1,0.5706,1,6,0
17,6,9,BLR,BOM,862,0,4.5,0.3030191334613037,21,38,B777,1,0.5912,2,0,4
1,4,7,BLR,BOM,822,0,6.6,0.2671465996401294,3,23,B777,0,0.3569,2,0,4
6,6,6,PNQ,BOM,118,0,7.9,0.18760269265278573,12,47,A321,0,0.325,8,0,2
14,4,4,BOM,BLR,891,0,5.8,0.32627346686008246,7,65,B737,0,0.1305,0,2,1
23,4,10,DEL,AMD,927,1,12.4,0.19903131324755166,14,43,B777,1,0.5996,1,6,4
16,3,12,BOM,DEL,1127,2,10.0,0.4289292231712569,11,79,B777,1,0.7216,0,1,4
19,1,12,HYD,BLR,468,0,12.0,0.21096435307834002,7,24,A321,1,0.5844,3,2,2
5,3,1,BLR,HYD,468,3,6.8,0.15678320075359767,15,75,A321,1,0.7127,2,3,2
8,4,11,BOM,MAA,1055,0,3.0,0.35326796356519014,18,49,A320,0,0.3913,0,5,0
16,4,12,DEL,CCU,1354,0,7.3,0.4735173970643821,20,47,ATR72,0,0.2894,1,4,3
3,6,12,DEL,BLR,1726,0,10.7,0.4014537044843515,15,69,A320,0,0.4606,1,2,0
5,1,6,PNQ,BOM,110,1,9.4,0.17833590660870646,8,44,A320,1,0.5913,8,0,0
19,6,1,CCU,DEL,1259,1,1.9,0.40519589982811677,15,44,A321,1,0.6821,4,1,2
7,4,10,HYD,BLR,545,1,1.8,0.1877734854010944,7,69,B737,0,0.4251,3,2,1
9,5,11,DEL,BOM,1156,0,1.9,0.39032366084868364,6,49,ATR72,0,0.3561,1,0,3
1,3,2,BLR,BOM,826,0,3.1,0.31069356858524266,15,34,A321,0,0.2443,2,0,2
13,1,8,BOM,MAA,1012,0,1.4,0.3640274176324518,17,71,B737,0,0.3456,0,5,1
1,1,1,HYD,BOM,624,1,8.2,0.3035230136672279,21,55,A320,1,0.5214,3,0,0
8,2,12,HYD,BLR,543,2,9.8,0.19483585064421982,11,45,ATR72,1,0.7779,3,2,3
8,2,12,DEL,BLR,1749,0,4.5,0.45851560571660954,18,32,A320,1,0.5034,1,2,0
5,4,5,BOM,MAA,1057,1,10.0,0.31472937117298505,12,41,A321,0,0.5459,0,5,2
9,1,8,DEL,AMD,919,0,10.5,0.19973440348141036,10,37,A320,1,0.5999,1,6,0
11,0,11,AMD,DEL,870,0,13.6,0.18241643935778395,4,37,ATR72,0,0.343,6,1,3
6,0,6,BLR,DEL,1788,1,10.5,0.38971405577722334,11,71,A321,1,0.7059,2,1,2
19,5,10,BLR,HYD,507,0,9.5,0.1695523073088945,2,77,B737,0,0.3678,2,3,1
20,2,6,MAA,BOM,1031,0,1.0,0.3332350280244523,15,41,A321,0,0.5033,5,0,2
22,4,9,BOM,PNQ,126,2,11.3,0.1861503413579853,14,23,A320,1,1.0,0,8,0
12,5,10,BOM,DEL,1197,0,4.4,0.3514568381987487,13,57,ATR72,0,0.2406,0,1,3
11,3,4,BOM,PNQ,156,2,11.8,0.16215036796072452,10,86,A320,1,0.7149,0,8,0
21,5,9,DEL,BLR,1747,3,10.8,0.3863433259420014,18,33,B777,1,1.0,1,2,4
9,6,2,HYD,BOM,632,0,3.4,0.23592009975960476,4,28,B777,0,0.4444,3,0,4
6,6,7,BOM,BLR,810,0,7.0,0.2586453137194994,16,71,A320,0,0.3535,0,2,0
0,3,5,BOM,PNQ,145,1,2.9,0.17683847096248873,3,28,B777,0,0.4707,0,8,4
6,5,1,DEL,BOM,1135,2,7.9,0.38501124116067986,6,80,A320,1,0.604,1,0,0
13,3,12,BOM,HYD,599,1,9.2,0.23580170610844092,17,37,B737,1,0.5643,0,3,1
3,6,7,AMD,DEL,904,1,6.5,0.18786111013716428,7,22,ATR72,1,0.5751,6,1,3
11,6,9,BOM,HYD,632,0,4.2,0.22774010449827747,18,63,B777,0,0.3411,0,3,4
6,0,6,BOM,HYD,652,2,7.9,0.24618533331926828,7,64,B777,1,0.5985,0,3,4
4,3,1,HYD,BOM,653,0,6.9,0.2927327391285496,7,75,B737,0,0.1171,3,0,1
21,0,8,BLR,DEL,1719,0,5.2,0.4310344627578185,17,63,B777,0,0.3724,2,1,4
6,4,10,HYD,BOM,605,0,1.1,0.31765093141872264,21,33,A320,0,0.2971,3,0,0
15,0,3,DEL,CCU,1340,0,13.3,0.44929496220162696,6,48,A320,0,0.3797,1,4,0
3,1,6,DEL,GOI,1876,1,11.9,0.39786318104668367,16,25,A321,1,0.9091,1,7,2
3,6,7,PNQ,BOM,73,0,11.4,0.1717656622568013,18,42,ATR72,1,0.6387,8,0,3
20,5,10,BOM,DEL,1138,0,4.7,0.3397806837547539,11,78,ATR72,0,0.3859,0,1,3
2,5,11,BOM,PNQ,134,0,13.8,0.17641254498058956,14,46,A321,0,0.4206,0,8,2
8,1,12,BOM,PNQ,145,0,5.2,0.1779997568820733,19,39,B777,0,0.4412,0,8,4
15,2,10,GOI,DEL,1938,0,11.2,0.3646580011927759,7,65,B777,0,0.3459,7,1,4
2,1,8,BLR,BOM,853,0,4.4,0.3393122601479409,12,47,B737,0,0.2857,2,0,1
22,3,9,HYD,BOM,603,2,2.2,0.2211752573556567,3,67,B777,1,0.5885,3,0,4
18,5,9,BLR,DEL,1785,0,12.9,0.35474499005414745,16,71,A320,1,0.7419,2,1,0
12,1,2,DEL,GOI,1937,0,3.3,0.3570135229740839,4,31,ATR72,0,0.2128,1,7,3
13,0,1,PNQ,BOM,87,0,8.4,0.15351622284896876,11,75,A320,0,0.2614,8,0,0
18,2,1,PNQ,BOM,119,0,5.3,0.10849507166466024,16,38,ATR72,0,0.4134,8,0,3
17,0,2,HYD,BLR,494,2,12.4,0.2014035014601422,1,81,B777,1,0.8306,3,2,4
2,4,4,BOM,HYD,574,0,11.4,0.20193707964323812,10,64,ATR72,0,0.2808,0,3,3
0,1,5,MAA,BOM,1025,0,9.9,0.26174017550983353,17,23,A320,0,0.4547,5,0,0
14,1,4,AMD,DEL,929,0,7.2,0.18497046728215394,18,70,ATR72,0,0.174,6,1,3
6,1,9,DEL,AMD,902,0,10.3,0.24352546574817452,13,59,B777,0,0.4474,1,6,4
14,5,10,BOM,DEL,1134,2,3.7,0.3994036474486331,7,66,B737,1,0.6098,0,1,1
23,5,8,BOM,HYD,614,0,5.7,0.2613509456537187,19,20,A321,0,0.5045,0,3,2
10,5,9,BOM,PNQ,108,0,12.8,0.19244930212349642,13,20,A320,1,0.677,0,8,0
9,1,1,BOM,MAA,977,2,3.1,0.32539809377472106,10,71,B737,1,0.6802,0,5,1
8,1,5,BLR,HYD,517,1,8.8,0.14829454033164227,11,20,B777,1,0.7093,2,3,4
17,6,10,DEL,CCU,1310,0,8.2,0.4398342254594703,16,30,B777,1,0.6459,1,4,4
7,2,6,BOM,PNQ,73,0,8.2,0.16225152933114853,12,88,B777,1,0.5149,0,8,4
4,5,4,BOM,BLR,850,2,1.3,0.30960958830519336,18,76,A321,1,0.6738,0,2,2
18,3,10,BOM,DEL,1123,1,3.9,0.3644996014260095,15,37,B777,1,0.6158,0,1,4
4,0,11,BOM,DEL,1184,2,7.9,0.34729510828684385,9,86,A320,1,0.5389,0,1,0
16,4,8,DEL,CCU,1318,0,13.3,0.4509265690139274,14,22,A320,1,0.6804,1,4,0
7,5,11,BLR,BOM,851,0,6.8,0.3399678273006177,12,30,ATR72,0,0.456,2,0,3
5,4,10,PNQ,BOM,73,0,4.1,0.16865195492536045,15,52,A321,0,0.1675,8,0,2
7,6,4,BOM,HYD,585,0,3.0,0.22432380248214973,21,75,B777,0,0.3897,0,3,4
15,1,8,DEL,AMD,854,1,10.7,0.2108185959384038,14,57,B777,1,0.6343,1,6,4
19,2,3,BOM,HYD,668,2,6.6,0.22552346479283725,17,57,B737,1,0.7402,0,3,1
11,2,8,BOM,PNQ,155,0,13.8,0.14954970679106216,6,81,B737,0,0.4098,0,8,1
16,6,9,BOM,BLR,838,0,11.9,0.23300176509654263,16,20,B737,1,0.6932,0,2,1
3,5,11,GOI,DEL,1893,0,9.5,0.3659351806560016,4,49,A320,0,0.2964,7,1,0
13,1,11,DEL,AMD,914,1,3.8,0.20532082204643862,18,32,A320,0,0.4521,1,6,0
1,4,10,DEL,CCU,1325,1,4.3,0.4943767394635267,1,71,ATR72,0,0.3978,1,4,3
14,1,1,BLR,BOM,800,0,5.5,0.311531571124319,2,84,A321,0,0.1246,2,0,2
7,3,4,BOM,BLR,872,0,13.7,0.26888119528408155,13,73,B737,0,0.5076,0,2,1
10,1,12,PNQ,BOM,138,0,9.4,0.10121198654878685,5,20,A321,0,0.3405,8,0,2
8,5,1,BLR,BOM,861,1,10.5,0.3155733496959096,3,34,ATR72,1,0.7962,2,0,3
6,5,1,BOM,BLR,836,1,13.8,0.3049604954051267,2,25,A320,1,0.722,0,2,0
13,0,10,BLR,DEL,1707,0,2.5,0.4104891257576024,9,29,A321,0,0.3142,2,1,2
8,2,10,DEL,CCU,1295,1,12.3,0.4019543113031049,20,87,B777,1,0.8108,1,4,4
5,6,8,BOM,HYD,639,1,4.7,0.2683234448306533,18,53,A320,1,0.5573,0,3,0
23,5,5,AMD,DEL,914,0,7.0,0.2542166515163046,8,39,A320,0,0.2217,6,1,0
13,0,3,MAA,BOM,986,1,1.2,0.2703973771849672,5,22,ATR72,0,0.4582,5,0,3
21,6,9,BOM,DEL,1160,1,4.5,0.40569536364669323,17,79,B777,1,0.6123,0,1,4
1,5,7,PNQ,BOM,160,0,12.4,0.15940736642627756,11,29,B777,1,0.6638,8,0,4
9,6,1,BLR,BOM,802,0,2.0,0.26705513117006346,10,70,B737,0,0.3068,2,0,1
6,2,12,DEL,BOM,1107,2,1.9,0.37640861015968985,8,59,ATR72,1,0.5506,1,0,3
22,5,6,PNQ,BOM,118,2,1.5,0.1646004991060921,14,26,A320,1,0.8658,8,0,0
21,1,5,BOM,MAA,1040,0,13.6,0.34373005963263675,10,45,B737,0,0.3375,0,5,1
5,4,9,DEL,BLR,1770,0,7.1,0.4041177799541083,1,64,B737,0,0.2616,1,2,1
17,2,4,GOI,DEL,1884,0,6.3,0.37935105024510485,2,67,B777,0,0.3017,7,1,4
7,2,4,HYD,BOM,643,0,13.4,0.28127048336696325,16,65,A320,1,0.5625,3,0,0
9,2,12,DEL,CCU,1258,1,11.3,0.4088417784615083,7,38,A321,1,0.7835,1,4,2
8,6,7,GOI,DEL,1934,1,10.2,0.348990095600054,20,89,A320,1,0.9396,7,1,0
19,1,1,GOI,DEL,1882,1,8.2,0.34718867475946386,21,63,B777,1,0.6889,7,1,4
4,6,12,BOM,PNQ,76,0,12.4,0.15072201811460026,5,33,A321,0,0.4303,0,8,2
21,0,1,BLR,BOM,829,2,3.4,0.26134136600389285,10,81,B737,1,0.5045,2,0,1
23,4,3,MAA,BOM,1053,2,10.7,0.3120206446441502,18,68,A321,1,0.8248,5,0,2
19,3,9,DEL,BLR,1759,0,12.5,0.40814560499750197,9,37,A321,1,0.6833,1,2,2
17,6,7,BOM,BLR,880,1,5.0,0.2746028606962246,3,74,A321,1,0.6098,0,2,2
6,5,2,HYD,BOM,643,0,11.7,0.26277134911966754,8,39,B777,0,0.4251,3,0,4
10,1,2,DEL,AMD,842,1,2.5,0.19217726067124105,11,86,B777,0,0.3269,1,6,4
20,0,1,AMD,DEL,875,0,10.5,0.25656468518321307,1,70,B777,0,0.4526,6,1,4
3,0,7,PNQ,BOM,126,0,1.3,0.11692701651506975,11,71,A320,0,0.2468,8,0,0
19,6,4,BOM,MAA,1003,0,5.2,0.3182774672594061,10,66,B777,0,0.3273,0,5,4
4,1,11,BOM,HYD,585,1,3.7,0.21668769234336013,7,31,A321,0,0.3567,0,3,2
5,2,10,DEL,BLR,1782,1,6.8,0.4270782951876088,12,84,ATR72,0,0.4208,1,2,3
5,1,11,BOM,DEL,1113,0,12.8,0.4211941437727074,21,77,B777,1,0.4685,0,1,4
0,6,1,DEL,BOM,1159,0,4.7,0.35620377961531235,5,73,A320,0,0.1925,1,0,0
11,1,1,BLR,DEL,1704,0,8.7,0.44953633454649056,6,61,B777,0,0.2798,2,1,4
23,4,8,BOM,HYD,630,1,1.9,0.29147577165248245,21,61,A321,1,0.5166,0,3,2
5,2,5,DEL,BOM,1116,1,3.6,0.3560464416228667,2,65,A320,0,0.3424,1,0,0
23,1,10,HYD,BLR,467,0,10.3,0.19031938150882052,13,89,B777,0,0.3261,3,2,4
9,1,4,HYD,BOM,602,2,8.8,0.2497795843119061,16,51,B777,1,0.8499,3,0,4
7,1,11,DEL,AMD,917,0,11.4,0.23583618368159268,9,33,ATR72,0,0.5143,1,6,3
0,4,11,BLR,HYD,522,0,5.8,0.14905270149609656,21,50,B777,0,0.1596,2,3,4
17,1,12,PNQ,BOM,155,1,12.2,0.18926224030611016,4,45,ATR72,1,0.6757,8,0,3
15,0,7,PNQ,BOM,130,0,6.2,0.1813504767979094,4,32,B737,0,0.2925,8,0,1
8,1,3,BOM,DEL,1105,0,1.6,0.3657517939172803,15,79,B737,0,0.3463,0,1,1
6,5,1,BOM,BLR,804,0,10.9,0.29872710786916845,1,31,B777,0,0.4395,0,2,4
6,5,5,BOM,HYD,610,1,9.7,0.24385408284422122,9,63,B777,0,0.4475,0,3,4
22,1,8,BLR,DEL,1730,1,4.2,0.38843502810222424,11,29,B777,1,0.6554,2,1,4
6,0,12,BLR,HYD,501,2,8.1,0.21065960450639754,18,42,B737,1,0.7543,2,3,1
5,3,11,BLR,HYD,470,0,11.6,0.22346218106279747,10,33,B777,0,0.3594,2,3,4
5,3,12,BOM,MAA,1057,0,8.7,0.334914174218103,14,31,ATR72,0,0.354,0,5,3
2,1,6,BOM,PNQ,156,0,1.7,0.19672879871858034,19,55,ATR72,0,0.3287,0,8,3
19,6,6,DEL,AMD,883,2,8.1,0.1925392123885928,12,71,B777,1,0.927,1,6,4
12,5,10,BOM,PNQ,103,0,12.2,0.19492990808092459,5,56,A321,0,0.378,0,8,2
9,4,2,HYD,BLR,549,2,6.5,0.17152694048782927,3,56,ATR72,1,0.6186,3,2,3
4,2,4,DEL,AMD,933,1,13.2,0.1760167630503019,10,76,B737,0,0.4704,1,6,1
1,0,3,BLR,HYD,532,0,7.2,0.1515950648951618,20,79,B737,0,0.1606,2,3,1
9,6,9,DEL,GOI,1922,0,13.9,0.35760185160907865,2,34,A321,1,0.713,1,7,2
8,0,8,DEL,BLR,1765,0,4.4,0.40276082062077956,14,33,A321,1,0.5311,1,2,2
1,5,4,BLR,DEL,1735,2,9.8,0.3763191830664037,14,43,A320,1,0.8205,2,1,0
2,2,12,MAA,BOM,1052,1,4.4,0.3241071549778172,20,77,A321,0,0.4296,5,0,2
5,2,3,GOI,DEL,1922,0,1.1,0.30243086263343216,8,53,A321,0,0.121,7,1,2
9,3,6,DEL,BLR,1701,2,8.1,0.4404173588577379,21,32,A320,1,1.0,1,2,0
5,4,6,BOM,PNQ,129,2,13.8,0.16046109643278814,17,81,B777,1,0.9142,0,8,4
7,5,6,BLR,BOM,869,1,11.0,0.2899697890656471,10,77,ATR72,1,0.816,2,0,3
12,1,11,DEL,AMD,895,1,12.4,0.22329988864498437,19,23,ATR72,1,0.7393,1,6,3
9,0,7,BOM,PNQ,121,0,9.8,0.1664504186752342,2,41,B777,1,0.5366,0,8,4
1,0,2,DEL,CCU,1317,0,7.9,0.48906905241422044,5,31,B777,0,0.2656,1,4,4
22,1,8,MAA,BOM,985,1,3.2,0.3151453163231459,19,81,B737,1,0.5261,5,0,1
15,2,2,HYD,BOM,625,2,10.2,0.23509832534610342,10,66,ATR72,1,0.694,3,0,3
6,5,5,MAA,BOM,983,1,6.0,0.29059293201978764,4,72,B777,0,0.3662,5,0,4
16,0,7,DEL,BLR,1719,0,11.4,0.40934866039267565,17,21,A321,1,0.7137,1,2,2
9,4,5,DEL,CCU,1326,0,4.9,0.4446068550243554,9,69,A321,0,0.3278,1,4,2
7,4,1,BOM,DEL,1164,0,11.1,0.4125779838911646,12,59,A321,1,0.565,0,1,2
5,6,12,BLR,BOM,849,0,10.3,0.2961818531396021,6,36,B737,0,0.4385,2,0,1
14,6,10,MAA,BOM,983,1,1.9,0.3156102189759813,8,23,ATR72,0,0.5262,5,0,3
8,3,7,BOM,HYD,639,1,12.6,0.2526652325563774,13,82,B737,1,0.8011,0,3,1
5,3,7,DEL,BOM,1107,0,6.7,0.3596070384651993,2,24,B737,0,0.3938,1,0,1
13,6,6,DEL,GOI,1851,0,5.0,0.3720954142634109,3,36,ATR72,0,0.3688,1,7,3
18,6,1,HYD,BOM,585,0,10.8,0.29968138343230716,10,66,B737,0,0.5199,3,0,1
4,5,12,MAA,BOM,981,0,7.2,0.332161536953545,3,89,ATR72,0,0.1829,5,0,3
19,6,2,DEL,BOM,1161,0,12.7,0.3977834574322517,10,68,B777,1,0.5591,1,0,4
10,0,9,BLR,HYD,507,1,2.7,0.1556980137337738,5,65,B777,0,0.3623,2,3,4
12,1,5,DEL,BOM,1192,0,1.9,0.3828334131096881,4,26,A320,0,0.3031,1,0,0
10,4,6,DEL,GOI,1897,2,13.3,0.36876189524108904,4,22,A320,1,0.9975,1,7,0
6,1,12,BOM,PNQ,97,0,9.3,0.10972049953544444,16,34,B777,0,0.3639,0,8,4
3,3,12,DEL,BOM,1134,0,9.2,0.34844438097364805,5,54,B777,0,0.2394,1,0,4
3,6,3,HYD,BOM,573,2,7.5,0.27289328616701836,20,24,B777,1,0.8092,3,0,4
14,0,12,CCU,DEL,1300,1,13.2,0.3937820328184938,14,41,A320,1,0.6775,4,1,0
19,6,2,BOM,BLR,872,0,11.7,0.3095778951538274,21,64,ATR72,1,0.6238,0,2,3
16,0,4,CCU,DEL,1323,0,11.8,0.47712039091461506,1,62,B777,0,0.3908,4,1,4
15,4,1,MAA,BOM,990,2,9.2,0.252551563779925,20,55,A321,1,0.701,5,0,2
3,1,4,DEL,BLR,1761,0,7.0,0.4154484857487181,13,39,A321,0,0.2862,1,2,2
0,1,7,BOM,BLR,820,0,10.3,0.2312586215153814,17,40,A320,1,0.5625,0,2,0
21,6,3,DEL,CCU,1320,2,6.9,0.47971623529541557,10,42,A320,1,0.7119,1,4,0
23,6,3,BLR,BOM,815,0,5.3,0.3388356540178325,19,79,B737,0,0.2855,2,0,1
0,5,7,DEL,BLR,1749,0,7.7,0.4492213705022043,12,56,A320,0,0.3797,1,2,0
2,2,10,CCU,DEL,1299,0,12.2,0.44885022494762417,19,32,A320,1,0.5495,4,1,0
18,4,9,BOM,PNQ,115,0,7.6,0.1030781218808606,4,47,A321,0,0.3412,0,8,2
19,0,2,BOM,PNQ,167,2,11.9,0.12135973899017896,12,42,ATR72,1,0.9685,0,8,3
1,1,5,HYD,BOM,669,0,4.8,0.27972702621240036,13,71,B737,0,0.1619,3,0,1
7,3,7,BOM,MAA,1057,0,5.7,0.3687446777595052,1,50,B777,0,0.3975,0,5,4
5,3,7,BOM,PNQ,159,3,4.3,0.1844636487198772,7,64,B777,1,0.8238,0,8,4
17,1,1,HYD,BOM,658,1,12.9,0.277042977035577,9,39,A320,1,0.7308,3,0,0
13,4,9,DEL,GOI,1942,0,12.8,0.3414911342747816,18,83,B737,1,0.5366,1,7,1
7,4,8,DEL,CCU,1256,0,13.4,0.41791230258581147,12,24,B777,1,0.8172,1,4,4
7,5,7,BLR,BOM,804,0,3.6,0.2526029522325039,4,75,A321,0,0.401,2,0,2
22,5,1,GOI,DEL,1947,0,6.4,0.37704246678501474,7,30,A320,0,0.2708,7,1,0
19,4,12,BOM,PNQ,143,0,9.7,0.12345909861691061,4,44,A320,0,0.4194,0,8,0
8,2,2,DEL,BLR,1701,0,2.2,0.3922426605930775,8,83,B777,0,0.3069,1,2,4
10,2,12,MAA,BOM,1036,0,11.3,0.3471662786014136,14,43,ATR72,0,0.4589,5,0,3
19,6,12,DEL,BOM,1162,0,7.2,0.32314109968565535,1,41,B737,0,0.3993,1,0,1
9,0,6,AMD,DEL,903,1,11.6,0.19613048827031399,16,51,A321,1,0.8285,6,1,2
16,5,11,BOM,BLR,878,0,12.8,0.27698404573945196,10,77,A321,0,0.3608,0,2,2
18,6,12,BOM,MAA,1009,0,8.4,0.28629217806239793,12,47,B737,0,0.4645,0,5,1
6,5,8,BOM,MAA,1058,1,10.7,0.3470118006930304,8,43,B777,1,0.7588,0,5,4
10,4,6,BOM,PNQ,153,0,9.7,0.19525545404455724,9,28,B777,0,0.4781,0,8,4
16,3,5,BOM,PNQ,152,3,6.3,0.16683345002888827,21,73,A321,1,0.8167,0,8,2
7,2,7,BOM,PNQ,122,0,6.4,0.18488578362126445,2,89,ATR72,0,0.374,0,8,3
8,6,6,BLR,BOM,876,2,8.1,0.31271553970941063,4,37,B777,1,0.9951,2,0,4
19,1,5,BOM,DEL,1162,3,9.4,0.4008916073163251,2,69,B737,1,1.0,0,1,1
2,6,6,DEL,CCU,1342,0,2.9,0.4542191339053226,21,87,A321,0,0.4317,1,4,2
20,1,8,BOM,MAA,1031,0,10.4,0.33685878901528776,20,71,A321,1,0.6847,0,5,2
16,3,11,BOM,PNQ,93,0,13.8,0.1942610603440034,14,54,A320,0,0.3777,0,8,0
22,4,7,BLR,DEL,1759,1,9.6,0.3796869639601405,8,33,B777,1,0.6219,2,1,4
14,4,9,BOM,BLR,872,1,4.9,0.2752878278456244,2,41,ATR72,0,0.4801,0,2,3
3,1,1,HYD,BLR,498,0,3.0,0.20046821706532753,13,52,ATR72,0,0.1302,3,2,3
7,3,11,BOM,MAA,1056,0,1.0,0.33988359629245724,7,29,ATR72,0,0.436,0,5,3
18,5,1,DEL,GOI,1887,1,4.0,0.3697723134227548,17,26,B777,1,0.7979,1,7,4
20,6,2,GOI,DEL,1902,2,11.5,0.2990105612660084,16,58,B737,1,1.0,7,1,1
4,0,5,MAA,BOM,1023,0,3.3,0.25851308228315617,16,64,B737,0,0.2034,5,0,1
0,3,2,DEL,CCU,1326,1,6.5,0.42683161427646604,2,29,B777,0,0.5207,1,4,4
12,3,10,BOM,DEL,1100,3,8.0,0.36152929628549174,21,32,B737,1,0.9146,0,1,1
8,5,5,BLR,DEL,1705,1,11.1,0.36705857812354215,20,68,B737,1,0.8468,2,1,1
8,5,8,DEL,GOI,1880,2,9.1,0.3990281855118186,3,75,B777,1,0.9596,1,7,4
10,5,4,GOI,DEL,1917,0,3.7,0.28516381245412625,18,47,A321,0,0.2641,7,1,2
1,2,9,DEL,GOI,1906,2,8.1,0.30197271669853853,8,54,B777,1,0.7208,1,7,4
18,5,4,BLR,DEL,1738,0,1.9,0.4310333201918813,1,24,A321,1,0.5224,2,1,2
8,5,5,CCU,DEL,1276,0,9.7,0.4053107338367984,5,41,A321,1,0.5321,4,1,2
7,0,6,DEL,BLR,1781,1,8.7,0.4537821468096445,11,62,B737,1,0.7815,1,2,1
17,2,11,BLR,HYD,468,2,10.1,0.21915112545312554,5,29,A320,1,0.9877,2,3,0
13,4,3,BLR,BOM,875,0,12.5,0.27684908825626053,2,56,ATR72,0,0.3107,2,0,3
15,1,5,DEL,BOM,1107,2,2.1,0.311670280081525,14,69,B737,1,0.5747,1,0,1
12,4,2,DEL,CCU,1295,0,3.5,0.467116153945023,20,67,A320,0,0.2868,1,4,0
17,3,8,BLR,HYD,483,0,10.3,0.15893554574062266,6,20,A320,1,0.6636,2,3,0
12,0,12,BOM,DEL,1161,2,2.0,0.4108711353296313,13,61,B777,1,0.6143,0,1,4
22,6,9,HYD,BOM,594,2,3.5,0.2622535900152853,6,56,A321,1,0.6549,3,0,2
23,4,10,HYD,BOM,628,0,2.0,0.23969630039081208,5,67,A320,0,0.0959,3,0,0
22,6,2,MAA,BOM,1032,0,10.2,0.26071151178217755,1,47,A320,0,0.3543,5,0,0
23,6,5,HYD,BLR,468,0,10.4,0.14371531510345864,3,55,B777,0,0.3075,3,2,4
0,2,3,BOM,HYD,624,3,8.3,0.28132869029225716,17,24,A321,1,1.0,0,3,2
21,1,10,DEL,BLR,1732,0,8.9,0.39809035999095027,13,21,ATR72,0,0.4592,1,2,3
11,0,3,DEL,AMD,888,0,13.0,0.24112139109381736,18,62,ATR72,0,0.3964,1,6,3
18,2,8,DEL,AMD,843,0,2.2,0.2270401407748857,9,67,ATR72,0,0.3408,1,6,3
7,5,9,GOI,DEL,1915,2,10.8,0.33901065298506966,10,72,ATR72,1,1.0,7,1,3
2,0,12,BOM,BLR,843,0,7.8,0.23365691950947165,7,41,A321,0,0.1635,0,2,2
23,5,9,DEL,CCU,1300,0,9.7,0.48078486639429713,9,56,ATR72,0,0.4423,1,4,3
20,6,9,DEL,GOI,1918,0,3.0,0.3406680332175662,14,82,A321,0,0.4863,1,7,2
6,3,12,BOM,HYD,668,2,13.4,0.22913528602565056,8,75,B737,1,0.6917,0,3,1
18,6,4,AMD,DEL,903,1,3.6,0.23510245016404382,21,70,A320,1,0.594,6,1,0
22,1,12,BLR,BOM,829,1,11.1,0.3498854585896704,10,50,B777,1,0.54,2,0,4
12,0,3,DEL,CCU,1315,2,5.2,0.4048830076487966,5,65,B777,1,0.562,1,4,4
3,2,2,BLR,BOM,876,0,2.0,0.28268409373736514,1,61,A321,0,0.1131,2,0,2
17,3,3,BLR,HYD,520,0,10.6,0.20960865789344374,3,20,B777,1,0.5838,2,3,4
15,1,3,GOI,DEL,1895,2,6.1,0.291631634645264,5,63,B777,1,0.5167,7,1,4
13,5,3,DEL,AMD,913,2,1.6,0.19318290554455045,5,53,B737,1,0.5273,1,6,1
7,5,5,HYD,BOM,574,0,2.9,0.22855683481081313,1,73,B737,0,0.2914,3,0,1
0,5,5,BOM,BLR,807,0,2.0,0.32467432046023154,7,27,B777,0,0.3299,0,2,4
11,1,4,BOM,HYD,663,0,6.9,0.2831095143214402,20,21,A321,0,0.3632,0,3,2
14,2,11,BOM,MAA,1050,1,9.5,0.3294818945593642,6,53,A321,0,0.4318,0,5,2
18,4,12,HYD,BOM,628,1,9.4,0.27586867335319176,5,44,ATR72,1,0.6303,3,0,3
20,1,1,BOM,PNQ,107,0,9.2,0.15108835340901225,6,30,A321,0,0.4304,0,8,2
6,1,10,DEL,BOM,1182,1,9.0,0.304642512166359,3,34,ATR72,1,0.4919,1,0,3
2,3,1,BLR,HYD,502,0,1.8,0.22799054932004886,10,55,A320,0,0.0912,2,3,0
13,4,4,BOM,PNQ,111,0,6.3,0.19893824822730471,1,80,ATR72,0,0.1296,0,8,3
8,2,6,BOM,HYD,589,1,3.4,0.2286281094393845,9,75,A320,1,0.5415,0,3,0
11,0,6,BOM,HYD,581,0,2.3,0.28272257429802955,19,47,B777,0,0.3131,0,3,4
16,6,7,BLR,HYD,492,0,5.8,0.19435668858860308,2,58,B737,0,0.2277,2,3,1
2,6,9,BLR,BOM,863,2,4.9,0.30029406361465233,6,38,A321,1,0.7401,2,0,2
4,6,12,BLR,HYD,462,0,10.8,0.19711572931744334,13,42,B777,0,0.4488,2,3,4
2,6,5,HYD,BLR,459,1,1.5,0.14804881639145057,7,27,B737,0,0.4592,3,2,1
22,6,3,DEL,AMD,916,1,2.5,0.15099792100586576,17,56,A321,0,0.4104,1,6,2
23,3,3,BOM,MAA,1049,0,6.4,0.353136154657544,2,89,A320,0,0.1413,0,5,0
13,6,7,BOM,DEL,1195,3,11.9,0.33490114694612505,4,58,B737,1,1.0,0,1,1
21,0,6,AMD,DEL,929,1,1.7,0.18454621587162856,2,39,ATR72,0,0.4438,6,1,3
16,5,10,BOM,MAA,996,1,11.1,0.3505132564931368,19,76,A320,1,0.6902,0,5,0
2,2,10,HYD,BOM,632,2,2.6,0.3168885301632445,14,30,ATR72,1,0.6468,3,0,3
23,1,4,DEL,BOM,1133,0,5.7,0.3565489615127322,10,81,A321,0,0.1426,1,0,2
3,2,9,AMD,DEL,925,0,13.5,0.23701039514683428,12,81,B777,0,0.4448,6,1,4
22,2,8,DEL,BLR,1694,0,7.6,0.446555085646833,11,63,A321,0,0.3286,1,2,2
11,2,10,DEL,GOI,1907,2,8.9,0.39194446826164525,13,32,B737,1,0.7768,1,7,1
12,2,12,HYD,BLR,527,0,10.1,0.2300317530911672,8,59,B777,0,0.292,3,2,4
14,3,10,CCU,DEL,1323,1,1.7,0.43579479092304163,16,44,B777,1,0.5443,4,1,4
7,3,1,BOM,MAA,1055,0,3.2,0.32827372346487776,9,47,ATR72,0,0.2813,0,5,3
22,2,2,DEL,BOM,1177,0,3.0,0.39207789361744483,9,34,A320,0,0.2268,1,0,0
21,6,6,HYD,BOM,632,2,5.1,0.3127751523972421,14,45,A320,1,0.7251,3,0,0
8,4,9,MAA,BOM,984,0,2.8,0.34723272233829233,15,59,A321,0,0.4389,5,0,2
18,3,8,BOM,DEL,1128,0,13.5,0.4136683801650467,11,73,B737,1,0.6655,0,1,1
11,3,9,DEL,BLR,1715,3,10.3,0.44920314117449767,16,41,A321,1,1.0,1,2,2
9,6,5,BOM,MAA,1054,0,7.5,0.35524799402513696,1,49,B777,0,0.3421,0,5,4
21,3,4,BLR,DEL,1752,0,6.7,0.36861676952776684,6,40,B777,0,0.2174,2,1,4
7,3,10,BOM,MAA,1047,1,12.2,0.3457986853898075,17,89,ATR72,1,0.7883,0,5,3
20,2,9,HYD,BLR,512,1,9.6,0.20535652024381706,18,44,ATR72,1,0.8021,3,2,3
12,3,9,HYD,BOM,616,0,1.2,0.2224009781202145,15,80,B777,0,0.239,3,0,4
15,5,6,AMD,DEL,878,0,5.1,0.23836937220093735,2,60,B737,0,0.2453,6,1,1
16,2,10,BOM,MAA,1011,3,12.9,0.3223618226594924,10,25,A321,1,1.0,0,5,2
4,0,1,HYD,BLR,549,3,9.2,0.21401147319504457,2,64,B777,1,0.7856,3,2,4
18,5,12,BLR,HYD,547,1,4.5,0.22929307552475672,5,36,B737,1,0.5617,2,3,1
14,6,1,BOM,BLR,817,1,2.1,0.32659964264356345,10,72,B777,0,0.3806,0,2,4
20,6,12,BOM,DEL,1165,0,10.9,0.38751512085387496,3,67,ATR72,1,0.555,0,1,3
3,2,4,BOM,MAA,1000,0,12.8,0.27050060566762624,19,51,B737,0,0.4082,0,5,1
13,3,6,MAA,BOM,977,1,5.5,0.2936094392114897,4,81,A320,0,0.4174,5,0,0
6,0,8,DEL,GOI,1852,3,1.0,0.317054790090849,18,30,A321,1,0.9968,1,7,2
7,4,11,DEL,CCU,1286,1,3.2,0.40595959399549514,20,32,A320,1,0.6824,1,4,0
6,1,4,BLR,DEL,1739,0,11.2,0.4125121921991627,7,76,A320,0,0.365,2,1,0
16,6,7,AMD,DEL,933,0,9.7,0.18004356216230172,21,21,ATR72,1,0.572,6,1,3
14,5,7,DEL,BOM,1125,0,2.0,0.34237159839477616,19,24,ATR72,1,0.5369,1,0,3
10,0,6,BOM,DEL,1103,2,13.6,0.3625615711472403,14,78,A321,1,0.895,0,1,2
19,6,5,HYD,BOM,669,0,9.1,0.2966726336452526,15,27,B737,1,0.6187,3,0,1
8,0,8,DEL,BLR,1703,1,12.0,0.4079393966063527,15,24,B737,1,1.0,1,2,1
10,1,4,DEL,AMD,859,0,8.1,0.22765914084268318,16,32,A320,0,0.3611,1,6,0
23,1,8,MAA,BOM,1022,3,9.5,0.3186695998682758,17,64,A321,1,1.0,5,0,2
17,3,12,DEL,BLR,1781,0,8.4,0.4487482911693639,6,45,A320,0,0.4295,1,2,0
18,0,12,GOI,DEL,1891,2,3.7,0.3365127968238986,2,41,B777,1,0.7546,7,1,4
22,1,2,GOI,DEL,1902,0,13.2,0.29766767415338574,10,88,A320,0,0.3191,7,1,0
1,4,4,BOM,HYD,582,1,7.7,0.2867785817017565,9,38,B777,0,0.3847,0,3,4
10,5,1,AMD,DEL,873,1,5.7,0.26184809855342517,5,62,A321,0,0.3547,6,1,2
18,5,5,DEL,GOI,1905,0,12.5,0.359186997089083,3,41,B737,1,0.6137,1,7,1
1,1,8,BOM,PNQ,167,2,5.2,0.13279408160703762,12,71,A320,1,0.6531,0,8,0
13,4,1,DEL,BOM,1162,0,4.4,0.3075804009499836,21,29,A321,0,0.373,1,0,2
10,2,3,AMD,DEL,938,0,5.0,0.24944717475697037,16,48,ATR72,0,0.1998,6,1,3
15,3,5,BOM,MAA,1032,1,10.3,0.2800203726333694,16,20,A321,1,0.762,0,5,2
7,5,4,BLR,DEL,1772,1,7.0,0.40061564717244325,9,51,B777,1,0.5602,2,1,4
23,2,2,DEL,GOI,1935,0,6.7,0.3527236668006693,19,27,B737,0,0.3911,1,7,1
14,6,6,DEL,AMD,841,0,7.5,0.23748673366364897,10,39,B737,0,0.315,1,6,1
16,3,3,DEL,GOI,1936,0,12.9,0.3463807501743112,14,64,ATR72,0,0.3886,1,7,3
10,0,6,BLR,BOM,799,0,2.7,0.3282018503254241,6,75,A321,0,0.2313,2,0,2
23,5,9,BOM,HYD,646,0,1.2,0.2800116546242861,8,49,A321,0,0.262,0,3,2
6,6,8,BLR,BOM,890,0,13.7,0.31644248510365147,18,56,A320,1,0.5766,2,0,0
16,6,6,DEL,BOM,1159,0,5.4,0.3908315251181442,16,63,B737,0,0.4063,1,0,1
23,5,7,BOM,BLR,892,0,11.3,0.2424759015128053,19,65,B737,1,0.547,0,2,1
18,6,5,HYD,BLR,520,0,2.7,0.14650806104011116,3,50,ATR72,0,0.2586,3,2,3
0,6,10,BOM,DEL,1164,1,2.7,0.3657412892782198,18,55,A321,0,0.4963,0,1,2
9,1,3,BOM,HYD,601,0,4.4,0.2169986095432147,21,72,B777,0,0.3368,0,3,4
20,6,11,CCU,DEL,1284,0,11.7,0.47363247083668664,14,78,B737,1,0.6395,4,1,1
13,0,11,PNQ,BOM,113,0,6.5,0.09589966934453772,10,62,A320,0,0.0884,8,0,0
5,5,5,BOM,DEL,1165,0,10.2,0.35757135501107284,7,70,A321,0,0.393,0,1,2
4,0,10,BOM,PNQ,112,2,10.3,0.1525304079399013,8,74,A320,1,0.711,0,8,0
11,0,12,BOM,HYD,642,1,9.7,0.20569420327260818,6,85,B777,0,0.3823,0,3,4
2,1,6,PNQ,BOM,126,0,12.2,0.1214339108393721,3,66,B737,0,0.3986,8,0,1
11,6,6,BLR,DEL,1714,1,2.5,0.4156789280054273,15,66,A321,1,0.5663,2,1,2
11,2,10,HYD,BLR,501,0,3.0,0.20072732247697117,15,32,ATR72,0,0.2003,3,2,3
23,3,5,BOM,PNQ,151,3,10.9,0.18070592878177527,7,66,A320,1,0.9223,0,8,0
22,5,9,DEL,CCU,1343,1,4.0,0.40116173021826684,3,25,A321,1,0.6605,1,4,2
3,4,7,HYD,BOM,669,0,11.5,0.27975569206232315,14,84,ATR72,0,0.4619,3,0,3
2,2,3,AMD,DEL,916,0,2.7,0.24478117475784406,10,27,B777,0,0.2479,6,1,4
0,6,8,BOM,HYD,609,0,11.4,0.2719036784171255,11,77,ATR72,0,0.5088,0,3,3
5,0,12,BOM,DEL,1151,1,9.6,0.4118232125205534,19,45,ATR72,1,0.5647,0,1,3
21,1,10,BOM,HYD,600,0,10.2,0.21916210832041405,20,37,ATR72,0,0.4577,0,3,3
10,0,3,HYD,BOM,593,1,8.6,0.2637636040547228,1,45,B737,0,0.4055,3,0,1
13,0,9,HYD,BOM,608,3,14.0,0.27198023661456294,17,49,B777,1,1.0,3,0,4
16,1,2,HYD,BLR,470,0,10.3,0.15501502977222445,4,34,B777,0,0.332,3,2,4
8,3,10,CCU,DEL,1261,2,1.9,0.4147019847343805,20,44,B777,1,0.8859,4,1,4
10,3,6,GOI,DEL,1853,0,8.9,0.33696172320547896,21,63,A320,0,0.4348,7,1,0
18,3,9,HYD,BLR,453,0,7.7,0.20868771765329705,7,89,A321,0,0.3335,3,2,2
15,3,5,DEL,BLR,1725,1,7.1,0.4538199449562481,17,57,ATR72,1,0.4815,1,2,3
13,3,12,DEL,AMD,864,1,8.5,0.16065987793771466,8,36,A320,0,0.4343,1,6,0
16,4,2,BLR,DEL,1700,1,5.2,0.3751554545005725,6,65,B777,0,0.3501,2,1,4
12,5,9,BOM,HYD,571,0,13.9,0.296982251452484,1,72,ATR72,1,0.4688,0,3,3
12,4,11,BOM,PNQ,124,1,6.4,0.13627066146053896,21,76,B777,0,0.4045,0,8,4
23,0,9,BLR,BOM,868,0,9.2,0.2892598068930722,6,46,B737,0,0.3157,2,0,1
22,2,7,MAA,BOM,1019,0,7.1,0.26500363708244495,1,43,A320,0,0.276,5,0,0
11,4,9,CCU,DEL,1266,1,6.7,0.47339424706788763,8,24,A320,1,0.6394,4,1,0
5,0,4,BLR,BOM,826,0,5.7,0.3334833638814375,21,30,ATR72,0,0.3034,2,0,3
6,2,11,CCU,DEL,1302,1,6.6,0.4234610777569202,5,52,B777,0,0.3694,4,1,4
18,0,5,GOI,DEL,1919,1,10.6,0.3331071429828884,20,85,A320,1,0.7832,7,1,0
22,0,2,HYD,BLR,472,0,6.6,0.20627012507743414,20,75,A320,0,0.1825,3,2,0
14,5,4,BOM,PNQ,149,0,11.7,0.17955312673330398,7,48,ATR72,0,0.3718,0,8,3
19,6,2,BLR,HYD,523,0,11.5,0.21864758252221,21,84,B777,1,0.5875,2,3,4
5,5,12,BOM,MAA,1021,0,4.8,0.3265310146078488,17,71,B737,0,0.2806,0,5,1
16,0,7,DEL,AMD,852,0,8.9,0.1794925126201575,18,38,A320,0,0.4418,1,6,0
4,6,5,AMD,DEL,923,3,13.6,0.26918165590209653,17,55,B777,1,1.0,6,1,4
4,0,3,DEL,BOM,1134,0,3.3,0.32349170799535376,21,46,B777,0,0.2294,1,0,4
6,4,3,PNQ,BOM,130,0,2.7,0.1849387122987574,14,38,A321,0,0.244,8,0,2
4,1,5,BOM,HYD,615,0,7.0,0.23865629048422002,5,48,B777,0,0.0955,0,3,4
10,1,3,DEL,BOM,1102,0,4.3,0.33933043540373903,2,62,A320,0,0.1357,1,0,0
4,2,7,DEL,BLR,1719,0,12.4,0.37835262744280973,14,84,B737,0,0.5013,1,2,1
0,1,11,MAA,BOM,975,1,4.7,0.3369343464852416,17,56,ATR72,0,0.4348,5,0,3
5,1,5,BLR,HYD,510,0,6.6,0.1397447434412823,6,47,B777,0,0.0559,2,3,4
3,5,8,DEL,BLR,1771,1,11.0,0.44771131007235465,15,67,B777,1,0.7791,1,2,4
4,0,12,DEL,GOI,1946,1,9.8,0.35861992377250507,19,45,B777,1,0.5434,1,7,4
8,5,6,BLR,DEL,1693,2,13.4,0.36270241312283447,5,89,B737,1,1.0,2,1,1
9,6,2,GOI,DEL,1932,2,1.0,0.30183999755097607,12,31,B737,1,0.8407,7,1,1
5,0,8,BOM,DEL,1103,0,4.4,0.3546118907057165,2,35,B737,0,0.3118,0,1,1
23,0,6,BOM,MAA,989,0,9.6,0.27301417647083687,17,26,A321,1,0.5592,0,5,2
18,6,6,DEL,CCU,1311,0,5.1,0.4773166707330876,11,37,A320,1,0.6109,1,4,0
19,2,4,DEL,GOI,1929,0,2.7,0.31720414976940425,17,27,ATR72,1,0.5269,1,7,3
7,0,5,BLR,BOM,804,0,10.3,0.30560942179322215,19,89,A320,1,0.5722,2,0,0
7,3,9,DEL,CCU,1264,0,10.5,0.4158500266177876,7,62,ATR72,1,0.6163,1,4,3
16,6,7,HYD,BLR,525,0,12.5,0.16973068704803038,19,51,B777,0,0.5179,3,2,4
21,5,7,HYD,BOM,626,0,2.5,0.2916942790326392,11,55,ATR72,0,0.3167,3,0,3
6,3,7,CCU,DEL,1334,1,3.2,0.46101561051136003,8,78,A320,0,0.4844,4,1,0
20,3,11,BLR,BOM,809,0,6.4,0.3123061937115538,10,81,ATR72,0,0.2749,2,0,3
23,0,1,BOM,MAA,1001,1,4.0,0.30250598609408264,20,34,A320,1,0.491,0,5,0
10,3,3,BLR,DEL,1732,3,12.4,0.4375126403603622,4,45,ATR72,1,0.975,2,1,3
16,4,6,BOM,DEL,1133,0,10.1,0.3556535427830904,8,43,B737,1,0.5123,0,1,1
21,2,11,BOM,HYD,668,2,5.6,0.28374678742598647,10,25,A321,1,0.6635,0,3,2
0,3,4,DEL,BOM,1153,1,11.8,0.3081790311244417,1,25,A321,1,0.6733,1,0,2
16,4,9,HYD,BOM,628,0,2.8,0.22807712864366317,17,44,A321,0,0.3612,3,0,2
9,1,7,CCU,DEL,1268,1,5.8,0.4636574640737273,13,81,A321,1,0.6855,4,1,2
12,0,7,BOM,HYD,612,0,1.3,0.2488143757399003,2,88,A321,0,0.1995,0,3,2
23,6,5,BOM,BLR,818,1,2.1,0.23587451362578288,16,62,B777,0,0.4443,0,2,4
14,2,11,BLR,DEL,1773,2,9.4,0.3553783788387652,12,20,B737,1,0.8422,2,1,1
8,5,12,GOI,DEL,1929,0,8.5,0.3301394626933743,10,73,B777,0,0.4321,7,1,4
10,0,3,BLR,DEL,1700,0,9.7,0.41052202523433196,15,68,B737,0,0.3142,2,1,1
19,1,9,CCU,DEL,1304,3,11.4,0.3979808366371575,4,60,ATR72,1,1.0,4,1,3
21,4,12,AMD,DEL,928,2,9.4,0.2562999596016643,18,62,B777,1,0.7025,6,1,4
10,2,2,BOM,BLR,873,0,3.5,0.2737411774468668,14,40,B777,0,0.2295,0,2,4
1,1,8,DEL,GOI,1894,0,10.0,0.3896796987816128,3,83,B737,0,0.3559,1,7,1
23,1,5,BOM,PNQ,111,1,2.0,0.10570433392895456,9,21,B777,0,0.4423,0,8,4
22,6,7,BOM,HYD,638,0,10.9,0.23615240767829393,13,74,B777,0,0.4945,0,3,4
9,2,5,GOI,DEL,1943,2,8.2,0.28880711170172957,6,88,B737,1,0.7655,7,1,1
9,4,3,HYD,BOM,668,1,10.3,0.2616332002176082,12,59,B737,1,0.7047,3,0,1
2,0,9,BOM,BLR,807,0,10.1,0.329897597905257,10,38,B737,1,0.502,0,2,1
4,1,6,HYD,BLR,541,0,11.0,0.16822654540566706,21,66,B777,0,0.4673,3,2,4
6,6,1,CCU,DEL,1343,0,5.0,0.4343777083713067,17,37,ATR72,0,0.3938,4,1,3
23,1,12,DEL,AMD,863,1,4.5,0.20947598801286854,10,36,ATR72,0,0.3538,1,6,3
11,2,12,BLR,BOM,869,3,8.1,0.28180938929023347,3,44,ATR72,1,0.8827,2,0,3
9,2,6,HYD,BOM,576,0,5.1,0.22572770344470292,16,86,A320,0,0.4403,3,0,0
0,6,4,BOM,DEL,1140,0,1.7,0.3895785683425769,6,78,A320,0,0.2058,0,1,0
22,0,11,HYD,BLR,523,0,4.1,0.19669896840258078,3,88,B777,0,0.0787,3,2,4
3,5,4,DEL,CCU,1293,0,9.9,0.46095879516581484,12,77,B737,0,0.3844,1,4,1
8,0,11,BOM,DEL,1125,2,4.7,0.4173171116055797,5,81,B737,1,0.7169,0,1,1
4,1,4,DEL,GOI,1885,1,3.1,0.3698493649913751,1,77,ATR72,0,0.3479,1,7,3
22,0,1,BLR,BOM,861,1,9.0,0.3060446815393198,13,41,B777,1,0.5424,2,0,4
22,2,10,CCU,DEL,1263,1,7.2,0.39092979092076463,13,35,B737,0,0.4764,4,1,1
1,0,4,BOM,HYD,624,0,13.7,0.28869298075015415,9,85,B737,0,0.3155,0,3,1
20,2,2,BLR,HYD,460,1,3.0,0.1774787015968828,12,89,B737,0,0.471,2,3,1
17,6,1,DEL,BOM,1129,1,4.8,0.3286039270785758,8,58,B737,1,0.5314,1,0,1
6,0,6,BLR,HYD,536,1,5.4,0.21971378215476428,17,39,B777,1,0.5579,2,3,4
4,2,12,BLR,BOM,833,0,7.8,0.2516081402004222,11,67,B737,0,0.1506,2,0,1
16,0,2,BLR,DEL,1740,0,9.0,0.3634690470982834,9,50,A321,0,0.2454,2,1,2
13,5,4,HYD,BLR,457,0,11.3,0.1817371828543685,14,55,B777,0,0.3727,3,2,4
20,6,6,HYD,BOM,623,0,4.7,0.2299599088457745,2,69,ATR72,0,0.392,3,0,3
5,3,12,DEL,CCU,1267,0,12.7,0.46615185160652783,19,56,B777,0,0.4865,1,4,4
4,5,2,DEL,AMD,936,3,1.3,0.18545484434977577,2,64,A321,1,0.7242,1,6,2
3,4,7,MAA,BOM,1036,0,10.0,0.2839820878308973,12,20,A321,1,0.5136,5,0,2
1,4,3,DEL,GOI,1921,0,7.8,0.38731290861226325,9,47,ATR72,0,0.1549,1,7,3
20,6,7,BOM,DEL,1105,0,2.5,0.38830174303221054,7,26,A320,1,0.6053,0,1,0
10,0,3,DEL,BOM,1153,0,13.5,0.349122421651134,1,64,B777,0,0.3396,1,0,4
20,2,11,CCU,DEL,1293,2,10.9,0.4399537411040301,4,57,ATR72,1,0.926,4,1,3
19,2,7,DEL,BOM,1164,2,13.2,0.3787970780980652,18,76,B737,1,1.0,1,0,1
3,6,2,BOM,DEL,1120,0,9.2,0.33583557501379213,2,32,ATR72,0,0.3543,0,1,3
3,1,3,BOM,HYD,621,0,9.1,0.2958050770987761,13,65,ATR72,0,0.2683,0,3,3
18,6,4,BOM,BLR,807,1,1.5,0.24875219981342372,20,75,B737,1,0.5995,0,2,1
1,0,11,CCU,DEL,1276,1,10.0,0.45750506202321906,5,31,A320,1,0.553,4,1,0
23,1,10,GOI,DEL,1913,0,13.4,0.3376403184951668,18,57,A320,0,0.4351,7,1,0
5,6,9,AMD,DEL,848,1,6.9,0.2507824749335214,15,63,ATR72,0,0.5003,6,1,3
12,6,3,MAA,BOM,1042,0,10.6,0.32566377644144573,2,54,A321,0,0.3803,5,0,2
17,4,3,DEL,CCU,1261,2,12.9,0.44369548778800577,3,36,A320,1,0.9975,1,4,0
4,6,3,AMD,DEL,922,0,12.1,0.24451619374905864,17,80,A321,0,0.4478,6,1,2
7,0,4,HYD,BOM,603,0,4.3,0.22510699844773455,13,30,A320,0,0.36,3,0,0
8,4,5,BLR,DEL,1713,0,13.8,0.3903189523605666,3,62,ATR72,0,0.5061,2,1,3
13,5,2,BOM,PNQ,139,2,5.0,0.1377909703545387,5,38,A320,1,0.6251,0,8,0
14,1,5,DEL,GOI,1891,0,3.5,0.30541709558759095,13,21,B737,0,0.3222,1,7,1
19,0,4,HYD,BOM,590,1,7.8,0.3186676749663327,21,32,B777,1,0.6475,3,0,4
4,1,2,DEL,BOM,1099,1,7.7,0.38504111926910695,14,82,B777,0,0.404,1,0,4
7,6,5,BOM,MAA,1016,3,9.8,0.28406952217424086,3,37,A321,1,1.0,0,5,2
10,0,6,DEL,AMD,866,0,10.2,0.1580192367041373,18,85,A321,0,0.4632,1,6,2
7,3,9,DEL,BLR,1788,0,4.5,0.44437583948052545,2,83,ATR72,0,0.4278,1,2,3
3,3,8,PNQ,BOM,134,0,3.2,0.18348412906324235,20,42,ATR72,0,0.3934,8,0,3
13,3,4,DEL,CCU,1280,0,8.0,0.4458703603561459,20,85,B777,0,0.2783,1,4,4
9,5,3,GOI,DEL,1913,2,3.8,0.31558655705176886,6,34,A321,1,0.7962,7,1,2
11,3,9,DEL,AMD,859,2,1.7,0.18371977508527515,13,59,A321,1,0.6235,1,6,2
7,6,7,HYD,BOM,620,1,5.4,0.29882306377906903,9,35,B777,1,0.6895,3,0,4
2,2,3,MAA,BOM,995,0,2.9,0.29457785419342497,1,70,A320,0,0.1178,5,0,0
2,6,6,DEL,BOM,1112,0,10.4,0.38440143682522987,19,33,A320,1,0.6738,1,0,0
19,4,3,HYD,BLR,507,0,1.3,0.1897068636454742,9,63,ATR72,0,0.2259,3,2,3
7,3,4,BLR,HYD,540,2,6.4,0.16185916951465454,4,45,B777,1,0.6147,2,3,4
0,2,10,BOM,HYD,659,0,12.4,0.2511410169798661,12,84,B777,0,0.3505,0,3,4
22,0,1,DEL,GOI,1867,0,6.0,0.360062259416436,17,84,B737,0,0.244,1,7,1
13,5,5,DEL,AMD,924,1,5.6,0.17280136057807519,1,35,B737,0,0.3891,1,6,1
9,2,7,GOI,DEL,1909,3,12.2,0.37563373493153196,7,84,A321,1,1.0,7,1,2
15,1,4,DEL,BOM,1145,0,13.3,0.33951185882141294,8,32,B777,0,0.4058,1,0,4
9,2,11,BOM,HYD,604,3,5.3,0.21868254317328267,6,43,A321,1,0.9075,0,3,2
21,4,5,BOM,HYD,600,0,13.5,0.2070849906430575,19,20,A320,0,0.5328,0,3,0
7,5,7,HYD,BLR,541,0,11.8,0.1919320294875418,10,67,B777,1,0.5768,3,2,4
8,5,4,AMD,DEL,841,1,3.9,0.1747620239015429,3,83,B737,0,0.4699,6,1,1
8,4,11,BOM,DEL,1107,0,4.4,0.4058400332349479,13,43,A321,0,0.4323,0,1,2
0,6,11,DEL,GOI,1910,0,14.0,0.39033610535681224,11,83,B777,0,0.4561,1,7,4
10,4,3,CCU,DEL,1343,0,11.4,0.47452851420118247,16,72,A321,1,0.4898,4,1,2
2,5,8,DEL,BLR,1760,2,2.3,0.4635447349078725,7,60,A320,1,0.7354,1,2,0
10,3,12,DEL,BLR,1722,0,12.0,0.4231850537649785,21,77,A321,1,0.4693,1,2,2
17,2,8,BLR,BOM,842,2,2.1,0.2522892216696254,10,86,ATR72,1,0.7509,2,0,3
7,1,9,DEL,BOM,1186,2,13.8,0.3383057592487126,15,33,B777,1,1.0,1,0,4
7,5,1,BOM,BLR,862,0,1.2,0.3131904697235868,16,81,ATR72,0,0.4253,0,2,3
7,6,3,BOM,PNQ,70,1,10.7,0.14073183738354206,11,49,B777,1,0.7563,0,8,4
15,0,12,DEL,GOI,1874,0,8.9,0.38349620020721326,5,59,B777,0,0.2534,1,7,4
5,2,4,AMD,DEL,863,0,7.5,0.17571149117456145,10,64,A321,0,0.0703,6,1,2
1,0,10,CCU,DEL,1299,2,13.8,0.38172213593622706,7,88,B777,1,0.7527,4,1,4
19,0,9,DEL,CCU,1342,0,6.3,0.4328668419898457,9,25,A321,1,0.5731,1,4,2
2,1,11,DEL,BOM,1122,1,11.7,0.36496103012212366,13,78,B777,1,0.596,1,0,4
18,5,7,HYD,BOM,615,0,13.8,0.3144167819585002,5,74,ATR72,1,0.6258,3,0,3
9,6,3,DEL,BLR,1754,0,11.3,0.3891191812981822,8,71,A321,1,0.5556,1,2,2
6,6,5,PNQ,BOM,105,1,6.6,0.12960584106940265,20,20,ATR72,1,0.6018,8,0,3
6,1,9,DEL,AMD,902,2,9.6,0.1798913898225311,10,52,A321,1,0.672,1,6,2
1,4,3,BOM,PNQ,114,1,7.7,0.14202604632125143,4,84,A320,0,0.3068,0,8,0
18,6,10,DEL,GOI,1893,2,6.5,0.34818001996042947,20,73,ATR72,1,0.8393,1,7,3
8,5,7,BLR,HYD,490,0,7.6,0.14337247083226218,13,88,B737,0,0.4073,2,3,1
0,1,9,BOM,HYD,648,2,10.9,0.24354278634030213,4,29,ATR72,1,0.9474,0,3,3
7,0,6,BOM,BLR,839,0,6.2,0.29779153003032865,20,47,B777,0,0.4691,0,2,4
0,2,6,BOM,MAA,977,0,1.1,0.2936612661116372,11,74,ATR72,0,0.2675,0,5,3
17,1,1,BOM,MAA,990,0,9.3,0.359825342937049,1,65,ATR72,0,0.3939,0,5,3
3,4,5,BOM,PNQ,135,1,3.0,0.13988210859382452,4,44,A321,0,0.376,0,8,2
13,3,1,HYD,BOM,606,0,6.3,0.2575387594741662,13,57,ATR72,0,0.153,3,0,3
7,5,9,DEL,BOM,1102,0,13.4,0.3676664543079446,21,58,B737,1,0.7471,1,0,1
2,4,8,AMD,DEL,918,0,6.4,0.2373769421177318,18,27,ATR72,0,0.445,6,1,3
11,3,11,CCU,DEL,1313,0,1.7,0.4217904863929009,6,44,A320,0,0.2387,4,1,0
15,0,4,PNQ,BOM,139,1,10.7,0.09924410689129036,18,31,B737,1,0.6597,8,0,1
17,0,8,BOM,BLR,884,0,11.1,0.2658107555134709,7,22,A320,1,0.7063,0,2,0
9,2,4,BLR,DEL,1733,0,7.7,0.36833437870178776,10,74,B737,0,0.2973,2,1,1
1,5,4,HYD,BOM,643,0,7.2,0.3081753407800787,7,37,B737,0,0.2433,3,0,1
20,5,10,HYD,BOM,586,0,5.1,0.27819268846700823,17,76,B777,0,0.4113,3,0,4
11,1,7,CCU,DEL,1263,0,2.3,0.45760602490431196,16,84,B737,0,0.383,4,1,1
8,0,11,BOM,PNQ,168,2,7.4,0.12043426830892923,5,81,ATR72,1,0.6482,0,8,3
21,0,4,DEL,CCU,1345,0,10.6,0.4965709831738898,18,30,ATR72,1,0.5686,1,4,3
18,2,12,DEL,AMD,878,0,11.6,0.175836636230595,1,44,ATR72,1,0.4903,1,6,3
15,1,9,BOM,MAA,1018,0,13.1,0.28946417781061606,6,63,A321,0,0.4158,0,5,2
23,5,2,BLR,BOM,855,3,5.1,0.26619267887161546,10,31,ATR72,1,0.8265,2,0,3
23,3,1,PNQ,BOM,96,0,1.7,0.127129968167744,19,84,B737,0,0.2009,8,0,1
4,0,6,DEL,BOM,1191,1,4.7,0.37185170722379135,1,59,ATR72,0,0.4487,1,0,3
7,5,6,DEL,BOM,1196,1,4.5,0.38007240969362077,13,75,B737,1,0.702,1,0,1
7,4,8,HYD,BLR,540,0,13.0,0.21203499874210752,4,76,B777,1,0.5348,3,2,4
16,4,3,HYD,BLR,508,0,7.9,0.141116433503573,1,23,ATR72,0,0.2064,3,2,3
0,2,12,BOM,MAA,1043,1,13.4,0.35869022954918667,4,73,B737,1,0.5435,0,5,1
18,3,10,HYD,BOM,633,0,1.4,0.2946227594970079,11,58,A321,0,0.3178,3,0,2
19,2,2,HYD,BLR,511,1,12.3,0.2008632413388916,2,88,B777,1,0.6303,3,2,4
1,6,2,CCU,DEL,1266,0,5.2,0.4636702168183591,20,22,B777,0,0.4855,4,1,4
3,5,9,DEL,GOI,1866,0,1.5,0.3212365202073793,5,23,B777,0,0.4285,1,7,4
21,3,7,DEL,AMD,857,0,12.2,0.20961621107717338,16,52,A321,1,0.4838,1,6,2
9,3,8,DEL,GOI,1895,0,12.5,0.36390021797233996,20,81,A320,1,0.6956,1,7,0
3,0,10,BLR,DEL,1772,0,7.9,0.3538243390366906,13,21,ATR72,0,0.3415,2,1,3
20,6,1,BLR,DEL,1779,0,9.6,0.394066460775855,2,83,ATR72,1,0.4576,2,1,3
14,6,8,DEL,BLR,1712,0,6.1,0.42628674443027054,16,23,ATR72,1,0.5705,1,2,3
4,2,6,MAA,BOM,1064,2,3.2,0.3260550234784524,21,29,B737,1,0.8804,5,0,1
10,3,12,DEL,BOM,1140,1,13.0,0.324014380943663,17,82,ATR72,1,0.6296,1,0,3
7,6,5,MAA,BOM,1062,0,9.8,0.29414803372425563,10,43,B777,0,0.4877,5,0,4
3,4,10,BOM,DEL,1153,2,13.0,0.4200586763698544,21,62,A321,1,0.868,0,1,2
19,4,10,BOM,PNQ,114,1,11.1,0.17626863091512635,10,68,A320,1,0.6705,0,8,0
22,5,9,DEL,BLR,1773,0,9.0,0.4178236550243048,2,60,ATR72,0,0.4171,1,2,3
18,3,10,CCU,DEL,1352,0,4.4,0.44737932247427753,17,37,ATR72,0,0.499,4,1,3
15,1,10,BLR,BOM,814,1,3.5,0.28277573855743177,5,78,ATR72,0,0.3131,2,0,3
12,6,9,DEL,CCU,1318,0,10.7,0.47153247445637436,18,73,ATR72,1,0.6386,1,4,3
5,5,6,BOM,MAA,1004,0,3.8,0.31816623514049464,7,46,B737,0,0.2773,0,5,1
6,5,5,DEL,CCU,1310,1,2.6,0.48448649400300664,6,20,ATR72,1,0.5938,1,4,3
10,0,2,BOM,MAA,1057,0,13.3,0.2993072236574789,12,84,ATR72,0,0.3697,0,5,3
4,1,4,MAA,BOM,1052,0,13.0,0.26105710508392815,15,40,ATR72,0,0.4244,5,0,3
22,6,11,DEL,CCU,1296,1,11.7,0.43974985450383336,7,52,A321,1,0.6259,1,4,2
3,6,10,DEL,AMD,913,0,11.2,0.1775492134421795,18,59,B777,0,0.421,1,6,4
19,0,1,BLR,HYD,453,2,13.3,0.2042486207122191,17,60,ATR72,1,0.9317,2,3,3
21,3,5,BOM,MAA,988,0,3.3,0.2909447308863651,5,80,ATR72,0,0.1164,0,5,3
13,2,1,DEL,GOI,1880,0,6.2,0.38994032838298975,19,58,ATR72,0,0.256,1,7,3
15,3,9,HYD,BLR,453,0,6.0,0.17481457571149406,18,63,B737,0,0.2699,3,2,1
1,5,6,MAA,BOM,1039,2,6.4,0.30153886538855174,17,29,B737,1,0.9206,5,0,1
17,3,3,DEL,BOM,1133,0,8.2,0.36308372881201234,7,66,B777,0,0.3952,1,0,4
15,2,1,DEL,GOI,1927,0,13.1,0.3605379640260064,4,62,A320,0,0.3442,1,7,0
12,0,10,HYD,BOM,655,0,6.2,0.29725571053319905,11,23,A320,0,0.3189,3,0,0
22,5,4,DEL,GOI,1949,0,1.0,0.3499324492950677,21,61,ATR72,0,0.29,1,7,3
10,1,7,BLR,DEL,1762,2,5.3,0.4165584245484737,2,60,ATR72,1,0.6666,2,1,3
12,3,2,BLR,BOM,809,0,3.8,0.3200923434279055,1,25,B777,0,0.278,2,0,4
10,5,5,BLR,DEL,1773,2,5.5,0.3913218366334628,11,72,A321,1,0.6565,2,1,2
4,0,8,DEL,BLR,1768,1,4.8,0.37360462981308157,7,51,B777,0,0.4494,1,2,4
14,6,7,BOM,DEL,1112,0,13.9,0.3330469505076525,10,76,A321,0,0.4832,0,1,2
19,2,7,DEL,AMD,853,0,3.7,0.22020327924182015,12,28,B777,1,0.5381,1,6,4
23,1,11,GOI,DEL,1946,0,5.3,0.3636174006446484,8,75,B777,0,0.1454,7,1,4
20,5,9,DEL,GOI,1935,2,10.6,0.3114410540986162,14,89,A321,1,1.0,1,7,2
19,3,5,BOM,HYD,613,0,5.5,0.22715719663171033,14,73,B777,0,0.2909,0,3,4
17,6,5,BOM,PNQ,102,0,6.8,0.10917397008342003,21,72,ATR72,0,0.3937,0,8,3
4,5,4,HYD,BOM,660,2,3.8,0.23519188856286416,4,82,ATR72,1,0.5441,3,0,3
23,5,2,BLR,BOM,857,0,4.2,0.26909238152950743,20,80,B737,0,0.2576,2,0,1
0,4,9,MAA,BOM,988,2,12.8,0.2865793235096909,2,44,B777,1,0.8846,5,0,4
21,4,12,DEL,BLR,1787,1,2.6,0.3801682002826878,6,58,A321,0,0.3521,1,2,2
10,5,9,BOM,PNQ,145,0,12.6,0.14677834447901367,4,76,A320,0,0.4587,0,8,0
20,6,5,CCU,DEL,1299,0,3.8,0.42299016975695025,1,39,ATR72,0,0.4392,4,1,3
9,3,7,BOM,DEL,1179,1,10.8,0.3497547379499033,6,85,B777,1,0.7899,0,1,4
5,0,12,BOM,PNQ,98,2,13.0,0.1490069710587742,13,83,ATR72,1,0.7596,0,8,3
1,1,6,DEL,BLR,1783,3,12.0,0.3720528427067425,20,39,B777,1,1.0,1,2,4
19,2,8,DEL,GOI,1870,0,2.5,0.30246238124449315,20,27,A321,1,0.621,1,7,2
23,6,1,BOM,DEL,1135,0,6.9,0.4287426929204239,2,34,ATR72,0,0.2915,0,1,3
23,5,9,BLR,DEL,1732,0,11.6,0.3775838135942567,3,20,B777,1,0.651,2,1,4
13,5,3,HYD,BOM,572,3,9.8,0.22849239786662348,12,62,A320,1,0.8914,3,0,0
10,6,7,DEL,BLR,1699,1,8.6,0.388784257722284,11,34,A320,1,0.7255,1,2,0
3,2,7,PNQ,BOM,163,1,9.7,0.14073703701046383,14,55,B777,1,0.5563,8,0,4
12,2,8,GOI,DEL,1867,2,10.6,0.2927882064981697,18,28,A321,1,1.0,7,1,2
21,1,7,DEL,CCU,1338,2,11.5,0.4725059484528661,13,60,A320,1,0.939,1,4,0
8,5,10,BLR,BOM,858,0,4.3,0.3132781080352517,12,68,B737,0,0.3753,2,0,1
11,4,2,BLR,BOM,841,0,9.9,0.33165843853474186,6,21,ATR72,0,0.3827,2,0,3
18,5,8,DEL,CCU,1295,1,6.3,0.48892660329136184,18,84,ATR72,1,0.7956,1,4,3
17,3,7,MAA,BOM,993,0,10.0,0.34076453646665117,11,44,ATR72,1,0.6063,5,0,3
5,5,7,BLR,HYD,507,0,1.1,0.13472299969088838,18,84,ATR72,0,0.3039,2,3,3
13,1,12,AMD,DEL,927,1,4.1,0.24732773577023776,19,21,B737,1,0.5489,6,1,1
7,0,11,MAA,BOM,997,0,7.7,0.3007684304485446,4,39,B737,0,0.3403,5,0,1
21,3,2,HYD,BLR,528,1,10.9,0.21997535573562949,15,60,B737,0,0.538,3,2,1
12,6,10,PNQ,BOM,123,0,5.0,0.11797801950308659,6,72,B737,0,0.1472,8,0,1
14,1,11,BOM,DEL,1196,2,12.4,0.41640336618191265,6,85,A320,1,0.7666,0,1,0
16,2,5,BOM,DEL,1136,2,4.1,0.33393441350072506,3,35,B777,1,0.6036,0,1,4
12,3,6,BLR,HYD,509,0,9.1,0.1492497601320305,21,56,A321,0,0.3597,2,3,2
3,4,3,HYD,BLR,511,2,10.8,0.22077344226043455,2,61,ATR72,1,0.6883,3,2,3
18,5,10,BLR,DEL,1768,0,3.7,0.37871660520268186,11,84,B737,0,0.4015,2,1,1
10,1,12,DEL,GOI,1852,2,10.6,0.3896943749974834,11,69,A320,1,0.8059,1,7,0
12,4,7,BOM,BLR,845,0,8.2,0.30939191868975924,17,52,A321,0,0.4238,0,2,2
12,3,10,BLR,DEL,1761,1,7.5,0.4394595624986777,16,57,B777,0,0.4758,2,1,4
20,0,5,DEL,CCU,1273,2,2.2,0.497044396682223,16,24,A321,1,0.9988,1,4,2
23,0,5,AMD,DEL,911,0,7.8,0.20200522180020908,6,80,A321,0,0.0808,6,1,2
18,3,1,DEL,BOM,1120,0,11.8,0.3836938655477329,11,29,A321,1,0.7035,1,0,2
4,1,10,GOI,DEL,1897,0,6.0,0.2949696035605485,2,82,ATR72,0,0.118,7,1,3
14,0,5,AMD,DEL,928,1,13.8,0.2543641286619237,10,72,A320,0,0.5017,6,1,0
19,4,11,GOI,DEL,1882,2,4.7,0.29967157354877133,20,41,B737,1,0.8399,7,1,1
2,3,12,BLR,HYD,542,0,1.7,0.19735523230246207,19,69,A320,0,0.1789,2,3,0
6,1,4,CCU,DEL,1317,1,11.5,0.46319439895917197,16,42,A321,1,0.7553,4,1,2
6,4,12,BLR,DEL,1722,0,3.0,0.3870516813601872,2,39,B777,0,0.2248,2,1,4
0,4,8,HYD,BOM,649,0,12.5,0.2843320717696818,18,85,B777,1,0.5137,3,0,4
2,6,8,PNQ,BOM,78,0,8.3,0.1812328677735815,14,71,A321,0,0.4225,8,0,2
10,6,3,GOI,DEL,1867,0,11.7,0.3707433404900406,11,68,B737,0,0.4483,7,1,1
15,3,1,DEL,CCU,1268,2,5.8,0.43465914237134756,15,75,ATR72,1,0.6239,1,4,3
16,1,8,BLR,HYD,519,0,3.6,0.19334038950282745,21,69,ATR72,0,0.2773,2,3,3
14,2,9,BOM,HYD,596,0,4.9,0.29704668060547984,4,32,B777,0,0.2888,0,3,4
18,2,6,GOI,DEL,1917,0,11.6,0.33286926499693004,17,85,A320,1,0.6831,7,1,0
10,3,5,DEL,GOI,1925,1,2.8,0.33673884546021365,15,63,B737,0,0.3847,1,7,1
6,4,9,BLR,BOM,800,1,11.5,0.29132380967206295,7,30,B737,1,0.6865,2,0,1
17,6,3,BOM,HYD,609,0,3.0,0.21606541888596809,4,35,B737,0,0.3564,0,3,1
4,6,1,CCU,DEL,1324,0,3.8,0.4743280826005757,10,64,A321,0,0.2397,4,1,2
4,0,11,DEL,CCU,1309,0,4.3,0.46685429750633556,8,38,B777,0,0.2567,1,4,4
17,5,12,PNQ,BOM,134,2,4.7,0.165354013048683,13,52,A320,1,0.7661,8,0,0
4,6,3,DEL,AMD,867,0,12.5,0.198814554006632,14,25,A321,1,0.5295,1,6,2
18,2,6,DEL,GOI,1875,2,13.6,0.3266978744624611,13,28,B737,1,1.0,1,7,1
12,5,4,CCU,DEL,1326,0,12.6,0.38765040175542675,7,66,B777,0,0.4051,4,1,4
18,0,9,DEL,GOI,1902,0,5.7,0.390379897423371,4,23,B737,1,0.5562,1,7,1
11,2,10,BOM,DEL,1116,0,7.5,0.4134002101026339,6,84,B737,0,0.1654,0,1,1
5,2,7,AMD,DEL,928,2,3.1,0.2171233300554855,15,75,B777,1,0.6368,6,1,4
9,1,12,BOM,BLR,889,0,10.2,0.26708851305944376,8,65,B737,0,0.4568,0,2,1
17,3,12,BLR,DEL,1709,0,14.0,0.3933652246909224,6,30,A321,1,0.5773,2,1,2
14,2,10,BLR,HYD,459,0,1.5,0.17165121339685566,13,39,B737,0,0.1887,2,3,1
6,5,8,BLR,BOM,817,0,3.3,0.32961299843370573,11,44,A321,0,0.4018,2,0,2
14,5,7,BOM,PNQ,85,0,7.7,0.18657286195341494,1,27,ATR72,0,0.4246,0,8,3
1,4,12,BLR,HYD,517,1,9.1,0.1885858657175008,19,28,B777,1,0.6254,2,3,4
23,0,4,HYD,BLR,484,1,1.5,0.15479722444036198,1,34,B777,0,0.3319,3,2,4
18,4,5,GOI,DEL,1859,1,5.3,0.36516767392852356,8,32,ATR72,1,0.5661,7,1,3
14,3,9,DEL,GOI,1901,0,7.2,0.31475800084222616,13,88,B777,0,0.2759,1,7,4
7,6,12,BOM,MAA,975,0,6.3,0.31886526784499664,14,63,B737,0,0.3775,0,5,1
7,4,11,DEL,AMD,903,2,6.2,0.16972590100840307,15,56,A320,1,0.6679,1,6,0
4,4,10,BOM,PNQ,127,0,7.9,0.1672640979688537,11,57,B737,0,0.1669,0,8,1
1,2,8,DEL,BOM,1197,1,8.1,0.3935966065020742,20,88,A321,1,0.6574,1,0,2
19,2,2,DEL,BLR,1719,0,3.8,0.376037621618598,12,86,A321,0,0.3504,1,2,2
4,1,9,MAA,BOM,976,0,5.3,0.29894295955389594,12,57,B737,0,0.2696,5,0,1
9,1,6,MAA,BOM,1022,1,5.6,0.27614377121620937,9,73,B777,1,0.5605,5,0,4
21,4,8,DEL,AMD,929,0,4.9,0.19521708185442338,15,89,ATR72,0,0.2281,1,6,3
21,4,10,DEL,BLR,1775,0,1.8,0.3755556282306253,11,51,ATR72,0,0.2002,1,2,3
16,1,2,PNQ,BOM,103,0,3.9,0.11098262110728033,8,86,B777,0,0.0944,8,0,4
4,5,4,PNQ,BOM,115,1,9.8,0.15471770755907205,9,21,B737,1,0.6119,8,0,1
22,1,5,BOM,MAA,1056,0,12.3,0.33405181923060356,20,33,ATR72,0,0.5036,0,5,3
17,4,5,MAA,BOM,1042,0,7.4,0.2884780302025519,14,68,ATR72,0,0.3154,5,0,3
3,5,6,BOM,BLR,800,0,4.6,0.2383480338241637,7,69,ATR72,0,0.2453,0,2,3
9,0,3,DEL,BLR,1698,2,1.7,0.3784720185562954,10,72,A320,1,0.7014,1,2,0
8,3,7,PNQ,BOM,143,0,12.8,0.1452409215528273,4,22,B777,1,0.7081,8,0,4
8,3,6,DEL,BLR,1736,0,6.4,0.37029854523890576,6,80,B777,0,0.3981,1,2,4
16,4,4,BOM,MAA,1059,1,10.8,0.3379268442467408,13,48,A321,1,0.5852,0,5,2
18,2,5,BLR,HYD,510,1,3.6,0.17629718131062386,3,73,A321,0,0.4205,2,3,2
7,3,3,BOM,DEL,1115,2,7.0,0.38155987170843353,6,20,A320,1,0.8526,0,1,0
18,5,1,DEL,BLR,1697,0,13.6,0.4340601865244025,8,43,ATR72,1,0.6436,1,2,3
17,4,4,HYD,BOM,659,2,5.0,0.26233318393077104,6,30,B737,1,0.7249,3,0,1
5,0,4,BLR,DEL,1723,3,10.2,0.41303846324633015,7,40,B777,1,1.0,2,1,4
13,1,5,CCU,DEL,1274,0,3.0,0.43483623388757914,4,24,A320,0,0.3239,4,1,0
7,0,1,BLR,DEL,1744,0,8.5,0.3980688042965926,20,43,B777,1,0.5792,2,1,4
14,1,9,BOM,HYD,608,0,1.3,0.2517432021480805,5,76,A321,0,0.2007,0,3,2
19,1,8,GOI,DEL,1929,0,12.0,0.282636604001628,12,49,ATR72,1,0.6131,7,1,3
21,0,11,BOM,MAA,1061,0,10.3,0.34828947935086907,3,39,B737,0,0.4093,0,5,1
16,3,10,BOM,HYD,603,1,7.2,0.29431500078605166,13,33,A321,0,0.4377,0,3,2
9,2,7,HYD,BOM,664,0,9.8,0.3101604269442397,10,49,B737,0,0.4741,3,0,1
13,5,1,DEL,AMD,844,0,10.3,0.23958841622363786,15,40,A320,0,0.4658,1,6,0
7,0,11,CCU,DEL,1276,2,12.8,0.4307316395506689,18,38,B737,1,1.0,4,1,1
16,5,12,BLR,BOM,801,3,4.1,0.32846482377026615,21,55,B737,1,0.8814,2,0,1
20,0,9,CCU,DEL,1331,1,9.4,0.47648018431388955,7,49,B737,1,0.7406,4,1,1
23,0,7,DEL,AMD,869,0,6.6,0.2102076510637567,5,71,B777,0,0.1841,1,6,4
23,4,4,BOM,HYD,629,2,12.7,0.22668356935078884,2,27,B737,1,0.8407,0,3,1
20,0,2,BLR,BOM,814,0,9.5,0.3334443812809865,16,24,B777,1,0.6334,2,0,4
1,6,10,DEL,BLR,1746,0,11.5,0.4314098242665294,3,62,B777,0,0.4226,1,2,4
3,3,10,CCU,DEL,1331,0,2.9,0.39716698979790044,7,21,A320,0,0.3089,4,1,0
12,5,3,HYD,BLR,475,0,10.9,0.20201610523539565,3,25,A320,0,0.4808,3,2,0
12,6,1,BLR,BOM,883,3,13.2,0.34701030798029814,2,53,A321,1,0.9888,2,0,2
21,2,4,DEL,CCU,1303,0,10.9,0.4723741580995687,9,69,B777,0,0.3889,1,4,4
2,4,6,HYD,BOM,655,1,3.5,0.28291747152852126,1,73,ATR72,0,0.4132,3,0,3
5,3,5,BOM,MAA,1009,2,9.4,0.3242097275409897,1,68,A320,1,0.6297,0,5,0
12,5,10,DEL,GOI,1949,0,3.5,0.31840484620175813,14,34,B737,0,0.2974,1,7,1
22,4,9,BOM,HYD,596,1,12.7,0.21308711393729154,16,80,A320,1,0.6852,0,3,0
19,6,11,BOM,PNQ,146,1,10.4,0.14171962180739972,3,35,A320,1,0.7767,0,8,0
13,2,3,HYD,BOM,595,1,5.9,0.29507955344486214,12,57,A320,0,0.368,3,0,0
16,2,6,DEL,CCU,1350,0,11.2,0.4435037463052149,1,64,A321,0,0.4774,1,4,2
21,3,3,CCU,DEL,1342,0,8.6,0.4577540022973778,18,21,A320,0,0.5331,4,1,0
19,2,12,BLR,HYD,538,1,4.7,0.21322842163787561,19,37,B737,1,0.6053,2,3,1
8,1,1,HYD,BLR,471,0,2.8,0.19869235697897106,18,66,B737,0,0.3295,3,2,1
12,6,12,HYD,BLR,477,2,2.4,0.16636003362634297,16,44,B777,1,0.6865,3,2,4
6,6,7,HYD,BOM,664,1,3.2,0.24948094780147964,11,67,ATR72,0,0.4998,3,0,3
11,3,1,DEL,BLR,1726,0,3.1,0.4284764630951058,12,78,ATR72,0,0.2214,1,2,3
11,1,8,DEL,CCU,1332,0,9.8,0.41592404006479,7,51,B777,0,0.3664,1,4,4
9,6,8,BOM,HYD,616,0,11.4,0.20179295280717083,18,26,ATR72,1,0.8307,0,3,3
19,1,12,HYD,BOM,610,0,6.8,0.23000495804808463,3,54,B737,0,0.242,3,0,1
20,1,12,DEL,AMD,895,0,9.1,0.20377261977256805,6,73,A320,0,0.3315,1,6,0
14,6,11,DEL,GOI,1902,0,8.1,0.3934046115148695,2,44,B777,0,0.3774,1,7,4
5,6,7,DEL,BOM,1147,0,12.5,0.370984883025679,18,88,ATR72,1,0.5984,1,0,3
4,5,8,DEL,BLR,1698,0,7.0,0.4544576609512643,2,84,B737,0,0.3318,1,2,1
5,6,2,HYD,BOM,662,1,12.9,0.2605877663267223,7,83,A321,1,0.5542,3,0,2
20,5,4,BLR,BOM,801,1,1.8,0.27742911846805696,11,43,A321,1,0.631,2,0,2
13,5,2,DEL,GOI,1893,0,6.0,0.3524942813204374,9,82,ATR72,0,0.191,1,7,3
5,5,4,BLR,BOM,836,0,4.6,0.34604286814628027,20,82,B777,0,0.2884,2,0,4
20,6,5,BLR,HYD,479,0,12.1,0.22791831168803772,16,25,A321,1,0.7412,2,3,2
0,3,7,BLR,HYD,541,0,13.2,0.1730248876554356,19,89,ATR72,0,0.4692,2,3,3
5,2,6,PNQ,BOM,80,0,6.0,0.14380617843492544,6,79,ATR72,0,0.2075,8,0,3
6,4,4,CCU,DEL,1301,0,14.0,0.44573755841415474,2,34,ATR72,0,0.4483,4,1,3
12,3,9,DEL,BOM,1111,0,9.8,0.3737647334518578,3,24,ATR72,1,0.4995,1,0,3
4,4,11,DEL,GOI,1903,2,12.9,0.39557655980289624,16,26,A321,1,1.0,1,7,2
6,5,12,DEL,CCU,1264,0,2.5,0.4335227257346322,8,61,A321,0,0.2234,1,4,2
13,3,7,BOM,BLR,797,0,3.6,0.2517831711214298,14,39,A320,0,0.3207,0,2,0
13,0,10,DEL,BLR,1785,1,9.4,0.41622280927744554,2,83,A321,0,0.4665,1,2,2
23,5,3,GOI,DEL,1922,0,6.3,0.2919917987711849,9,83,A320,0,0.1668,7,1,0
0,3,1,BOM,HYD,636,1,7.1,0.22987870811920622,20,59,A320,0,0.392,0,3,0
12,3,10,BOM,DEL,1131,1,3.5,0.4144820054288724,2,32,B737,0,0.4358,0,1,1
14,0,12,HYD,BLR,477,1,12.1,0.22482078219818297,17,35,B737,1,0.6599,3,2,1
1,2,4,PNQ,BOM,99,0,9.2,0.11849113365751282,15,25,A320,0,0.3974,8,0,0
22,1,3,GOI,DEL,1938,1,4.4,0.31359372013825665,12,83,B737,0,0.3754,7,1,1
9,6,6,BOM,HYD,614,1,12.8,0.20126725561073966,5,22,ATR72,1,0.9305,0,3,3
0,5,5,DEL,CCU,1323,0,5.3,0.45701766510194386,4,30,B737,0,0.3028,1,4,1
16,3,1,DEL,CCU,1310,1,4.3,0.40398338961246366,8,26,B737,1,0.5116,1,4,1
16,1,5,PNQ,BOM,74,0,4.3,0.1639513719720499,11,83,B777,0,0.1656,8,0,4
2,2,3,DEL,CCU,1293,2,2.5,0.4777028900770471,19,57,B737,1,0.6911,1,4,1
8,1,7,BOM,BLR,802,0,5.3,0.24332022835126785,2,89,A321,0,0.3473,0,2,2
4,0,3,BLR,DEL,1742,0,11.9,0.3711675770002942,6,89,A321,0,0.3485,2,1,2
20,4,6,DEL,BOM,1148,2,12.8,0.3585535006393252,9,83,ATR72,1,0.9934,1,0,3
6,1,8,BOM,MAA,1058,1,6.7,0.34068673934386573,10,41,ATR72,1,0.5063,0,5,3
3,0,9,BOM,BLR,863,0,12.2,0.2354157690162148,12,74,A321,0,0.4442,0,2,2
22,3,9,BOM,PNQ,136,3,10.8,0.19167931321712056,13,59,ATR72,1,1.0,0,8,3
8,3,5,HYD,BOM,605,1,11.8,0.2888148479668398,15,59,A321,1,0.7155,3,0,2
22,4,11,HYD,BLR,460,1,10.5,0.23045392695701483,21,46,B737,1,0.5922,3,2,1
10,3,7,MAA,BOM,1026,1,12.0,0.26543679787383756,13,55,A321,1,0.6562,5,0,2
19,4,3,HYD,BLR,543,0,7.2,0.22673442502339353,18,61,ATR72,0,0.3407,3,2,3
14,1,7,BOM,BLR,837,1,8.5,0.27573350557494597,21,45,B737,1,0.6103,0,2,1
20,5,5,DEL,AMD,895,2,6.2,0.22534380023962294,3,49,B737,1,0.6901,1,6,1
13,3,10,DEL,GOI,1906,0,7.1,0.31087631674567684,4,85,B777,0,0.1244,1,7,4
0,0,7,HYD,BOM,590,0,2.6,0.29086260560983357,16,23,B777,0,0.4663,3,0,4
7,3,11,DEL,BLR,1765,0,11.2,0.3706417747059273,19,21,B737,1,0.7483,1,2,1
21,2,10,DEL,BOM,1117,3,12.8,0.3971407654216337,13,66,A320,1,1.0,1,0,0
14,5,7,BLR,BOM,843,2,13.6,0.27596440468251415,13,50,ATR72,1,0.9104,2,0,3
5,4,12,BOM,HYD,628,1,8.7,0.20567857902703812,8,77,B737,0,0.3823,0,3,1
13,2,4,BOM,PNQ,108,0,7.0,0.14972102397051573,10,35,A321,0,0.1799,0,8,2
0,0,6,AMD,DEL,852,0,12.2,0.23530702539609366,5,45,B737,0,0.3941,6,1,1
2,0,11,MAA,BOM,1037,0,13.9,0.2565101720703535,4,79,B777,0,0.3026,5,0,4
2,5,4,DEL,BLR,1730,0,2.1,0.4691877050598809,16,44,B737,0,0.4077,1,2,1
14,0,9,DEL,AMD,895,1,3.4,0.17352311776089985,15,71,B737,0,0.4194,1,6,1
16,0,7,GOI,DEL,1879,3,7.9,0.3364703001399945,18,49,A321,1,0.9346,7,1,2
6,4,4,BLR,HYD,489,1,12.7,0.1351051199910965,4,32,ATR72,1,0.524,2,3,3
22,2,7,BOM,DEL,1100,0,13.9,0.3499747694717852,17,71,A320,1,0.54,0,1,0
20,6,3,BOM,BLR,831,1,1.3,0.2775504821821136,18,22,B777,1,0.761,0,2,4
11,2,9,DEL,CCU,1304,0,6.2,0.46946739054570186,17,84,A320,0,0.3878,1,4,0
21,0,1,DEL,BLR,1693,2,4.5,0.38486912021388053,4,88,ATR72,1,0.5539,1,2,3
3,2,12,HYD,BOM,597,0,5.6,0.2739247827251039,17,56,ATR72,0,0.2096,3,0,3
9,6,10,BOM,DEL,1154,2,12.1,0.35854569966317945,6,64,A321,1,0.9434,0,1,2
3,5,4,HYD,BLR,484,1,6.1,0.1978415774025077,9,60,ATR72,0,0.3291,3,2,3
17,3,10,PNQ,BOM,133,1,3.8,0.1654468708312175,10,41,B737,1,0.5362,8,0,1
4,5,4,AMD,DEL,870,1,3.2,0.18617313816299236,18,47,B737,0,0.4245,6,1,1
16,3,8,AMD,DEL,933,2,12.9,0.18530855771006172,6,36,ATR72,1,0.8441,6,1,3
8,2,2,CCU,DEL,1262,2,5.6,0.3913970296159098,5,65,B777,1,0.7066,4,1,4
21,6,6,BOM,MAA,981,1,5.2,0.28235978303969217,18,44,B777,1,0.6329,0,5,4
8,2,2,AMD,DEL,883,0,12.6,0.19445280924201847,10,44,B777,1,0.4978,6,1,4
10,3,5,DEL,CCU,1260,0,4.3,0.41545849812257957,13,42,A320,0,0.2862,1,4,0
13,0,4,DEL,CCU,1295,3,10.9,0.4552645408672322,3,60,A321,1,0.9821,1,4,2
21,2,10,BOM,DEL,1176,0,12.6,0.34579633273733035,1,59,ATR72,0,0.3383,0,1,3
9,5,5,BLR,DEL,1725,1,1.5,0.35578449856821326,14,82,A320,1,0.5923,2,1,0
19,0,3,DEL,GOI,1923,0,5.9,0.3314183784575702,15,78,ATR72,0,0.3326,1,7,3
5,5,2,BOM,HYD,594,1,3.3,0.23802117710436382,16,74,A321,0,0.4452,0,3,2
10,4,11,BOM,MAA,968,0,2.7,0.2884792362203451,14,41,ATR72,0,0.2354,0,5,3
22,2,3,BOM,HYD,647,0,4.7,0.2506114159884489,13,72,B737,0,0.1502,0,3,1
16,6,7,BOM,BLR,860,0,13.4,0.3284229348962952,3,69,B777,0,0.4814,0,2,4
15,2,4,DEL,BLR,1747,1,3.7,0.46532785378516517,5,56,A320,0,0.3861,1,2,0
1,2,4,BLR,BOM,802,1,8.2,0.30736708273705077,12,29,B777,1,0.6229,2,0,4
19,4,3,BLR,HYD,475,0,9.9,0.19891745510649478,12,33,ATR72,0,0.4496,2,3,3
2,6,4,DEL,AMD,857,1,10.0,0.2218875437536481,12,24,B737,1,0.6388,1,6,1
3,2,4,DEL,AMD,841,0,3.2,0.1726118689903744,11,26,B777,0,0.269,1,6,4
6,3,7,BLR,HYD,452,1,1.8,0.2230005076721791,10,80,A321,0,0.3892,2,3,2
19,2,5,DEL,BLR,1731,3,2.6,0.4678891477667279,13,43,B777,1,1.0,1,2,4
16,1,5,HYD,BOM,595,1,8.7,0.24124878274795802,6,73,ATR72,0,0.3965,3,0,3
15,6,8,DEL,BOM,1144,0,8.1,0.321210992979555,12,52,A321,0,0.4285,1,0,2
10,0,7,BOM,BLR,798,1,2.6,0.255173279841502,13,41,A321,0,0.5221,0,2,2
3,5,2,DEL,AMD,873,0,11.8,0.24231057118887733,11,48,B777,0,0.3969,1,6,4
14,5,10,BOM,HYD,580,0,4.4,0.24989938077000845,16,85,ATR72,0,0.25,0,3,3
13,1,5,DEL,BOM,1119,0,10.8,0.3766234842154585,18,36,A321,1,0.5206,1,0,2
10,0,3,MAA,BOM,995,3,11.4,0.3435534622462271,4,41,B777,1,1.0,5,0,4
15,6,6,DEL,BOM,1173,2,2.2,0.3143418526257485,4,70,A321,1,0.6757,1,0,2
21,4,9,BLR,BOM,872,0,9.2,0.3325700893939893,13,56,B737,0,0.383,2,0,1
19,4,7,DEL,GOI,1884,0,13.2,0.315607764425628,21,46,A321,1,0.6762,1,7,2
23,1,1,BOM,MAA,1010,2,9.1,0.343461698092873,8,59,ATR72,1,0.6374,0,5,3
12,6,9,BOM,HYD,654,0,9.0,0.28457584721322843,4,65,B777,0,0.3638,0,3,4
3,6,4,BOM,DEL,1156,1,9.9,0.3864805115398634,14,21,B777,1,0.7046,0,1,4
5,0,9,GOI,DEL,1871,1,2.1,0.3527736582904091,21,36,B777,1,0.6111,7,1,4
3,3,6,PNQ,BOM,110,0,5.9,0.18792859614076934,5,80,A321,0,0.2252,8,0,2
11,1,9,PNQ,BOM,145,0,5.8,0.18972717852144788,10,81,ATR72,0,0.2259,8,0,3
20,0,2,BLR,DEL,1775,0,8.2,0.4206214023619501,21,31,B737,1,0.5882,2,1,1
7,3,2,BLR,BOM,844,2,14.0,0.2962278564941778,10,63,A320,1,0.8685,2,0,0
2,1,11,PNQ,BOM,147,0,13.1,0.09624612394735307,6,29,A320,0,0.4385,8,0,0
10,3,10,DEL,AMD,864,1,10.4,0.18371099537249047,4,28,A320,1,0.6235,1,6,0
12,5,1,DEL,AMD,872,3,12.1,0.17216989894404505,3,66,A321,1,0.9189,1,6,2
20,3,12,BLR,DEL,1767,1,3.4,0.37959549049018004,2,36,ATR72,1,0.5718,2,1,3
18,3,6,DEL,BOM,1131,1,10.7,0.36943016678964796,8,20,B737,1,0.9478,1,0,1
0,2,12,HYD,BLR,496,3,9.5,0.19754737552212848,8,50,ATR72,1,0.779,3,2,3
2,4,3,BOM,DEL,1098,2,11.5,0.35946898506349034,9,53,A321,1,0.7438,0,1,2
1,3,8,PNQ,BOM,87,1,3.9,0.12279215716412248,14,65,B737,0,0.4491,8,0,1
1,4,6,BOM,BLR,862,0,8.2,0.29919415472179955,11,81,A321,0,0.3697,0,2,2
1,6,10,BOM,DEL,1132,1,10.2,0.36286669402063126,2,45,A320,1,0.5951,0,1,0
9,6,10,DEL,BOM,1191,0,6.4,0.33027279157389394,19,29,B737,1,0.5821,1,0,1
12,1,11,BOM,HYD,575,1,2.0,0.28166491284991224,7,88,B737,0,0.3127,0,3,1
8,1,2,GOI,DEL,1883,0,6.8,0.3332607397216225,9,46,ATR72,0,0.2833,7,1,3
8,0,1,BOM,DEL,1159,1,10.9,0.41062222205709303,17,89,B737,1,0.8142,0,1,1
13,0,4,BOM,HYD,627,0,7.5,0.2129546983323293,2,62,A320,0,0.0852,0,3,0
23,6,7,DEL,AMD,873,0,10.0,0.19805404663005605,8,87,B777,0,0.3292,1,6,4
9,0,11,DEL,BLR,1725,2,13.5,0.3841292414004095,5,76,A321,1,0.9037,1,2,2
15,2,1,HYD,BOM,605,3,11.9,0.23365757375592322,2,49,A320,1,0.8935,3,0,0
4,0,4,PNQ,BOM,165,0,6.7,0.1813620831984465,18,32,B737,0,0.2925,8,0,1
9,2,10,GOI,DEL,1915,0,3.2,0.3502886612577146,16,24,B737,1,0.5401,7,1,1
2,6,6,BOM,MAA,1050,0,2.4,0.27325446345440507,15,69,A321,0,0.3093,0,5,2
18,5,12,BOM,MAA,999,2,6.7,0.36597046638429936,21,37,B737,1,0.9164,0,5,1
17,2,2,DEL,CCU,1350,1,7.0,0.41648462559114935,17,60,ATR72,1,0.6166,1,4,3
22,3,5,BOM,BLR,893,0,12.2,0.25391207526883774,20,54,B737,0,0.4016,0,2,1
7,5,2,CCU,DEL,1270,2,2.6,0.4174860198869337,9,49,A320,1,0.767,4,1,0
15,5,12,BOM,HYD,662,1,2.0,0.2597497662131275,9,35,A320,0,0.4239,0,3,0
9,5,9,CCU,DEL,1338,0,6.0,0.4559875334039964,16,73,B777,1,0.5824,4,1,4
18,1,7,DEL,CCU,1307,2,10.7,0.41002760462131316,4,45,B777,1,1.0,1,4,4
2,5,5,BOM,BLR,891,0,13.6,0.2960469999023162,8,34,A321,0,0.4384,0,2,2
20,0,7,DEL,BOM,1181,0,3.1,0.30707807029617396,10,28,A320,1,0.5228,1,0,0
15,3,4,BLR,DEL,1692,1,4.9,0.384243726167294,15,40,B737,0,0.4737,2,1,1
18,3,10,HYD,BOM,656,0,2.8,0.2918161792021064,4,29,A321,0,0.4167,3,0,2
13,4,4,PNQ,BOM,83,1,1.5,0.1264609854869597,12,31,B737,0,0.4206,8,0,1
23,6,9,HYD,BOM,620,0,10.1,0.2385621529409829,21,31,A321,1,0.6154,3,0,2
8,2,12,GOI,DEL,1884,0,3.5,0.3686122900919927,9,22,A321,0,0.4474,7,1,2
1,5,1,DEL,GOI,1884,1,3.3,0.38032243253236814,1,70,B737,0,0.4021,1,7,1
19,3,9,BLR,DEL,1754,0,11.9,0.3816037829728253,20,71,B737,1,0.7026,2,1,1
1,2,12,BOM,BLR,837,2,7.3,0.2375879787449089,19,23,B777,1,0.745,0,2,4
6,6,7,DEL,CCU,1267,2,13.8,0.45452287180164747,12,29,A320,1,1.0,1,4,0
2,5,6,BOM,MAA,984,1,4.6,0.2850558531955583,13,28,A320,1,0.664,0,5,0
3,0,10,HYD,BOM,633,0,10.4,0.24265476964172727,15,37,A320,0,0.4171,3,0,0
19,6,8,PNQ,BOM,157,2,13.1,0.14634717627307392,21,28,A321,1,1.0,8,0,2
0,1,2,BOM,HYD,641,0,4.1,0.2535186206259405,21,71,A321,0,0.2014,0,3,2
19,0,7,BOM,HYD,572,1,1.2,0.21444689409537587,11,45,B777,1,0.5858,0,3,4
14,4,11,HYD,BLR,501,2,5.2,0.1749762714366245,17,34,B777,1,0.64,3,2,4
19,0,5,HYD,BLR,450,0,7.0,0.15454392623524335,12,39,ATR72,0,0.3318,3,2,3
20,4,11,BLR,HYD,499,2,1.7,0.1949937629800245,20,37,A321,1,0.798,2,3,2
11,0,12,DEL,BLR,1695,3,3.2,0.3969887521926649,4,63,B777,1,0.7588,1,2,4
4,4,1,BOM,BLR,832,2,11.6,0.31733907755374585,1,42,B737,1,0.7969,0,2,1
9,3,9,BOM,HYD,630,1,5.7,0.27548384988450114,8,30,A320,1,0.6302,0,3,0
18,5,6,MAA,BOM,971,0,7.8,0.31086638085618074,6,56,B737,0,0.4243,5,0,1
3,1,4,CCU,DEL,1276,2,10.8,0.38819428739016304,2,88,A321,1,0.7553,4,1,2
18,1,11,BLR,HYD,526,0,7.6,0.17926799632231535,1,51,B737,0,0.2217,2,3,1
20,2,6,GOI,DEL,1874,2,10.0,0.3607741579611766,1,38,B777,1,0.9643,7,1,4
6,5,11,BLR,DEL,1756,1,9.2,0.42534254860382475,12,62,B737,1,0.5701,2,1,1
14,4,9,HYD,BLR,453,1,13.9,0.14876191714730097,10,86,ATR72,1,0.5595,3,2,3
1,0,1,DEL,BLR,1785,0,13.0,0.45645512330507115,10,62,A321,0,0.3826,1,2,2
0,2,4,BOM,HYD,605,0,10.0,0.22477074688664408,15,30,A321,0,0.3099,0,3,2
10,4,9,BOM,MAA,989,1,2.3,0.30246519191134474,9,48,B737,0,0.421,0,5,1
1,3,9,BOM,BLR,873,0,7.5,0.2585450643403569,11,52,B777,0,0.2534,0,2,4
18,0,4,BOM,BLR,852,0,13.1,0.2995666345566069,10,52,A321,0,0.4698,0,2,2
14,5,4,BLR,BOM,849,0,7.4,0.29668375069847525,8,44,B777,0,0.2387,2,0,4
8,6,8,GOI,DEL,1866,0,7.4,0.34794873013403094,9,59,A320,0,0.4392,7,1,0
5,1,10,DEL,GOI,1851,1,5.8,0.3111981953229558,5,84,B737,0,0.3245,1,7,1
15,0,7,DEL,BOM,1174,0,8.5,0.35412113405137596,5,66,A321,0,0.3416,1,0,2
4,4,8,BOM,PNQ,76,0,11.8,0.14040325626153072,10,68,A320,0,0.4062,0,8,0
15,5,7,BOM,PNQ,103,0,10.1,0.1721523073374408,3,82,B777,0,0.4689,0,8,4
4,5,11,GOI,DEL,1944,0,12.4,0.28698953156662377,20,53,B737,0,0.4648,7,1,1
6,1,4,BLR,BOM,827,1,2.0,0.2555558370022276,19,83,ATR72,0,0.4022,2,0,3
19,0,2,MAA,BOM,1030,3,5.2,0.3479859201072421,6,85,B777,1,0.8892,5,0,4
21,1,6,BLR,DEL,1711,0,11.5,0.36111639914597216,13,81,A321,1,0.4944,2,1,2
17,5,1,GOI,DEL,1917,0,2.1,0.3700032363274916,5,88,B777,0,0.348,7,1,4
2,1,7,BOM,HYD,577,2,7.8,0.2801341861606982,6,75,A321,1,0.6121,0,3,2
16,0,10,AMD,DEL,934,2,1.6,0.26047525098512825,3,55,B777,0,0.5042,6,1,4
8,6,6,AMD,DEL,864,3,4.4,0.21879905941945343,17,33,B737,1,1.0,6,1,1
6,0,9,HYD,BOM,581,0,1.3,0.28304645872367484,12,47,B777,0,0.2632,3,0,4
20,1,2,BLR,HYD,454,0,8.8,0.18755289754275317,11,86,A321,0,0.375,2,3,2
15,2,5,BOM,PNQ,152,1,11.5,0.16445781197371745,16,65,B737,1,0.6158,0,8,1
20,3,11,PNQ,BOM,148,1,11.9,0.12468523159236848,15,87,A320,1,0.6999,8,0,0
4,1,1,BOM,PNQ,124,2,4.1,0.10243561338975177,3,86,B777,1,0.491,0,8,4
0,1,2,DEL,BLR,1777,1,11.5,0.45617295085551074,7,60,ATR72,1,0.5825,1,2,3
15,2,6,HYD,BLR,487,0,11.2,0.17439292000038936,18,61,A321,0,0.4698,3,2,2
7,4,11,DEL,BLR,1747,0,5.2,0.3866472016924263,9,83,ATR72,0,0.3047,1,2,3
13,6,2,DEL,GOI,1928,0,5.0,0.3922678647852131,12,36,A320,0,0.3269,1,7,0
16,0,3,MAA,BOM,1059,0,11.3,0.26001810978034234,2,56,B777,0,0.304,5,0,4
12,3,8,AMD,DEL,926,0,2.1,0.1921651842869317,8,41,B777,0,0.2469,6,1,4
21,2,2,PNQ,BOM,168,1,6.3,0.11285737679553563,9,57,A321,0,0.2951,8,0,2
12,0,1,DEL,AMD,886,0,7.2,0.22063908535359913,21,68,A320,0,0.1883,1,6,0
14,6,6,BLR,BOM,874,0,10.1,0.27496105742428634,21,56,A321,1,0.56,2,0,2
1,4,7,DEL,AMD,932,0,9.3,0.18501887015094773,2,31,A321,0,0.344,1,6,2
15,2,8,BOM,DEL,1152,0,5.0,0.42832005413086505,4,43,A320,0,0.3413,0,1,0
19,5,5,BOM,DEL,1161,0,12.5,0.3997829617375448,13,57,ATR72,1,0.6099,0,1,3
18,2,9,CCU,DEL,1286,1,1.8,0.44884175293626416,2,45,B777,1,0.6295,4,1,4
5,3,2,BOM,DEL,1104,0,9.2,0.3502870535939278,1,61,A320,0,0.2401,0,1,0
7,0,8,BLR,DEL,1696,2,13.5,0.4301336749750505,10,73,A320,1,1.0,2,1,0
8,5,10,DEL,GOI,1875,0,10.9,0.38580708527609514,9,37,B737,1,0.6243,1,7,1
7,1,8,MAA,BOM,1064,0,6.3,0.27804892678544857,16,75,B777,0,0.4612,5,0,4
20,0,6,GOI,DEL,1913,0,9.2,0.2801621842903774,14,80,A321,0,0.5121,7,1,2
21,0,9,DEL,BLR,1771,2,10.6,0.437426316160109,8,32,B777,1,0.945,1,2,4
8,3,11,GOI,DEL,1903,0,11.9,0.35932634860568907,20,80,A320,1,0.5937,7,1,0
14,5,9,BOM,HYD,649,0,7.0,0.23468811193025535,20,72,B777,0,0.3439,0,3,4
12,6,3,BOM,DEL,1182,0,12.7,0.35942304934088043,7,32,B777,0,0.4638,0,1,4
12,1,4,HYD,BLR,541,1,5.8,0.19634814918111948,19,21,A320,0,0.5285,3,2,0
8,6,2,HYD,BLR,524,2,13.2,0.21230555969885584,15,53,ATR72,1,0.9349,3,2,3
17,5,9,BOM,MAA,969,0,10.6,0.31015921569572896,9,67,ATR72,1,0.6241,0,5,3
11,1,2,MAA,BOM,1050,0,6.9,0.312959035189453,21,59,ATR72,0,0.2252,5,0,3
8,6,12,BOM,MAA,1035,0,12.5,0.3098271284218551,14,80,A321,1,0.5739,0,5,2
1,1,3,BOM,HYD,598,0,10.5,0.2346977331775725,6,37,ATR72,0,0.3639,0,3,3
23,0,8,MAA,BOM,978,1,13.6,0.277206767600592,20,54,B737,1,0.7109,5,0,1
13,2,3,BLR,DEL,1751,1,8.8,0.39973393835045085,20,65,ATR72,1,0.5599,2,1,3
7,4,2,CCU,DEL,1315,3,3.4,0.3950657226070825,3,40,ATR72,1,0.978,4,1,3
0,3,1,DEL,BLR,1724,1,7.2,0.4548793114121248,11,68,B737,0,0.432,1,2,1
8,0,7,AMD,DEL,919,1,1.2,0.25031052196020576,11,46,B737,1,0.6001,6,1,1
4,2,11,BLR,DEL,1696,0,5.3,0.35488251331923365,2,55,B737,0,0.142,2,1,1
1,6,6,BOM,HYD,622,0,13.3,0.2891971430698306,13,31,ATR72,1,0.5857,0,3,3
22,0,3,MAA,BOM,993,0,9.9,0.29625503768356015,15,63,B737,0,0.2685,5,0,1
17,4,10,CCU,DEL,1290,1,3.1,0.44463200801696007,17,56,ATR72,1,0.6279,4,1,3
15,1,3,BOM,DEL,1197,0,4.4,0.4048772554393497,19,50,B777,0,0.262,0,1,4
3,6,9,BOM,PNQ,114,0,12.3,0.10042091320907201,17,30,ATR72,1,0.6102,0,8,3
23,2,8,DEL,BOM,1183,0,8.9,0.39512132228379465,6,49,A321,0,0.358,1,0,2
12,6,12,DEL,BLR,1698,0,4.9,0.46582118813364215,15,79,ATR72,0,0.2863,1,2,3
8,2,11,BOM,BLR,855,1,7.9,0.28572651563778473,21,44,B777,1,0.6343,0,2,4
8,0,2,DEL,BLR,1698,0,3.8,0.462502970838329,6,39,A321,0,0.405,1,2,2
21,0,3,BOM,HYD,593,2,13.5,0.29961231598239224,12,74,ATR72,1,0.7698,0,3,3
13,6,10,DEL,AMD,901,1,1.5,0.16722794794120022,21,29,B777,1,0.5669,1,6,4
2,6,11,BOM,HYD,644,1,11.7,0.25038065772683205,19,58,B737,1,0.6502,0,3,1
7,1,8,CCU,DEL,1261,1,6.4,0.47659783810683515,11,71,ATR72,1,0.6906,4,1,3
22,5,2,DEL,CCU,1318,0,3.6,0.48419817983539865,9,63,B737,0,0.2437,1,4,1
10,1,6,BOM,HYD,611,1,8.7,0.2587215366802018,15,63,A321,1,0.5535,0,3,2
3,6,4,GOI,DEL,1926,0,3.4,0.34104791659657036,8,49,A320,0,0.1864,7,1,0
16,4,9,MAA,BOM,1050,0,2.8,0.32645490038722424,3,27,B737,0,0.3806,5,0,1
20,4,6,BLR,HYD,503,3,12.2,0.18079334306457231,10,38,ATR72,1,1.0,2,3,3
18,4,4,BOM,HYD,580,1,7.8,0.23962053447448675,10,45,A320,0,0.4458,0,3,0
6,4,6,BOM,BLR,812,2,13.8,0.24489040918199298,11,77,B777,1,0.848,0,2,4
1,6,1,BOM,MAA,1052,0,1.7,0.31819086771173,15,66,B737,0,0.2273,0,5,1
10,6,1,CCU,DEL,1313,3,13.5,0.3990412339328292,9,83,A320,1,1.0,4,1,0
6,3,12,HYD,BLR,460,0,11.5,0.16257231757991128,16,87,B737,0,0.365,3,2,1
12,3,5,DEL,BOM,1127,0,9.2,0.33156122005499755,11,78,B777,0,0.2826,1,0,4
22,1,6,BLR,DEL,1710,1,8.9,0.3962143523347857,4,64,A321,1,0.5585,2,1,2
19,2,7,MAA,BOM,969,0,10.1,0.2897378749176328,5,53,B737,1,0.5659,5,0,1
21,6,10,BLR,BOM,848,0,1.2,0.324363276558637,9,56,A320,0,0.1797,2,0,0
1,5,3,DEL,BLR,1772,1,2.5,0.3991502252576784,1,29,B777,1,0.5597,1,2,4
23,1,3,BOM,BLR,821,0,11.6,0.26897637396366353,8,65,A321,0,0.3076,0,2,2
7,5,8,AMD,DEL,866,1,3.0,0.21451264703722434,12,63,B737,1,0.6358,6,1,1
2,0,5,BOM,BLR,834,1,2.2,0.23198077870008718,12,61,B737,0,0.3428,0,2,1
0,0,9,BOM,BLR,798,3,4.4,0.2857049704048523,15,23,ATR72,1,1.0,0,2,3
22,4,3,PNQ,BOM,101,2,2.2,0.10164052275912744,21,29,B777,1,0.7407,8,0,4
1,1,11,BLR,HYD,502,3,5.1,0.19880700451487138,4,46,A321,1,0.6795,2,3,2
5,3,5,DEL,GOI,1935,0,13.8,0.30554042910494456,12,60,ATR72,0,0.3722,1,7,3
12,0,3,BOM,BLR,848,2,8.4,0.28116692070904276,9,29,A320,1,0.7625,0,2,0
7,3,8,CCU,DEL,1268,0,13.0,0.43311209005976836,10,66,B737,1,0.6232,4,1,1
23,1,10,HYD,BLR,464,1,10.1,0.22963398155942027,15,83,B777,1,0.5419,3,2,4
14,5,10,AMD,DEL,869,0,13.9,0.26526887766437757,1,32,A321,0,0.4261,6,1,2
7,0,7,CCU,DEL,1311,1,5.6,0.45654013841245783,1,64,A320,1,0.6326,4,1,0
15,3,6,AMD,DEL,855,1,2.8,0.20319110133863638,19,43,B737,1,0.5513,6,1,1
0,6,10,DEL,BLR,1777,2,10.3,0.4518503357347085,4,88,B777,1,0.8307,1,2,4
16,0,5,AMD,DEL,869,0,13.2,0.2514985261419256,10,58,A320,0,0.3006,6,1,0
14,4,10,BOM,HYD,589,1,1.6,0.28357176197960243,21,26,B737,1,0.5634,0,3,1
12,0,3,BOM,BLR,837,3,4.9,0.28353946457537615,4,46,B737,1,0.7134,0,2,1
4,3,12,HYD,BOM,614,0,1.7,0.2843464922070822,5,34,A321,0,0.1837,3,0,2
0,6,9,GOI,DEL,1913,1,4.5,0.29304098561746195,1,84,A321,0,0.4672,7,1,2
15,2,5,BOM,MAA,1038,0,5.4,0.3639960642793841,14,32,A320,0,0.2656,0,5,0
4,5,10,MAA,BOM,969,0,7.8,0.29139861510286047,15,33,A320,0,0.2866,5,0,0
11,0,8,DEL,CCU,1275,0,13.9,0.41504623724613904,7,26,ATR72,1,0.616,1,4,3
5,5,2,CCU,DEL,1342,0,5.2,0.4153995569406983,9,21,B737,0,0.3662,4,1,1
15,2,11,BOM,MAA,1061,0,5.1,0.28381105882619584,11,43,A321,0,0.2335,0,5,2
21,2,12,BLR,BOM,865,0,8.1,0.27959618768390976,13,85,A320,0,0.2618,2,0,0
3,4,3,DEL,BOM,1180,1,1.5,0.3158861934771356,13,20,ATR72,1,0.5264,1,0,3
7,5,9,BOM,PNQ,80,0,7.8,0.1967457449235239,11,76,A320,0,0.4787,0,8,0
2,4,1,BOM,MAA,1023,0,7.1,0.3134269634548334,10,21,B777,0,0.2754,0,5,4
19,1,8,HYD,BLR,512,0,9.0,0.15849727677744926,18,46,A321,1,0.5134,3,2,2
6,6,11,HYD,BOM,581,1,7.1,0.2696874294782854,15,51,B737,0,0.4079,3,0,1
16,3,2,DEL,CCU,1334,1,10.6,0.42487482996584214,12,70,A320,1,0.6199,1,4,0
22,0,10,BLR,DEL,1690,3,9.1,0.40034711508099097,16,65,B777,1,0.9601,2,1,4
10,3,5,BOM,DEL,1174,1,8.6,0.406523796521668,11,74,A321,0,0.5126,0,1,2
7,1,1,AMD,DEL,862,2,12.9,0.26281131087586235,5,78,ATR72,1,0.8551,6,1,3
14,5,8,CCU,DEL,1258,0,3.3,0.4038421352023439,5,21,ATR72,0,0.4615,4,1,3
6,3,3,DEL,CCU,1262,0,3.7,0.4717327027414702,10,79,ATR72,0,0.1887,1,4,3
2,3,4,DEL,AMD,850,2,1.8,0.21337839593840544,8,60,B777,0,0.4854,1,6,4
19,1,9,DEL,CCU,1281,0,6.5,0.4271421648502747,18,67,ATR72,1,0.5209,1,4,3
8,1,3,DEL,CCU,1326,0,10.7,0.43563237857706044,18,36,A321,1,0.6943,1,4,2
7,0,10,HYD,BLR,454,0,7.5,0.17646050375934913,4,36,ATR72,0,0.2906,3,2,3
7,2,8,CCU,DEL,1259,0,14.0,0.47747748238426424,11,85,ATR72,1,0.691,4,1,3
17,0,2,BOM,PNQ,145,0,5.9,0.14809795291098213,16,52,A320,0,0.3592,0,8,0
15,0,7,HYD,BLR,477,0,11.0,0.19476728484366618,11,45,A321,0,0.4279,3,2,2
1,3,4,GOI,DEL,1934,1,1.4,0.2976796094387026,15,76,B737,0,0.3691,7,1,1
3,2,7,GOI,DEL,1946,0,8.7,0.3553207287255879,1,52,B737,0,0.3421,7,1,1
5,6,5,DEL,AMD,927,0,1.1,0.19406523180717622,1,65,ATR72,0,0.1276,1,6,3
13,6,8,BLR,HYD,512,0,4.3,0.15315185091488434,2,85,B737,0,0.2113,2,3,1
12,0,8,GOI,DEL,1891,2,4.5,0.3246754239607868,18,29,A320,1,0.8799,7,1,0
21,3,12,CCU,DEL,1323,2,2.8,0.4320260055428517,7,22,A321,1,0.7228,4,1,2
23,2,2,BOM,DEL,1162,2,7.6,0.41532707104132577,2,66,A321,1,0.5661,0,1,2
18,6,5,PNQ,BOM,112,2,7.8,0.1873887370633402,10,82,ATR72,1,0.725,8,0,3
15,4,3,CCU,DEL,1302,0,3.1,0.42225141389701554,20,65,B777,0,0.2689,4,1,4
11,2,10,BOM,PNQ,166,1,1.8,0.19602160853089956,20,40,ATR72,1,0.4984,0,8,3
3,0,7,BOM,PNQ,161,1,5.7,0.13923643356866938,9,66,A320,0,0.4057,0,8,0
16,1,10,DEL,BOM,1188,0,11.5,0.3768094884614749,18,78,ATR72,0,0.4507,1,0,3
23,1,11,BLR,HYD,521,1,3.0,0.1446918468138737,20,89,A321,0,0.3579,2,3,2
3,0,4,DEL,BLR,1747,0,3.5,0.42192098513893245,10,37,A321,0,0.2388,1,2,2
16,1,4,DEL,GOI,1851,0,13.0,0.3268573555169018,19,72,ATR72,0,0.4307,1,7,3
11,3,6,BLR,DEL,1692,1,5.6,0.36064288414094126,12,81,B737,0,0.4943,2,1,1
9,3,11,HYD,BLR,532,1,12.1,0.14863595786359649,6,75,A320,1,0.6095,3,2,0
18,2,9,BOM,HYD,664,0,2.7,0.24989047573358059,17,34,A321,0,0.52,0,3,2
16,1,12,DEL,GOI,1897,0,2.2,0.3755378999435789,7,21,B777,0,0.3002,1,7,4
4,5,2,DEL,BLR,1785,2,8.9,0.43512986174403184,8,59,B737,1,0.7241,1,2,1
0,0,3,BOM,PNQ,102,0,12.0,0.15928369818561927,21,81,B777,0,0.4137,0,8,4
5,3,4,BOM,BLR,826,0,4.2,0.3230101219075351,15,87,A320,0,0.1792,0,2,0
7,2,2,BOM,MAA,965,0,12.7,0.27486754803727836,11,21,ATR72,1,0.6599,0,5,3
17,3,12,BLR,HYD,451,0,5.7,0.205937053618247,19,80,A320,0,0.3324,2,3,0
3,6,12,MAA,BOM,1013,1,13.4,0.3225109401266781,4,89,A320,1,0.579,5,0,0
6,5,12,BLR,BOM,811,1,9.6,0.2509501648425197,16,64,A320,1,0.5504,2,0,0
19,3,8,HYD,BLR,450,0,2.8,0.19595570039209464,1,72,A320,0,0.3284,3,2,0
10,0,12,DEL,BLR,1779,0,4.9,0.42402954698545153,9,30,B777,0,0.2396,1,2,4
23,3,1,DEL,AMD,866,2,2.8,0.17634728748475859,11,67,B777,1,0.5205,1,6,4
1,6,11,CCU,DEL,1330,0,8.5,0.404078569274669,13,54,B777,0,0.3616,4,1,4
10,5,1,DEL,BLR,1772,1,7.3,0.45416946582032564,5,68,A321,0,0.4317,1,2,2
20,2,2,BLR,DEL,1738,3,8.5,0.4266496294834939,19,61,A321,1,1.0,2,1,2
11,0,3,HYD,BLR,530,1,10.8,0.21500702279430634,7,26,A320,1,0.636,3,2,0
8,0,12,BOM,MAA,999,2,3.3,0.3006340825552877,20,24,ATR72,1,0.9203,0,5,3
22,0,7,DEL,BLR,1754,3,3.5,0.4148817708057704,16,50,B737,1,0.966,1,2,1
20,5,7,DEL,CCU,1325,0,11.4,0.40555819873032267,14,67,B777,1,0.7122,1,4,4
7,6,6,BOM,DEL,1124,0,11.5,0.38641747201982674,18,43,B777,1,0.8246,0,1,4
14,4,5,MAA,BOM,1001,0,13.2,0.3445136485687504,20,46,B777,0,0.4378,5,0,4
9,6,9,DEL,BLR,1701,0,6.4,0.3876614356389916,5,74,A320,0,0.4551,1,2,0
6,4,4,DEL,BLR,1770,0,13.5,0.4203801572972152,1,79,ATR72,0,0.3682,1,2,3
12,0,11,HYD,BOM,659,1,4.2,0.22747159102273318,10,21,B737,0,0.441,3,0,1
17,5,3,PNQ,BOM,70,0,6.8,0.13099991113466203,17,67,ATR72,0,0.4024,8,0,3
14,4,9,HYD,BLR,529,0,9.8,0.16014911606568516,18,79,ATR72,0,0.3641,3,2,3
10,5,4,BOM,PNQ,100,0,11.5,0.1305851702950024,20,39,A321,0,0.5222,0,8,2
22,3,11,DEL,AMD,915,0,4.8,0.21889794245893332,12,43,A320,0,0.2076,1,6,0
12,2,9,DEL,BOM,1183,1,2.8,0.36750756351168007,10,53,B737,0,0.447,1,0,1
18,0,10,DEL,BLR,1782,1,1.0,0.39758473762808433,16,46,B777,1,0.609,1,2,4
2,4,3,PNQ,BOM,109,1,7.0,0.13570678172870576,7,59,B777,0,0.3043,8,0,4
1,5,2,PNQ,BOM,119,2,7.2,0.1656260362552858,10,88,B737,1,0.5663,8,0,1
20,1,8,DEL,BLR,1757,3,13.2,0.4346360076634874,10,52,B737,1,1.0,1,2,1
9,3,11,BLR,HYD,481,1,12.1,0.21014330506719203,11,84,B737,1,0.6841,2,3,1
18,1,5,PNQ,BOM,94,0,1.9,0.12404778862859883,9,43,A320,0,0.3196,8,0,0
17,0,12,CCU,DEL,1317,2,2.8,0.44975727221985695,12,65,A320,1,0.7799,4,1,0
15,2,4,DEL,GOI,1890,2,3.2,0.34245649646673526,7,81,B737,1,0.537,1,7,1
13,0,6,BOM,PNQ,92,0,4.8,0.10358109678048666,18,40,B777,0,0.3614,0,8,4
3,3,2,BLR,BOM,855,0,6.8,0.34644518886999975,15,81,B737,0,0.1886,2,0,1
10,0,5,DEL,BOM,1109,0,1.7,0.34791599318407074,16,68,ATR72,0,0.2392,1,0,3
12,0,3,DEL,AMD,867,2,12.6,0.233124946238509,20,85,ATR72,1,0.7932,1,6,3
11,4,8,HYD,BOM,592,1,4.9,0.2980014271081963,19,44,A320,1,0.5892,3,0,0
11,5,7,BLR,DEL,1727,2,5.2,0.43646693217305893,12,69,ATR72,1,0.7746,2,1,3
0,5,6,BOM,DEL,1150,0,13.9,0.33678532377046055,10,69,A321,1,0.4847,0,1,2
6,5,9,DEL,BOM,1139,2,8.7,0.3958328536217607,3,59,B777,1,0.8083,1,0,4
11,2,4,PNQ,BOM,169,3,11.5,0.12153596206116771,20,52,A321,1,0.9986,8,0,2
5,2,6,DEL,BLR,1770,0,1.6,0.425178254836931,18,26,B777,1,0.5201,1,2,4
17,1,12,DEL,AMD,916,1,14.0,0.21123486956182652,7,26,A321,1,0.7845,1,6,2
3,1,5,HYD,BOM,595,0,12.1,0.23216447549906682,19,21,ATR72,1,0.5429,3,0,3
16,2,8,DEL,BLR,1732,0,12.0,0.40092648416701504,2,28,B737,1,0.6104,1,2,1
21,0,12,DEL,AMD,900,0,11.8,0.15953104139147994,17,85,B777,0,0.3638,1,6,4
5,0,7,BOM,DEL,1152,3,11.6,0.37343078366603805,8,47,ATR72,1,1.0,0,1,3
13,4,3,BOM,PNQ,162,0,1.9,0.16983843849314884,14,34,B737,0,0.2379,0,8,1
6,5,5,BOM,HYD,643,2,8.3,0.21983217511856695,4,62,A321,1,0.6379,0,3,2
23,2,5,BOM,HYD,669,2,4.0,0.2695367451200712,2,64,ATR72,0,0.5078,0,3,3
2,4,9,DEL,AMD,856,1,10.6,0.1870123195540042,16,45,ATR72,1,0.6748,1,6,3
13,1,10,BOM,DEL,1151,1,2.4,0.41540791315932174,10,57,A321,0,0.3662,0,1,2
5,4,8,BOM,PNQ,119,3,13.4,0.1798170818460274,21,89,ATR72,1,1.0,0,8,3
17,6,6,PNQ,BOM,137,0,7.0,0.13434817863476028,15,80,A320,0,0.4537,8,0,0
5,0,6,DEL,BOM,1128,1,6.0,0.3208305331154268,16,85,A320,1,0.5283,1,0,0
0,0,1,HYD,BOM,574,1,1.4,0.30920065454614015,8,48,A321,0,0.3237,3,0,2
10,6,2,BOM,MAA,1054,0,3.0,0.3484103001146456,21,38,B737,0,0.3594,0,5,1
9,5,11,BOM,DEL,1148,2,5.6,0.4102577705164998,11,45,B737,1,0.8141,0,1,1
10,4,10,MAA,BOM,1057,2,7.7,0.3118812491954219,4,74,B737,0,0.5248,5,0,1
22,0,9,BOM,HYD,608,1,9.8,0.2203040205035384,6,41,A320,1,0.5581,0,3,0
0,6,2,BLR,HYD,460,0,8.2,0.2155234217493191,16,59,A321,0,0.3362,2,3,2
21,6,12,DEL,CCU,1303,0,3.7,0.42041958941067104,3,26,ATR72,0,0.3682,1,4,3
15,1,6,CCU,DEL,1269,2,3.5,0.475800932148056,3,79,B777,1,0.6903,4,1,4
3,6,11,DEL,BOM,1154,0,8.2,0.3158036502524816,11,20,A321,0,0.4763,1,0,2
14,6,12,BOM,MAA,970,0,5.3,0.3180965507683004,12,22,ATR72,0,0.3772,0,5,3
11,6,6,HYD,BLR,504,2,8.8,0.1582166084232438,17,54,B737,1,0.8133,3,2,1
5,1,5,DEL,GOI,1912,0,11.3,0.30919455267739043,16,86,B737,0,0.4237,1,7,1
16,0,10,HYD,BLR,474,0,1.7,0.23526067161621922,10,60,B777,0,0.0941,3,2,4
5,2,11,DEL,AMD,887,0,9.5,0.21177616529946297,8,74,ATR72,0,0.1847,1,6,3
11,4,10,DEL,BOM,1180,1,3.4,0.38318451141026416,6,38,B737,0,0.4233,1,0,1
18,0,1,GOI,DEL,1852,1,3.2,0.36994314860954713,2,84,B737,0,0.498,7,1,1
12,3,5,MAA,BOM,1061,2,13.1,0.30330521216282696,14,53,B737,1,0.7713,5,0,1
14,6,11,BOM,BLR,856,0,7.3,0.23643667021934195,4,52,B777,0,0.1446,0,2,4
13,3,9,AMD,DEL,846,1,4.8,0.25415585403609814,21,78,ATR72,1,0.5017,6,1,3
23,2,7,MAA,BOM,993,0,11.8,0.31322107934367827,20,56,A320,1,0.5253,5,0,0
15,1,12,GOI,DEL,1893,0,9.9,0.2962639260929756,3,71,A321,0,0.2185,7,1,2
11,5,1,BLR,HYD,507,1,8.9,0.22764285075354046,21,52,A320,1,0.5411,2,3,0
3,1,10,BLR,HYD,464,1,7.0,0.1991832232643723,13,25,B737,1,0.4797,2,3,1
20,4,11,BLR,HYD,537,0,3.9,0.14720752696932954,3,29,B737,0,0.3589,2,3,1
17,0,3,BOM,DEL,1162,0,2.8,0.42511635460355796,17,31,ATR72,1,0.49,0,1,3
22,6,9,CCU,DEL,1262,2,12.5,0.47539796041816507,3,35,ATR72,1,1.0,4,1,3
14,4,8,DEL,BLR,1729,0,12.9,0.39876848031080286,1,37,A320,1,0.5295,1,2,0
21,5,1,DEL,AMD,904,0,12.3,0.1889992362753523,9,46,A320,0,0.3256,1,6,0
10,5,11,AMD,DEL,875,1,1.9,0.21934488829933976,4,63,B737,0,0.3377,6,1,1
10,1,5,BLR,DEL,1764,1,7.2,0.4186574980028839,17,69,B777,1,0.4675,2,1,4
23,6,9,BOM,HYD,632,2,4.2,0.2693423855847831,7,58,ATR72,1,0.6577,0,3,3
11,5,1,BOM,DEL,1186,0,4.2,0.366552346141416,9,29,A321,0,0.3466,0,1,2
6,4,12,DEL,GOI,1877,0,2.7,0.3375938330221281,1,29,A321,0,0.285,1,7,2
4,4,3,DEL,CCU,1344,0,3.5,0.4136172303209167,14,30,B777,0,0.2854,1,4,4
10,0,10,MAA,BOM,1000,0,9.3,0.2997091245299445,12,77,A320,0,0.2699,5,0,0
10,5,3,BOM,HYD,584,1,13.4,0.24382341238205751,12,83,ATR72,1,0.5975,0,3,3
21,4,1,BLR,DEL,1778,2,11.8,0.4182963460729025,4,74,A321,1,0.7673,2,1,2
10,5,3,DEL,BLR,1695,0,2.9,0.4358414113276826,18,51,B777,0,0.3243,1,2,4
9,4,5,DEL,GOI,1945,1,6.2,0.3550728184038962,12,44,A321,1,0.612,1,7,2
7,2,12,BOM,MAA,1017,0,2.3,0.2774154766347287,7,76,A320,0,0.261,0,5,0
20,1,9,HYD,BLR,540,1,9.2,0.19567063689611974,14,21,B737,1,0.8283,3,2,1
5,6,3,CCU,DEL,1310,0,4.7,0.4005679019336534,12,50,A320,0,0.2602,4,1,0
9,3,5,BOM,PNQ,146,2,9.5,0.15211788083227262,10,88,B737,1,0.7608,0,8,1
21,0,4,DEL,BOM,1178,0,2.7,0.36085667462586574,19,83,B737,0,0.2443,1,0,1
2,1,11,PNQ,BOM,112,0,14.0,0.10253400352055844,13,20,A321,0,0.491,8,0,2
6,6,12,DEL,BLR,1767,3,6.3,0.38792906634787067,12,23,B777,1,1.0,1,2,4
20,4,5,BLR,DEL,1720,0,11.6,0.4287155927062096,9,79,B777,1,0.5215,2,1,4
23,0,7,BOM,HYD,633,0,9.7,0.28883205791460276,2,47,A320,0,0.3155,0,3,0
17,0,3,DEL,BLR,1749,0,8.8,0.4648285745751583,3,37,ATR72,0,0.5059,1,2,3
19,1,1,BOM,HYD,628,0,4.7,0.28582233287922854,1,40,ATR72,0,0.3343,0,3,3
10,1,8,BLR,BOM,844,0,6.8,0.3057906350630953,18,29,ATR72,1,0.4723,2,0,3
22,4,8,PNQ,BOM,79,1,10.7,0.13709368360406007,10,49,A320,1,0.6048,8,0,0
9,0,4,DEL,AMD,846,3,1.8,0.15211828972538216,21,57,B777,1,0.9108,1,6,4
12,2,2,DEL,CCU,1330,0,13.8,0.4554182804009427,14,36,B737,0,0.5022,1,4,1
16,2,4,BOM,MAA,1053,0,12.0,0.31189337629211217,9,67,A320,0,0.3248,0,5,0
8,5,3,BOM,PNQ,141,1,7.1,0.13689137242375474,14,24,B737,1,0.7048,0,8,1
22,0,3,BLR,HYD,546,0,3.8,0.21707685182029013,9,73,B737,0,0.0868,2,3,1
6,5,12,DEL,GOI,1878,0,8.2,0.342186538485579,11,26,ATR72,0,0.4869,1,7,3
18,2,11,BLR,HYD,521,0,6.5,0.14689721776313253,2,46,A321,0,0.2088,2,3,2
19,6,3,BOM,PNQ,166,1,13.7,0.1764816529180847,20,40,B737,1,0.8906,0,8,1
11,3,2,HYD,BLR,511,0,10.3,0.16930586884429105,16,30,A320,0,0.4377,3,2,0
23,6,1,BOM,HYD,653,0,6.1,0.24325611855772525,5,60,B737,0,0.1473,0,3,1
16,4,4,DEL,BLR,1725,0,9.2,0.37258029023964007,16,25,A321,1,0.499,1,2,2
8,1,8,GOI,DEL,1929,0,2.5,0.32742941157580785,13,20,A321,1,0.581,7,1,2
2,2,6,HYD,BLR,539,0,6.1,0.22353908654115476,10,26,A320,0,0.3394,3,2,0
20,4,1,BLR,HYD,512,3,11.6,0.19949843401854772,16,65,ATR72,1,1.0,2,3,3
22,4,6,BOM,BLR,828,0,12.0,0.26906617225360513,6,74,A320,0,0.4076,0,2,0
12,5,4,HYD,BLR,461,0,7.0,0.23791003059199609,20,70,A320,0,0.2452,3,2,0
8,1,4,GOI,DEL,1905,0,10.6,0.29225028664416286,18,68,A320,1,0.5669,7,1,0
22,5,12,BOM,PNQ,146,1,2.2,0.1170813463502809,10,69,A321,0,0.3468,0,8,2
23,4,11,BLR,BOM,811,2,6.9,0.28752572177037383,19,38,B737,1,0.685,2,0,1
20,4,12,BOM,DEL,1107,0,11.0,0.35982687322638196,5,87,A320,0,0.4939,0,1,0
3,4,9,AMD,DEL,850,0,11.6,0.20030399337487756,8,65,B737,0,0.3801,6,1,1
23,3,10,BLR,HYD,487,0,7.2,0.1553440620966565,8,24,A321,0,0.2121,2,3,2
0,6,5,BOM,HYD,636,0,12.1,0.20390540534240703,13,70,B737,0,0.3816,0,3,1
2,0,8,DEL,CCU,1307,0,11.9,0.4914211914696477,6,26,A320,1,0.6466,1,4,0
4,5,4,DEL,BLR,1699,1,8.5,0.4186472640035791,10,58,A321,0,0.5175,1,2,2
17,4,12,PNQ,BOM,150,0,3.7,0.18111383650729895,19,38,ATR72,0,0.4424,8,0,3
5,3,12,CCU,DEL,1306,0,3.1,0.4709970774029112,8,36,B737,0,0.2584,4,1,1
6,2,3,PNQ,BOM,165,1,1.8,0.1386093132448029,13,45,B737,0,0.3554,8,0,1
5,2,2,DEL,CCU,1294,1,4.1,0.49263645136096024,17,68,A321,1,0.4971,1,4,2
6,5,11,MAA,BOM,970,0,7.9,0.33365648885727306,3,38,A321,0,0.2535,5,0,2
19,6,12,DEL,BOM,1160,0,8.4,0.36554054909738876,5,61,A320,0,0.4462,1,0,0
4,4,11,BOM,PNQ,121,0,2.2,0.14945461524808634,20,82,ATR72,0,0.2098,0,8,3
10,1,5,BLR,HYD,534,0,7.3,0.15667770720863017,16,89,A320,0,0.1627,2,3,0
13,0,12,AMD,DEL,871,1,13.5,0.21601952643851596,20,48,A321,1,0.5864,6,1,2
21,1,11,DEL,CCU,1266,0,2.4,0.4483563553295816,10,37,A321,0,0.2493,1,4,2
1,4,9,DEL,AMD,916,1,5.6,0.18664302804520766,13,73,A321,0,0.4247,1,6,2
23,5,4,BOM,MAA,1019,0,3.7,0.3658214197697828,19,38,A320,0,0.3663,0,5,0
0,3,6,MAA,BOM,971,0,7.6,0.2835877276868346,8,67,B777,0,0.2134,5,0,4
18,0,5,CCU,DEL,1255,2,6.7,0.3858081039760398,11,71,A321,1,0.7543,4,1,2
1,6,9,DEL,BOM,1159,0,5.3,0.30706842425919323,15,23,B737,0,0.4728,1,0,1
16,1,4,DEL,BLR,1690,0,4.3,0.4109382298076006,16,37,B777,0,0.3344,1,2,4
23,5,2,HYD,BOM,609,2,1.8,0.26563494148450556,7,52,A321,1,0.5563,3,0,2
13,5,11,HYD,BLR,517,2,10.2,0.1821754412327002,17,39,A321,1,0.8929,3,2,2
20,3,1,MAA,BOM,991,1,4.7,0.3272974126809171,5,64,B777,0,0.4809,5,0,4
5,6,10,AMD,DEL,881,0,12.8,0.19300677492906393,3,54,B777,0,0.3272,6,1,4
18,5,5,DEL,AMD,871,1,12.1,0.22760604662616046,7,56,B777,1,0.691,1,6,4
18,2,4,MAA,BOM,979,2,10.5,0.2779731444933161,19,78,A321,1,0.9612,5,0,2
3,1,7,BOM,BLR,848,0,6.6,0.3218318820351155,20,75,B737,0,0.3287,0,2,1
21,2,3,DEL,BLR,1761,0,3.6,0.43806411394056377,16,33,B777,0,0.3452,1,2,4
23,1,2,HYD,BOM,606,0,6.2,0.30428837681640675,21,78,A320,0,0.2217,3,0,0
4,3,3,HYD,BLR,514,0,7.7,0.2167670031025989,16,23,A321,0,0.3367,3,2,2
9,1,10,MAA,BOM,1062,0,4.1,0.28074130102411604,10,34,B777,0,0.3323,5,0,4
23,4,3,GOI,DEL,1885,0,9.5,0.3700959234579412,21,46,A320,0,0.348,7,1,0
14,2,12,MAA,BOM,973,0,11.9,0.263074335747884,16,55,B777,0,0.4052,5,0,4
13,4,8,PNQ,BOM,162,1,9.8,0.16169313859191514,19,62,B737,1,0.6147,8,0,1
21,0,3,DEL,GOI,1908,1,12.0,0.32333246533779975,8,89,B737,1,0.5293,1,7,1
3,5,1,BOM,PNQ,74,1,7.6,0.1513108979047958,11,69,B737,0,0.4105,0,8,1
5,6,1,BLR,DEL,1772,0,6.6,0.3911140032199811,19,34,A320,0,0.3764,2,1,0
19,0,1,DEL,AMD,896,0,11.2,0.2233299738923122,17,30,A320,1,0.6093,1,6,0
19,1,5,BLR,DEL,1699,0,6.5,0.3508663952341612,7,29,ATR72,0,0.4403,2,1,3
20,1,11,BOM,DEL,1101,0,1.4,0.389396567722286,1,53,A320,0,0.3058,0,1,0
10,0,8,MAA,BOM,982,0,7.8,0.2760696908537229,6,46,B777,0,0.2104,5,0,4
2,6,4,DEL,BOM,1158,0,3.3,0.38462651218176414,8,86,B777,0,0.2039,1,0,4
4,6,3,BOM,BLR,850,2,9.8,0.2681666307566086,18,24,B777,1,0.9073,0,2,4
8,5,9,AMD,DEL,907,0,9.2,0.2157215141560835,2,56,ATR72,1,0.4863,6,1,3
14,0,10,AMD,DEL,931,0,5.0,0.26801678030439074,21,33,ATR72,0,0.2772,6,1,3
1,1,5,BOM,PNQ,115,1,2.6,0.19813992769372435,8,83,A320,0,0.3293,0,8,0
7,0,9,BOM,MAA,1010,0,8.4,0.35954827553189195,11,89,B737,0,0.5438,0,5,1
19,5,12,DEL,BLR,1757,0,13.6,0.43141320277331613,5,66,B737,1,0.5726,1,2,1
5,6,2,BLR,BOM,875,1,9.1,0.29420806979688774,13,51,A321,0,0.5177,2,0,2
22,2,6,MAA,BOM,965,0,4.1,0.29944046973123534,12,23,ATR72,0,0.4198,5,0,3
9,3,10,DEL,AMD,853,0,1.2,0.20814132461106577,8,42,B737,0,0.3033,1,6,1
1,2,11,DEL,BLR,1751,2,8.4,0.4351717209515465,11,86,B737,1,0.7241,1,2,1
5,5,12,HYD,BOM,584,0,12.6,0.2558418348209786,16,89,B777,0,0.4523,3,0,4
18,6,9,DEL,CCU,1278,0,13.4,0.449707239686356,2,39,B777,1,0.7499,1,4,4
19,2,5,GOI,DEL,1869,0,13.4,0.3600521231025693,4,29,B737,1,0.644,7,1,1
19,3,3,HYD,BOM,597,0,8.8,0.2777417240826384,1,75,B777,0,0.3611,3,0,4
12,4,8,DEL,BLR,1744,0,2.8,0.3946632276023375,18,56,B777,0,0.3579,1,2,4
5,0,8,DEL,AMD,866,1,7.3,0.2419652133951562,18,26,B777,1,0.6468,1,6,4
20,5,7,DEL,BLR,1748,2,8.0,0.4008347458950623,19,87,A320,1,0.9603,1,2,0
10,6,1,BOM,BLR,849,0,8.8,0.28931137761650755,17,67,B737,0,0.3657,0,2,1
0,1,6,BOM,PNQ,157,1,1.9,0.13408617367536263,4,33,B777,0,0.4736,0,8,4
19,4,8,BLR,DEL,1699,0,12.7,0.41869016623038646,15,69,A321,1,0.6675,2,1,2
21,4,6,BOM,PNQ,140,0,3.7,0.10048438470877044,2,54,ATR72,0,0.1902,0,8,3
15,0,11,DEL,BOM,1113,3,7.5,0.3924647170033467,12,41,ATR72,1,0.877,1,0,3
6,3,6,BOM,HYD,617,0,13.5,0.22675337935546963,19,29,B737,1,0.6407,0,3,1
2,1,6,DEL,BOM,1193,2,4.4,0.3922746810573118,8,83,ATR72,1,0.6569,1,0,3
1,1,12,BOM,HYD,655,1,7.9,0.27261565517557595,14,37,A320,0,0.429,0,3,0
6,3,12,DEL,CCU,1263,0,13.8,0.4990565002891777,21,81,B737,1,0.4996,1,4,1
21,0,10,BOM,BLR,802,1,7.7,0.26776071636073867,11,33,A321,0,0.4271,0,2,2
23,4,3,DEL,AMD,920,0,9.6,0.23394947563347984,14,88,A321,0,0.2436,1,6,2
1,4,4,AMD,DEL,904,0,12.1,0.25993082051195077,20,50,A321,0,0.404,6,1,2
14,4,2,BOM,PNQ,104,2,11.3,0.14494879380841919,20,67,ATR72,1,0.808,0,8,3
8,4,2,AMD,DEL,920,2,7.9,0.18547253568700042,12,58,A320,1,0.6742,6,1,0
2,0,8,DEL,CCU,1263,0,13.1,0.40430598359932135,10,87,B777,0,0.4617,1,4,4
6,6,8,BLR,DEL,1727,2,2.9,0.3588731290693133,13,34,B737,1,0.8135,2,1,1
3,0,1,HYD,BOM,667,0,2.6,0.3012036975976232,1,72,B737,0,0.1205,3,0,1
2,0,1,DEL,AMD,873,0,9.8,0.20789148988570236,21,82,B737,0,0.2832,1,6,1
1,0,7,BLR,BOM,795,0,3.8,0.2770915320913899,11,28,A321,0,0.4108,2,0,2
15,6,2,HYD,BLR,507,0,2.5,0.16897015759151685,1,82,A321,0,0.1176,3,2,2
21,0,4,DEL,AMD,932,0,13.4,0.1930140790110677,18,89,A320,0,0.3772,1,6,0
16,0,4,BOM,MAA,1001,0,3.6,0.36964543126568933,17,29,B777,0,0.3979,0,5,4
23,1,12,HYD,BLR,473,3,9.7,0.20580917889261954,6,83,B737,1,0.7823,3,2,1
13,1,9,PNQ,BOM,151,0,9.6,0.1368335745167074,18,89,A320,0,0.4047,8,0,0
2,1,6,BOM,PNQ,83,0,13.0,0.12049005681153863,9,72,A321,0,0.3982,0,8,2
15,6,10,GOI,DEL,1873,0,6.3,0.3393773910037607,5,30,ATR72,0,0.2558,7,1,3
7,6,4,BOM,PNQ,94,0,3.7,0.1887437341428263,8,77,ATR72,0,0.3255,0,8,3
22,6,8,BLR,HYD,534,2,4.6,0.1990934147981605,2,34,A320,1,0.6996,2,3,0
1,0,9,DEL,BOM,1151,0,1.1,0.3952203316868541,7,39,B777,0,0.3281,1,0,4
5,6,2,MAA,BOM,993,1,10.4,0.32559339876421106,16,39,B737,1,0.7502,5,0,1
22,3,7,BOM,HYD,630,0,2.7,0.20825616836019675,6,34,B737,0,0.2533,0,3,1
12,6,10,DEL,CCU,1284,0,8.3,0.45369342410435715,11,36,A320,0,0.4515,1,4,0
20,2,6,DEL,BLR,1711,0,3.0,0.4244800322732156,17,37,B777,1,0.5898,1,2,4
11,2,9,BLR,HYD,486,0,12.1,0.17916420052325063,15,61,ATR72,0,0.4217,2,3,3
8,5,1,BOM,PNQ,166,0,2.8,0.12357040866494295,5,59,B737,0,0.2994,0,8,1
20,3,5,GOI,DEL,1889,0,1.1,0.2912420970471579,4,47,A320,0,0.2665,7,1,0
15,3,12,GOI,DEL,1904,0,3.1,0.29193544144928363,15,30,A321,0,0.2368,7,1,2
6,6,1,DEL,AMD,928,0,6.7,0.15932755138626875,4,84,A321,0,0.1137,1,6,2
17,3,6,GOI,DEL,1895,0,4.8,0.3350239901683967,17,31,A321,1,0.554,7,1,2
4,1,11,BLR,DEL,1720,0,5.7,0.4197809671241134,11,79,A321,0,0.2179,2,1,2
22,2,11,DEL,BOM,1102,2,2.0,0.30621145721106036,8,87,ATR72,1,0.5225,1,0,3
16,4,12,AMD,DEL,880,0,1.6,0.17419378697204516,11,47,ATR72,0,0.1197,6,1,3
3,5,8,HYD,BLR,515,0,6.3,0.15805486210150108,14,72,ATR72,0,0.2632,3,2,3
10,3,9,BOM,DEL,1176,0,5.9,0.3314652824381848,17,82,ATR72,0,0.3326,0,1,3
19,0,4,CCU,DEL,1303,1,9.5,0.4024901519382307,17,62,A321,1,0.711,4,1,2
0,5,4,DEL,AMD,843,0,9.7,0.2054030805671653,6,70,B737,0,0.2322,1,6,1
17,1,11,BOM,MAA,986,1,2.9,0.35105242415335974,9,50,B737,1,0.4904,0,5,1
7,4,9,AMD,DEL,938,0,4.8,0.17656471480777028,18,27,B737,1,0.5706,6,1,1
18,6,10,GOI,DEL,1933,0,10.1,0.3053126127052598,1,87,B737,0,0.5221,7,1,1
4,6,10,BOM,DEL,1192,0,11.2,0.4264222841723082,10,47,B777,0,0.4206,0,1,4
19,1,9,BOM,HYD,579,0,12.3,0.21283618691052808,21,22,A320,1,0.7851,0,3,0
23,6,5,DEL,BOM,1194,0,2.3,0.3807907032544202,16,83,ATR72,0,0.3023,1,0,3
19,4,5,BOM,BLR,873,0,10.5,0.2548568773735542,4,56,B777,0,0.4519,0,2,4
10,4,3,DEL,BLR,1699,0,2.2,0.45336247553381154,20,39,A321,0,0.3513,1,2,2
9,2,9,BLR,DEL,1783,0,2.1,0.3625075638985665,19,86,B737,0,0.495,2,1,1
2,6,6,PNQ,BOM,70,2,2.0,0.17529855588090937,13,82,B737,1,0.7201,8,0,1
17,4,1,PNQ,BOM,107,0,8.6,0.1107156266437891,7,61,B737,0,0.3443,8,0,1
22,0,11,DEL,CCU,1296,1,1.3,0.4761807007282742,11,28,A321,1,0.5905,1,4,2
12,3,3,DEL,AMD,931,1,3.7,0.23339548334419521,10,38,B737,0,0.3634,1,6,1
21,4,3,BLR,DEL,1724,2,10.4,0.36081743971079633,16,69,B737,1,0.8443,2,1,1
0,6,10,CCU,DEL,1303,0,13.7,0.38160853402305717,8,81,ATR72,0,0.4026,4,1,3
7,3,5,BOM,HYD,630,1,5.1,0.26206257229780505,11,20,A320,1,0.6548,0,3,0
6,2,12,AMD,DEL,863,0,9.0,0.18013819993840616,9,84,B737,0,0.1721,6,1,1
22,2,7,BOM,HYD,589,0,2.4,0.2768816442425641,8,24,B737,0,0.3608,0,3,1
13,4,5,DEL,CCU,1296,0,11.3,0.493094334546626,8,75,A321,0,0.3972,1,4,2
23,3,2,BOM,MAA,995,0,1.3,0.29936935775039114,2,30,A321,0,0.1897,0,5,2
2,2,7,DEL,AMD,876,1,12.4,0.17984725923949696,2,58,B737,1,0.5719,1,6,1
22,1,2,BOM,HYD,603,1,3.0,0.2577635272490637,9,54,A320,0,0.3031,0,3,0
20,6,10,DEL,BLR,1731,1,13.9,0.3793680002971445,18,64,ATR72,1,0.8517,1,2,3
22,1,3,CCU,DEL,1323,0,11.3,0.3957074334691913,3,29,ATR72,0,0.5083,4,1,3
19,6,1,DEL,GOI,1877,2,4.5,0.324317286745593,12,27,A320,1,0.9297,1,7,0
3,5,7,BOM,PNQ,161,0,10.1,0.183731664113232,4,65,B777,1,0.4735,0,8,4
8,0,3,DEL,AMD,869,1,13.8,0.23272727113763247,14,80,A321,1,0.6931,1,6,2
10,2,9,DEL,AMD,860,0,4.3,0.20324026727263822,12,40,B777,0,0.3013,1,6,4
21,1,3,HYD,BOM,626,2,6.6,0.31075284249357865,7,52,A321,1,0.5243,3,0,2
3,4,8,DEL,CCU,1277,1,8.2,0.40967528378931717,21,86,B737,1,0.6639,1,4,1
21,2,5,BLR,HYD,513,0,6.4,0.21213272916730685,8,77,A321,0,0.0849,2,3,2
19,3,11,BOM,DEL,1144,2,1.9,0.3894780586905216,2,20,B737,1,0.8558,0,1,1
4,2,5,BLR,HYD,540,0,11.9,0.15091990501090824,11,65,A320,0,0.3104,2,3,0
15,6,7,CCU,DEL,1343,0,4.7,0.40925530433316043,2,47,B737,0,0.3137,4,1,1
5,4,2,BOM,MAA,981,1,4.1,0.2725757814872517,12,50,ATR72,0,0.359,0,5,3
6,6,3,BLR,HYD,540,0,7.1,0.1587672350452653,1,53,B737,0,0.1135,2,3,1
19,1,12,BOM,PNQ,114,0,10.2,0.1145244633884373,21,37,B737,1,0.6158,0,8,1
19,0,6,GOI,DEL,1946,0,12.8,0.30609283691246686,10,68,A320,1,0.5724,7,1,0
2,4,3,BOM,DEL,1192,1,8.4,0.4284594904412985,7,80,A321,1,0.4714,0,1,2
9,5,8,MAA,BOM,1003,1,6.7,0.31780574161018993,13,40,A320,1,0.7471,5,0,0
15,6,3,BOM,HYD,593,0,13.3,0.20669716455836684,5,51,B737,0,0.3327,0,3,1
10,4,2,DEL,BLR,1767,0,10.4,0.4201393044941461,3,72,B737,0,0.3681,1,2,1
5,4,7,HYD,BLR,535,0,3.8,0.1570012029246966,12,58,A320,0,0.2128,3,2,0
23,4,5,DEL,AMD,880,1,8.5,0.18442282207538055,11,88,B737,0,0.4238,1,6,1
5,2,3,PNQ,BOM,87,2,10.8,0.1444968171573501,3,44,ATR72,1,0.7778,8,0,3
17,3,12,GOI,DEL,1921,2,4.7,0.34634825993214413,14,25,B777,1,0.8885,7,1,4
10,2,12,HYD,BLR,503,0,13.2,0.20099036437344645,7,86,ATR72,0,0.2804,3,2,3
5,3,6,BOM,MAA,1050,0,6.6,0.31326331134961544,8,51,B777,0,0.2253,0,5,4
4,1,6,BOM,PNQ,118,1,8.5,0.15310196292654368,15,72,B777,1,0.5612,0,8,4
7,5,8,HYD,BLR,519,3,14.0,0.20049477308094352,20,40,B777,1,1.0,3,2,4
5,4,7,MAA,BOM,1063,0,5.5,0.27986849610525694,7,69,B777,0,0.2119,5,0,4
0,0,7,GOI,DEL,1902,0,9.1,0.33774962841293177,14,58,B737,0,0.3851,7,1,1
10,3,5,HYD,BOM,668,1,7.2,0.2712094887517518,10,76,A321,0,0.3085,3,0,2
5,2,12,BOM,MAA,1045,0,3.6,0.314882548270713,12,34,B737,0,0.246,0,5,1
19,2,9,CCU,DEL,1301,2,9.5,0.4478381380138309,3,57,B737,1,0.9291,4,1,1
7,1,6,BOM,MAA,1041,1,1.7,0.3441850570231223,7,59,ATR72,1,0.5877,0,5,3
19,3,5,GOI,DEL,1915,0,3.3,0.35300188960890333,11,54,A321,0,0.3412,7,1,2
0,4,11,BOM,DEL,1162,0,3.2,0.33729308322569573,20,63,B777,0,0.2349,0,1,4
16,6,2,PNQ,BOM,110,0,1.1,0.16442495286236194,2,74,ATR72,0,0.1658,8,0,3
23,5,6,MAA,BOM,977,0,11.9,0.33113979369585517,15,56,B777,1,0.5325,5,0,4
12,6,9,BOM,PNQ,149,1,9.5,0.10536965509242871,16,63,ATR72,1,0.6421,0,8,3
3,5,7,BOM,HYD,583,0,13.3,0.24133539407862936,11,23,A320,1,0.6465,0,3,0
19,1,6,MAA,BOM,1037,0,6.8,0.31323287635459196,21,85,B777,0,0.4753,5,0,4
23,1,10,HYD,BOM,570,1,3.0,0.30788715653293725,5,86,A321,0,0.3232,3,0,2
21,0,10,BOM,HYD,628,1,6.0,0.2026300252038821,20,75,A320,0,0.3811,0,3,0
5,4,12,DEL,AMD,937,0,2.3,0.21145433569160066,5,63,B737,0,0.0846,1,6,1
19,3,8,DEL,AMD,840,1,1.1,0.15995534611211926,10,60,B777,0,0.514,1,6,4
19,6,7,BOM,PNQ,151,3,12.3,0.18949643608006567,2,85,A321,1,1.0,0,8,2
6,5,9,HYD,BOM,664,1,7.1,0.25599835714236385,8,22,A321,1,0.6024,3,0,2
18,4,12,GOI,DEL,1860,0,5.7,0.3539912482889481,8,41,ATR72,0,0.3616,7,1,3
23,1,3,GOI,DEL,1899,1,13.1,0.32653352718036005,19,72,A321,1,0.6306,7,1,2
18,0,1,HYD,BLR,465,0,2.2,0.17621036419001562,15,82,B777,0,0.2705,3,2,4
9,2,9,CCU,DEL,1350,0,5.9,0.45606476605576574,17,38,A321,1,0.6024,4,1,2
12,0,10,DEL,CCU,1279,2,7.0,0.431755686395315,12,27,B737,1,0.7727,1,4,1
20,0,10,BLR,BOM,802,0,5.6,0.2946435442069027,7,89,A321,0,0.2679,2,0,2
21,0,4,DEL,AMD,859,1,13.9,0.2140324969390341,19,22,ATR72,1,0.7356,1,6,3
1,4,3,BOM,PNQ,164,1,7.5,0.163708520944028,6,62,A321,0,0.3155,0,8,2
2,5,4,BOM,DEL,1099,1,6.3,0.36250824656470665,1,71,B777,0,0.395,0,1,4
3,1,3,DEL,AMD,927,0,11.3,0.15196253113332833,14,34,B737,0,0.3808,1,6,1
2,1,3,DEL,BOM,1176,0,12.1,0.382486991322506,12,88,ATR72,0,0.403,1,0,3
14,0,9,GOI,DEL,1861,0,1.8,0.2918625505711686,14,36,A321,0,0.3367,7,1,2
14,5,2,BOM,PNQ,139,0,13.6,0.18318762170255026,9,46,A321,0,0.3733,0,8,2
7,2,2,HYD,BLR,454,3,4.7,0.14162787933502505,10,44,A321,1,0.8767,3,2,2
0,3,9,BOM,DEL,1124,2,12.7,0.3847130501152595,8,52,ATR72,1,0.8539,0,1,3
1,5,4,BOM,PNQ,151,0,12.4,0.17859647736068684,13,37,B737,0,0.4914,0,8,1
13,4,5,DEL,AMD,859,2,11.1,0.15329010602895587,12,34,A320,1,0.7813,1,6,0
20,5,12,DEL,GOI,1939,0,4.5,0.32631604486531807,21,27,B737,1,0.5805,1,7,1
1,4,12,AMD,DEL,899,1,13.4,0.21717731943660679,18,80,B777,1,0.5869,6,1,4
8,3,6,BOM,BLR,884,0,9.0,0.29198942454013216,18,53,A320,1,0.5668,0,2,0
0,1,6,DEL,BOM,1131,0,8.9,0.3527065848205355,11,58,A321,0,0.3911,1,0,2
22,1,3,DEL,CCU,1292,0,9.7,0.41918885142770734,8,71,B737,0,0.2677,1,4,1
21,2,6,BLR,HYD,518,0,1.5,0.1653298349149453,12,72,ATR72,0,0.2161,2,3,3
4,1,3,DEL,BOM,1102,2,8.0,0.3841625740547241,10,37,A321,1,0.6237,1,0,2
2,6,12,HYD,BOM,631,1,7.1,0.31396183107860043,13,41,A320,0,0.4956,3,0,0
9,6,7,BOM,PNQ,147,0,8.2,0.10538648485845688,16,58,A320,1,0.5922,0,8,0
16,6,10,BOM,BLR,840,0,2.4,0.27391531982923856,20,86,B737,0,0.2596,0,2,1
17,2,6,DEL,GOI,1913,0,13.6,0.3587455249543416,5,79,A321,1,0.5935,1,7,2
10,1,7,BOM,DEL,1177,1,2.8,0.4278567478660034,20,65,B777,1,0.5711,0,1,4
9,0,6,HYD,BOM,574,0,7.7,0.26984859470811723,17,47,B737,0,0.4579,3,0,1
10,1,1,DEL,CCU,1351,0,10.7,0.4404028719466565,14,89,A321,0,0.4262,1,4,2
8,4,6,BOM,DEL,1162,0,1.3,0.4114604165713378,5,41,A320,1,0.4846,0,1,0
16,0,2,BLR,DEL,1764,0,12.0,0.3917868751517359,10,27,B737,0,0.5067,2,1,1
13,2,9,CCU,DEL,1337,3,11.2,0.4486428042654503,16,25,B737,1,1.0,4,1,1
6,6,5,GOI,DEL,1905,1,8.8,0.3333801731211818,1,76,B777,0,0.4834,7,1,4
17,6,5,GOI,DEL,1918,1,9.4,0.35324992169588565,19,45,A320,1,0.7413,7,1,0
4,3,10,GOI,DEL,1914,0,6.4,0.30435540321011867,21,62,A320,0,0.2217,7,1,0
2,4,3,BLR,HYD,535,0,6.7,0.19100628502239766,19,34,B777,0,0.2464,2,3,4
2,0,1,BOM,HYD,663,1,9.3,0.25834959594126944,11,43,A320,1,0.5233,0,3,0
12,1,6,BOM,PNQ,135,2,10.9,0.1491090737457836,12,70,B737,1,0.8596,0,8,1
19,0,3,DEL,GOI,1879,0,5.0,0.3724800118984734,13,50,ATR72,0,0.349,1,7,3
6,3,9,PNQ,BOM,107,0,11.5,0.1401905815270905,3,60,A320,0,0.4061,8,0,0
5,2,10,BOM,BLR,872,2,2.2,0.2451571889707474,8,72,B777,0,0.4981,0,2,4
2,1,4,DEL,BOM,1162,0,4.0,0.3166756866707289,14,46,B777,0,0.1767,1,0,4
20,5,8,BOM,BLR,839,0,5.0,0.31319623528273216,19,37,B777,1,0.5953,0,2,4
18,6,4,MAA,BOM,1019,0,10.4,0.2529733169295942,3,52,A320,1,0.5012,5,0,0
4,4,11,DEL,CCU,1339,1,7.7,0.4241134532720458,10,77,B777,0,0.3696,1,4,4
22,2,5,BLR,DEL,1752,0,1.1,0.35904028375793023,6,43,A320,0,0.2136,2,1,0
4,0,7,BOM,HYD,642,0,9.0,0.28778574160053516,14,70,ATR72,0,0.3651,0,3,3
4,2,7,BLR,DEL,1746,0,3.1,0.41667873636785485,7,54,A320,0,0.2667,2,1,0
9,2,6,MAA,BOM,1044,0,2.7,0.26206408043257934,9,49,B777,0,0.3548,5,0,4
12,5,8,DEL,CCU,1331,0,9.5,0.43940722559545525,10,44,A320,1,0.4958,1,4,0
3,3,6,DEL,GOI,1883,2,7.6,0.346434277302221,17,42,A320,1,0.8086,1,7,0
6,1,6,CCU,DEL,1259,1,6.1,0.39168766659629206,6,87,ATR72,0,0.4567,4,1,3
14,2,7,DEL,GOI,1932,0,8.8,0.3467689446891285,17,89,B777,0,0.4387,1,7,4
17,1,8,DEL,BOM,1141,0,10.1,0.309331750811166,13,76,ATR72,1,0.6237,1,0,3
16,3,11,DEL,CCU,1335,2,13.0,0.4924212542668046,6,77,ATR72,1,0.797,1,4,3
0,3,8,BOM,HYD,648,0,6.4,0.2464875770405967,13,86,ATR72,0,0.2486,0,3,3
17,4,6,MAA,BOM,1045,0,3.7,0.2989125442862372,7,65,A321,0,0.3696,5,0,2
18,5,8,BLR,BOM,831,2,6.6,0.3350011669485496,9,57,B737,1,0.834,2,0,1
13,4,1,BLR,HYD,470,0,12.7,0.18090949498067702,2,84,ATR72,0,0.2724,2,3,3
15,1,3,BLR,DEL,1777,3,7.2,0.4427663709316303,10,51,B737,1,0.7771,2,1,1
8,2,9,BLR,BOM,884,0,4.2,0.31453034111177447,7,28,A321,0,0.5258,2,0,2
21,1,10,BOM,MAA,1060,0,11.5,0.3505166656698404,14,85,A321,0,0.3902,0,5,2
10,1,9,MAA,BOM,1042,2,8.9,0.27127284717269096,2,45,A321,1,0.7085,5,0,2
23,5,7,DEL,AMD,904,1,12.3,0.2093099438200347,13,68,A320,1,0.6837,1,6,0
23,3,7,BOM,MAA,1006,0,1.1,0.2896131295958655,20,23,B737,0,0.4658,0,5,1
6,6,2,BLR,BOM,881,0,7.8,0.3146414250356742,20,40,A321,0,0.3459,2,0,2
3,0,8,BLR,HYD,535,3,11.7,0.1802516058047966,16,87,B777,1,1.0,2,3,4
6,5,3,BOM,MAA,1045,0,8.9,0.31514085574390066,12,31,B777,0,0.3961,0,5,4
12,4,1,BOM,DEL,1132,1,8.4,0.4066159353770984,8,59,B777,1,0.4626,0,1,4
12,5,8,GOI,DEL,1866,0,12.8,0.3624269964717787,15,73,ATR72,1,0.545,7,1,3
18,1,9,HYD,BLR,495,1,3.0,0.1915082627268532,1,47,ATR72,1,0.5266,3,2,3
2,6,6,HYD,BLR,542,0,5.2,0.18436895659334532,14,78,A320,0,0.2737,3,2,0
22,0,1,BLR,BOM,822,0,1.1,0.3438100151746316,7,85,B777,0,0.1375,2,0,4
12,2,3,MAA,BOM,1028,1,2.1,0.28483957845764835,18,36,A320,0,0.4839,5,0,0
6,3,8,BOM,PNQ,70,0,3.7,0.15895814593308838,16,82,B737,0,0.3136,0,8,1
8,2,6,BOM,DEL,1148,1,5.1,0.35224493794008,20,23,A321,1,0.8409,0,1,2
4,4,3,CCU,DEL,1279,0,6.1,0.47683813225232086,18,87,B777,0,0.2907,4,1,4
16,2,4,BOM,MAA,970,0,5.8,0.3278575952960521,8,37,A320,0,0.2011,0,5,0
21,4,6,PNQ,BOM,89,1,7.6,0.15357548248117026,19,88,B737,1,0.5114,8,0,1
14,6,9,GOI,DEL,1935,1,5.5,0.3015845574198723,10,55,A321,1,0.4706,7,1,2
15,4,10,BLR,HYD,484,1,3.0,0.17020007294230954,16,69,A321,0,0.3681,2,3,2
6,2,6,MAA,BOM,1040,1,1.7,0.2678863388458123,21,81,ATR72,1,0.5072,5,0,3
16,6,1,DEL,GOI,1945,0,7.5,0.3928235821245999,21,58,B737,0,0.3071,1,7,1
9,1,4,DEL,CCU,1348,2,3.7,0.4785745349965641,13,71,A321,1,0.7914,1,4,2
15,4,5,DEL,BLR,1744,0,6.8,0.43949583598960434,11,49,A321,0,0.2258,1,2,2
6,4,2,BOM,DEL,1171,0,8.2,0.36657732950128435,14,75,A321,0,0.2966,0,1,2
17,2,4,HYD,BOM,611,1,6.0,0.24302618656216635,4,59,B737,0,0.4472,3,0,1
10,5,3,BOM,HYD,668,2,11.6,0.23592933907337002,2,56,B737,1,0.7444,0,3,1
8,1,12,BOM,DEL,1183,2,10.6,0.38847162181801576,12,35,B777,1,1.0,0,1,4
17,0,2,BLR,HYD,518,2,11.4,0.16267076856436716,1,33,A321,1,0.8851,2,3,2
1,5,1,GOI,DEL,1940,2,3.4,0.2833442651670119,4,76,A321,1,0.5633,7,1,2
19,1,5,BOM,BLR,803,1,6.7,0.29483473626460754,14,80,B777,1,0.5179,0,2,4
9,3,5,BLR,HYD,535,0,11.1,0.1300469189797518,1,29,ATR72,1,0.552,2,3,3
22,4,2,BLR,HYD,544,0,3.8,0.21670097263388455,1,82,ATR72,0,0.0867,2,3,3
22,5,7,DEL,BLR,1731,2,6.4,0.40490265929433145,7,70,B737,1,0.712,1,2,1
9,4,9,BLR,DEL,1734,0,10.2,0.3766084009988404,2,56,B737,1,0.6006,2,1,1
13,6,8,MAA,BOM,975,0,6.5,0.2978530975832295,18,28,A320,1,0.5191,5,0,0
16,1,12,BLR,BOM,861,1,6.5,0.3290422031792264,11,44,ATR72,0,0.4516,2,0,3
0,5,1,BOM,DEL,1144,1,3.6,0.42840930302009894,17,49,B737,1,0.5214,0,1,1
0,2,9,PNQ,BOM,85,0,6.6,0.13683033372636122,6,42,B737,0,0.2747,8,0,1
12,6,11,BLR,DEL,1772,2,8.1,0.3975360298057192,15,60,B777,1,0.759,2,1,4
14,0,5,BLR,HYD,478,0,13.3,0.1774451609499051,6,71,B777,0,0.271,2,3,4
19,6,1,PNQ,BOM,129,2,8.9,0.12891433874880528,13,57,ATR72,1,0.8516,8,0,3
22,6,3,DEL,CCU,1334,1,2.0,0.45396824032468824,9,60,ATR72,0,0.4316,1,4,3
23,0,11,DEL,BLR,1724,1,6.7,0.41086681157269883,4,63,B777,0,0.3643,1,2,4
2,6,9,HYD,BLR,478,2,9.0,0.14024845306541273,14,77,ATR72,1,0.7561,3,2,3
7,3,12,BOM,PNQ,98,0,12.2,0.10330014170557844,16,79,B737,1,0.5413,0,8,1
12,2,3,BLR,HYD,505,1,13.4,0.2131933976609196,21,60,A321,1,0.5853,2,3,2
1,2,11,DEL,AMD,868,3,12.2,0.2050445230695506,7,84,A321,1,0.882,1,6,2
20,3,6,DEL,GOI,1914,2,2.9,0.3169725341877426,9,48,A321,1,0.7768,1,7,2
7,2,12,BLR,DEL,1741,0,12.3,0.36425381374776444,13,75,B737,1,0.5457,2,1,1
13,5,9,DEL,AMD,927,1,1.5,0.21841479364424637,11,38,A321,1,0.5574,1,6,2
8,0,4,CCU,DEL,1298,0,7.6,0.4526795338489571,13,82,A320,0,0.3811,4,1,0
18,1,5,BLR,DEL,1761,1,4.3,0.3832491566980254,19,34,ATR72,1,0.6733,2,1,3
15,1,6,BOM,HYD,649,1,3.0,0.27951326973802076,6,31,ATR72,0,0.4818,0,3,3
13,1,3,GOI,DEL,1906,0,12.7,0.294209854344521,5,34,B737,0,0.3877,7,1,1
15,0,2,MAA,BOM,1011,0,5.6,0.25796067670667067,10,65,A320,0,0.1032,5,0,0
21,1,3,DEL,GOI,1902,2,11.6,0.3811249572706334,18,54,A320,1,0.8524,1,7,0
5,3,1,BOM,HYD,590,0,2.2,0.23297841421451254,15,30,A320,0,0.2132,0,3,0
5,0,10,DEL,AMD,844,3,13.0,0.24942013312991806,9,69,A320,1,0.8998,1,6,0
20,3,1,DEL,GOI,1881,0,2.1,0.33576059936265845,9,52,B737,0,0.2843,1,7,1
10,4,3,MAA,BOM,1014,0,4.4,0.2997997287423736,21,25,B737,0,0.3699,5,0,1
0,5,4,DEL,AMD,882,0,6.3,0.2222634476555211,17,35,A320,0,0.3089,1,6,0
0,1,4,BOM,HYD,602,0,12.3,0.24578272113804717,19,63,B737,0,0.3983,0,3,1
14,2,5,DEL,BLR,1695,3,10.3,0.4341834102993555,6,49,B777,1,0.9737,1,2,4
5,0,8,CCU,DEL,1306,3,10.2,0.4079355637797416,4,32,A321,1,1.0,4,1,2
13,4,7,BOM,DEL,1130,1,7.7,0.37758367432659,2,38,ATR72,1,0.521,0,1,3
22,5,7,BLR,DEL,1739,0,11.4,0.3869691568370309,2,49,ATR72,1,0.5048,2,1,3
8,3,9,DEL,BLR,1752,2,13.8,0.3782824734137941,17,39,B737,1,1.0,1,2,1
20,1,8,MAA,BOM,987,0,7.9,0.25427053136751676,13,54,A321,0,0.4017,5,0,2
15,4,8,BOM,HYD,658,0,13.9,0.21378825713054272,11,67,B737,0,0.4355,0,3,1
3,0,6,BLR,HYD,532,0,3.7,0.1511471110216107,6,32,ATR72,0,0.2305,2,3,3
13,0,11,AMD,DEL,865,2,2.4,0.2617258283127885,12,71,B777,1,0.5547,6,1,4
18,6,1,BOM,BLR,871,0,1.8,0.2844535505710967,2,49,A321,0,0.3138,0,2,2
5,2,9,DEL,GOI,1882,0,2.8,0.31443420194891464,12,27,A320,0,0.4258,1,7,0
15,0,11,BOM,DEL,1120,2,1.7,0.3456839430564227,10,39,A321,1,0.6083,0,1,2
14,3,8,AMD,DEL,840,0,6.1,0.20716772628940575,19,27,A320,0,0.4329,6,1,0
0,6,1,GOI,DEL,1914,0,8.1,0.37335115922420603,10,61,B777,0,0.2993,7,1,4
13,1,6,BOM,HYD,659,1,7.3,0.22806466544264792,8,85,B737,0,0.3912,0,3,1
16,6,3,GOI,DEL,1934,0,13.2,0.3513432164636331,18,72,B777,0,0.4905,7,1,4
8,0,6,BLR,BOM,801,1,10.0,0.29452086227312774,8,38,B737,1,0.7378,2,0,1
23,2,8,CCU,DEL,1354,1,2.9,0.41843766382250047,13,56,A320,0,0.5174,4,1,0
2,4,8,BOM,BLR,839,1,12.9,0.28535279269969493,18,48,A321,1,0.7141,0,2,2
5,4,1,BOM,HYD,612,0,5.3,0.25219419810615606,9,32,A320,0,0.1709,0,3,0
5,2,1,BOM,BLR,841,0,10.5,0.2978448404770774,9,89,A321,0,0.3191,0,2,2
7,4,1,BLR,DEL,1742,0,9.8,0.3945188895516058,7,64,ATR72,0,0.4078,2,1,3
12,4,2,AMD,DEL,879,0,1.1,0.1815657435544707,2,65,A320,0,0.0726,6,1,0
0,1,2,BOM,HYD,668,0,10.4,0.2550795333601171,4,68,A320,0,0.302,0,3,0
10,0,11,BLR,HYD,455,0,7.6,0.16383869405066415,18,52,B777,0,0.1655,2,3,4
15,6,5,DEL,BLR,1763,1,8.2,0.4083794850087783,8,20,B737,1,0.6634,1,2,1
1,0,9,GOI,DEL,1924,0,10.7,0.29837073505013056,20,26,A320,1,0.6693,7,1,0
22,2,12,BOM,DEL,1114,0,13.9,0.3893863709278087,19,23,B777,1,0.6058,0,1,4
11,5,1,BOM,PNQ,152,0,11.7,0.19636565903664538,5,55,B777,0,0.3785,0,8,4
14,2,5,BOM,BLR,815,2,7.9,0.2922100721269742,15,50,A321,1,0.5669,0,2,2
20,5,6,DEL,AMD,860,0,9.4,0.16410358195444308,10,63,A321,0,0.4656,1,6,2
2,5,6,DEL,AMD,875,0,13.9,0.24843284690600542,11,64,B737,1,0.4994,1,6,1
8,4,9,BOM,HYD,651,0,3.0,0.2221459514039839,6,52,B777,0,0.3389,0,3,4
23,4,6,HYD,BLR,480,0,9.3,0.20440707920679985,3,36,B737,0,0.3518,3,2,1
0,1,2,BLR,BOM,830,0,3.4,0.2722162049538961,4,24,B777,0,0.2589,2,0,4
17,2,10,CCU,DEL,1280,0,2.7,0.42084342378980016,18,63,B737,0,0.4183,4,1,1
15,5,4,HYD,BLR,457,1,9.8,0.17959453957896382,4,62,B737,0,0.4218,3,2,1
16,4,6,BLR,DEL,1753,3,13.0,0.432162531452743,21,43,B777,1,1.0,2,1,4
7,5,10,BLR,DEL,1742,1,4.5,0.4408594874539168,7,58,ATR72,1,0.5763,2,1,3
1,5,6,HYD,BLR,504,0,1.4,0.19315030828643043,15,35,B737,0,0.3473,3,2,1
18,2,6,BLR,HYD,542,0,7.1,0.19045632696970308,19,69,B737,0,0.4262,2,3,1
4,4,8,DEL,CCU,1333,0,2.2,0.4154743182291114,12,51,ATR72,0,0.3162,1,4,3
4,4,2,BOM,BLR,805,0,9.7,0.27609468675804766,9,84,B777,0,0.2104,0,2,4
17,2,10,DEL,BOM,1178,1,5.4,0.35816904506156494,9,56,A320,0,0.4933,1,0,0
19,0,12,HYD,BLR,470,1,5.9,0.1453313401101207,13,62,A320,0,0.4581,3,2,0
17,6,1,PNQ,BOM,92,1,5.9,0.1696459066484411,16,56,B777,1,0.6179,8,0,4
0,5,2,BLR,BOM,836,0,10.9,0.284391990188297,6,88,B777,0,0.3638,2,0,4
5,6,12,BOM,HYD,607,1,3.8,0.2402208701886858,9,40,ATR72,0,0.4161,0,3,3
14,3,9,HYD,BOM,595,0,4.3,0.3105806459723717,7,60,B737,0,0.2242,3,0,1
12,4,1,DEL,CCU,1343,0,7.1,0.4800573436816866,19,27,A320,0,0.442,1,4,0
19,0,11,BOM,PNQ,153,1,6.6,0.1963635122496684,1,70,B777,1,0.4785,0,8,4
8,4,3,BOM,PNQ,128,1,2.0,0.11185817313020605,21,85,ATR72,1,0.5447,0,8,3
22,6,12,GOI,DEL,1876,1,11.7,0.30057730894741813,20,53,A320,1,0.6702,7,1,0
5,1,9,BOM,DEL,1123,0,6.0,0.33983014857166394,10,28,ATR72,0,0.3859,0,1,3
1,3,6,HYD,BOM,664,0,1.8,0.31171851712224574,4,89,B777,0,0.2247,3,0,4
6,5,5,DEL,BLR,1693,0,7.3,0.4011657077228937,19,36,A320,0,0.3805,1,2,0
17,4,12,BOM,PNQ,115,2,2.6,0.10380390786927055,10,68,A320,1,0.6415,0,8,0
18,3,12,BOM,MAA,1055,1,7.5,0.35907576291891186,1,71,B777,0,0.4936,0,5,4
0,2,1,BLR,DEL,1775,1,8.2,0.44919863600197274,3,61,A320,0,0.4797,2,1,0
4,4,11,HYD,BLR,460,0,7.9,0.1941729762631268,8,44,A321,0,0.1477,3,2,2
1,0,6,PNQ,BOM,81,0,5.1,0.15644966520453188,20,56,B777,0,0.3126,8,0,4
11,1,2,BLR,BOM,800,2,2.1,0.28071843029758037,5,42,B737,1,0.5823,2,0,1
10,3,12,MAA,BOM,1020,0,9.8,0.2745587350240776,1,67,ATR72,0,0.2098,5,0,3
12,4,3,MAA,BOM,966,1,7.1,0.3063919484826855,12,42,B777,0,0.4426,5,0,4
9,3,10,MAA,BOM,1061,0,5.5,0.3067378997707871,1,71,B777,0,0.2727,5,0,4
0,3,8,GOI,DEL,1858,2,9.9,0.28868209670705003,14,81,A320,1,0.7655,7,1,0
22,5,10,DEL,GOI,1889,2,4.4,0.3175157953819387,13,46,A321,1,0.627,1,7,2
0,0,10,HYD,BOM,598,2,7.8,0.2648900508809563,10,74,B777,1,0.506,3,0,4
16,4,6,BOM,BLR,841,0,9.5,0.2922489585715062,3,59,B777,0,0.3169,0,2,4
0,6,11,HYD,BLR,478,0,6.5,0.22276562693552995,21,63,B777,0,0.2391,3,2,4
21,0,7,BOM,BLR,852,0,7.8,0.2967611740956643,7,64,B777,0,0.2187,0,2,4
11,1,10,DEL,AMD,893,0,13.4,0.2412032694669961,13,68,B777,0,0.3465,1,6,4
16,1,3,BOM,MAA,1030,0,12.7,0.3189580610403799,7,56,B737,0,0.3276,0,5,1
21,5,6,HYD,BOM,622,1,11.8,0.2237337273425896,1,65,B737,1,0.6395,3,0,1
11,4,11,HYD,BLR,541,1,11.0,0.176442638183386,7,35,ATR72,1,0.5406,3,2,3
20,6,10,BOM,DEL,1111,0,6.7,0.4294835444751342,11,30,A320,1,0.4918,0,1,0
19,0,10,BOM,BLR,828,1,7.1,0.23166187880762348,8,68,B777,0,0.4427,0,2,4
16,2,4,PNQ,BOM,74,0,1.5,0.13137533753659522,2,45,ATR72,0,0.1026,8,0,3
19,1,3,DEL,BLR,1768,2,5.8,0.4500396665126946,21,73,ATR72,1,0.83,1,2,3
20,3,11,DEL,BOM,1182,1,11.3,0.3088547784437711,12,83,ATR72,1,0.7235,1,0,3
8,5,10,BOM,DEL,1146,1,4.5,0.4073056211546142,18,54,A320,1,0.6629,0,1,0
8,6,5,BOM,MAA,1016,0,9.9,0.2715487865894024,16,46,A320,0,0.5086,0,5,0
23,4,8,BOM,BLR,866,0,4.5,0.3099202369529979,18,73,B737,0,0.324,0,2,1
14,0,6,DEL,BOM,1197,1,2.9,0.37106288278073696,19,61,B737,1,0.5484,1,0,1
2,1,5,BLR,DEL,1718,1,8.1,0.36000755829307374,8,21,A321,1,0.594,2,1,2
12,5,3,DEL,GOI,1874,1,9.3,0.369450583204173,12,23,ATR72,1,0.6978,1,7,3
3,1,9,CCU,DEL,1341,0,5.5,0.4307737891913551,8,53,A321,0,0.2723,4,1,2
9,3,11,BOM,HYD,655,0,2.2,0.2311215543181711,1,58,B777,0,0.2424,0,3,4
6,6,6,DEL,AMD,868,1,2.7,0.18213028579711352,15,70,B777,1,0.4729,1,6,4
23,2,8,HYD,BLR,470,2,9.6,0.2385003557051567,6,41,B737,1,0.7654,3,2,1
10,4,5,DEL,BOM,1167,1,1.8,0.3036897876175256,5,44,A321,0,0.3915,1,0,2
15,1,1,DEL,GOI,1851,1,9.6,0.3669613991668419,12,53,A321,1,0.4968,1,7,2
22,0,8,DEL,CCU,1293,1,4.8,0.4962983885600881,18,21,B777,1,0.7485,1,4,4
22,3,5,DEL,GOI,1864,0,10.1,0.3581446875635151,4,32,B737,0,0.4133,1,7,1
15,6,3,HYD,BOM,626,0,5.6,0.22153196415420717,10,36,A320,0,0.2086,3,0,0
4,5,4,BOM,BLR,868,1,7.5,0.3183724490734674,8,86,A320,0,0.3773,0,2,0
17,2,1,BOM,BLR,821,0,8.2,0.30081652139362003,12,30,ATR72,0,0.4903,0,2,3
15,3,9,BOM,PNQ,74,0,6.3,0.1303473676516697,6,33,ATR72,0,0.2721,0,8,3
2,0,1,HYD,BLR,487,1,11.4,0.14147355377529486,12,25,A320,1,0.6566,3,2,0
13,5,1,BLR,HYD,466,1,8.2,0.17214343516223982,3,39,ATR72,0,0.4889,2,3,3
1,5,9,DEL,BLR,1726,0,7.4,0.42333648932895573,6,67,ATR72,0,0.3193,1,2,3
1,2,1,BOM,BLR,834,0,4.4,0.313756852564411,11,70,B777,0,0.1755,0,2,4
21,3,11,MAA,BOM,974,1,6.9,0.3473330739888683,9,60,A320,0,0.3389,5,0,0
4,5,4,DEL,BLR,1703,0,11.5,0.39786563827268556,5,33,A320,0,0.4791,1,2,0
18,2,12,BOM,MAA,1011,2,3.0,0.3561398498222644,14,70,A321,1,0.7425,0,5,2
6,6,7,DEL,CCU,1335,1,13.5,0.4549423104585461,5,47,A321,1,0.732,1,4,2
2,2,5,BOM,BLR,852,0,1.0,0.2400749541167891,5,57,ATR72,0,0.096,0,2,3
23,6,8,GOI,DEL,1926,0,9.9,0.33282760765912983,5,71,A320,0,0.3831,7,1,0
3,3,5,BOM,DEL,1129,0,3.7,0.38213200875201736,14,53,ATR72,0,0.2029,0,1,3
2,3,6,HYD,BLR,548,2,12.2,0.14276999350838926,17,71,ATR72,1,0.8571,3,2,3
22,2,10,DEL,BOM,1116,1,8.1,0.3806240910714474,6,66,B777,0,0.4522,1,0,4
15,5,4,PNQ,BOM,79,0,11.1,0.149864900425621,4,49,A320,0,0.3599,8,0,0
7,4,6,HYD,BLR,467,0,4.8,0.20854056795619486,14,33,B737,0,0.4534,3,2,1
6,4,2,PNQ,BOM,88,0,13.7,0.11379491886319745,7,71,A321,0,0.2955,8,0,2
19,1,10,CCU,DEL,1298,0,11.9,0.4625925092270473,13,84,A320,1,0.585,4,1,0
16,6,7,DEL,BLR,1725,1,10.0,0.46183632949425635,8,37,A320,1,0.7047,1,2,0
22,6,10,BLR,BOM,869,2,6.7,0.2739634511072186,3,41,A320,1,0.6296,2,0,0
15,3,2,MAA,BOM,990,0,6.6,0.2893443644305566,6,88,A320,0,0.1157,5,0,0
12,0,11,HYD,BOM,626,3,9.9,0.27947981001882516,6,40,A321,1,0.8818,3,0,2
17,4,8,PNQ,BOM,127,0,2.4,0.13742094054142565,6,83,B777,0,0.355,8,0,4
16,1,7,CCU,DEL,1335,0,7.7,0.44489970860780714,18,55,B777,0,0.378,4,1,4
9,6,12,DEL,BOM,1100,2,6.8,0.3470936191926776,5,30,B777,1,0.8088,1,0,4
10,5,11,BLR,DEL,1788,1,11.2,0.387148332218472,6,31,A320,1,0.6749,2,1,0
6,4,3,BOM,HYD,596,0,5.1,0.22865882916826424,5,52,ATR72,0,0.0915,0,3,3
23,4,12,DEL,BOM,1152,0,10.6,0.30678141003581,19,70,B737,0,0.4227,1,0,1
12,5,8,DEL,BOM,1180,0,8.1,0.36969845637682125,8,56,B777,0,0.3979,1,0,4
6,5,12,BOM,MAA,1048,0,2.1,0.3331455536767496,18,69,ATR72,0,0.2833,0,5,3
2,4,8,BOM,DEL,1103,0,7.6,0.3697387658174569,13,59,B777,0,0.2979,0,1,4
7,2,12,CCU,DEL,1332,1,5.7,0.3814948034572959,19,50,A321,1,0.6026,4,1,2
13,0,2,BOM,MAA,1001,0,1.6,0.35656233638198737,20,30,A321,0,0.3126,0,5,2
11,3,7,HYD,BOM,609,2,1.3,0.31909138528027814,21,54,A320,1,0.7276,3,0,0
13,2,2,BLR,HYD,505,0,11.9,0.22517595202748752,11,56,A320,0,0.3401,2,3,0
17,1,5,PNQ,BOM,74,2,3.5,0.18887126137883725,1,43,A321,1,0.7455,8,0,2
11,6,3,BOM,HYD,617,0,5.6,0.26573118593020406,14,23,ATR72,0,0.3563,0,3,3
2,2,7,HYD,BLR,491,0,9.2,0.2036625803396266,21,28,A320,1,0.5315,3,2,0
19,6,12,DEL,BLR,1743,0,12.5,0.4039790878452371,3,68,ATR72,1,0.5616,1,2,3
11,1,7,BOM,DEL,1124,3,6.9,0.4279769795376859,19,23,B777,1,1.0,0,1,4
12,4,2,GOI,DEL,1857,0,1.9,0.2814082334085326,2,87,ATR72,0,0.1126,7,1,3
19,1,3,DEL,GOI,1850,0,2.8,0.36280848429382406,8,78,B737,0,0.2951,1,7,1
10,0,10,CCU,DEL,1290,0,12.3,0.4444148254029369,4,23,ATR72,1,0.5278,4,1,3
8,5,9,HYD,BLR,456,0,13.0,0.19678288970415075,2,31,B777,1,0.6487,3,2,4
20,3,2,DEL,BOM,1107,0,11.5,0.39117083341703585,16,83,ATR72,1,0.6065,1,0,3
14,6,9,AMD,DEL,924,2,10.5,0.21411164796345378,10,33,A321,1,0.9056,6,1,2
21,5,4,HYD,BLR,519,0,7.1,0.17269272794051768,7,39,B777,0,0.1891,3,2,4
1,5,5,DEL,BLR,1750,1,11.7,0.39914219088697245,6,44,A321,1,0.6797,1,2,2
23,4,2,DEL,GOI,1875,3,8.2,0.30271647359607246,4,75,A320,1,0.8211,1,7,0
11,4,7,BLR,BOM,812,2,2.6,0.31561061383591726,2,81,A320,1,0.6262,2,0,0
4,6,11,BLR,BOM,870,2,2.2,0.302837025696892,10,70,A321,1,0.5711,2,0,2
2,4,2,BOM,PNQ,86,0,9.4,0.19257657683843932,11,86,B777,0,0.277,0,8,4
14,0,11,DEL,CCU,1284,0,10.1,0.4092695283347576,2,53,B737,0,0.3637,1,4,1
22,1,8,BOM,DEL,1171,1,7.5,0.40271618406684523,2,79,ATR72,1,0.4611,0,1,3
8,5,8,DEL,GOI,1866,0,12.4,0.3675282718633197,20,29,ATR72,1,0.897,1,7,3
2,1,9,BLR,HYD,457,0,6.3,0.20966329488715274,8,37,A321,0,0.2539,2,3,2
18,0,2,DEL,BLR,1750,1,11.1,0.44648634901018824,7,68,B737,1,0.7286,1,2,1
17,3,10,BOM,HYD,662,2,5.6,0.2781810733836197,14,41,ATR72,1,0.7813,0,3,3
7,2,12,BOM,BLR,837,0,4.9,0.23593211938965608,19,61,B777,0,0.3444,0,2,4
0,3,11,BLR,BOM,884,0,2.8,0.2907522268167276,1,52,ATR72,0,0.1163,2,0,3
1,5,6,BLR,BOM,881,0,5.5,0.28080428235540184,16,56,ATR72,0,0.3623,2,0,3
5,6,11,BOM,HYD,616,0,13.9,0.278428296457348,18,85,A321,0,0.4614,0,3,2
2,6,6,BOM,HYD,635,0,5.0,0.2675138734253095,7,68,ATR72,0,0.257,0,3,3
2,3,3,DEL,AMD,900,1,1.7,0.2133535209402066,16,31,A321,1,0.4553,1,6,2
11,5,3,BOM,MAA,1049,0,9.1,0.35285998181607836,13,83,B777,0,0.3411,0,5,4
15,4,9,BLR,BOM,851,0,3.6,0.32788364191746733,7,29,B777,0,0.3812,2,0,4
10,3,2,GOI,DEL,1939,1,13.7,0.3074745394355468,11,54,B737,1,0.573,7,1,1
9,1,2,BOM,BLR,806,0,11.2,0.3031966909271249,12,78,B737,1,0.5213,0,2,1
11,4,12,BOM,DEL,1155,0,10.2,0.3809267259111567,15,87,A321,0,0.4024,0,1,2
16,6,8,GOI,DEL,1946,0,10.2,0.3729436430483575,20,86,ATR72,1,0.5992,7,1,3
10,4,3,PNQ,BOM,154,0,5.3,0.16827818393603095,8,21,A321,0,0.2673,8,0,2
9,3,1,BLR,BOM,883,1,8.6,0.3193279332711606,8,61,A320,1,0.5777,2,0,0
9,4,9,HYD,BLR,486,0,3.3,0.1760263912030264,13,65,ATR72,0,0.3704,3,2,3
1,2,7,BLR,DEL,1732,2,7.9,0.39238828426261974,11,49,B777,1,0.707,2,1,4
8,6,2,BOM,PNQ,95,1,8.6,0.1002630358203063,14,34,A321,1,0.7101,0,8,2
10,0,11,BOM,BLR,798,0,10.0,0.293887696499657,21,54,A320,0,0.3176,0,2,0
12,2,9,GOI,DEL,1904,1,8.7,0.3703002642147103,1,31,A321,1,0.6181,7,1,2
7,0,5,MAA,BOM,974,0,12.3,0.3254537752255188,12,55,B737,0,0.5302,5,0,1
10,4,4,BLR,DEL,1723,0,4.3,0.43749513999200135,10,37,B777,0,0.245,2,1,4
14,4,7,BOM,DEL,1133,1,4.5,0.38493500523413476,12,48,B737,1,0.504,0,1,1
22,3,2,HYD,BOM,585,2,8.1,0.24135571898133046,15,30,A321,1,0.7165,3,0,2
6,6,4,BOM,DEL,1119,0,2.0,0.38108975066781786,12,79,B777,0,0.2524,0,1,4
0,1,2,DEL,BLR,1698,0,13.7,0.4677823823271045,9,26,A321,1,0.5371,1,2,2
8,5,3,DEL,BLR,1736,0,5.9,0.3730170594244008,4,81,A321,0,0.3492,1,2,2
1,0,9,DEL,BLR,1784,1,3.1,0.4381461963447946,18,42,A320,1,0.6453,1,2,0
17,0,10,HYD,BLR,530,1,12.3,0.1655891655315157,7,29,ATR72,1,0.7662,3,2,3
12,4,2,BLR,DEL,1705,1,5.7,0.4091700410960189,15,89,A320,0,0.4137,2,1,0
17,4,10,BLR,BOM,801,1,11.7,0.34137865373453247,16,56,A320,1,0.7866,2,0,0
4,4,7,GOI,DEL,1938,1,11.8,0.36731214893717923,12,75,ATR72,1,0.6969,7,1,3
17,1,1,HYD,BOM,584,0,10.4,0.3016957938629498,17,85,B737,1,0.5707,3,0,1
22,0,12,BOM,MAA,1056,1,1.8,0.27315337326010086,14,71,A321,0,0.3593,0,5,2
6,0,5,DEL,BOM,1112,3,11.5,0.3062951099347959,20,57,ATR72,1,1.0,1,0,3
3,1,11,CCU,DEL,1266,0,3.3,0.3833779485020009,14,70,B777,0,0.2034,4,1,4
15,1,7,DEL,CCU,1315,0,1.8,0.44753042211972355,17,21,ATR72,0,0.529,1,4,3
4,4,9,PNQ,BOM,107,2,2.1,0.1666990464834794,2,49,A321,1,0.6167,8,0,2
5,5,8,BOM,DEL,1164,0,2.7,0.4134096247437755,19,80,A321,0,0.4154,0,1,2
13,2,4,DEL,BLR,1776,1,7.0,0.4429868917726087,14,23,A321,1,0.5772,1,2,2
23,3,6,HYD,BLR,500,1,13.0,0.1811616551716147,7,67,ATR72,1,0.5725,3,2,3
10,0,8,BOM,MAA,1041,0,6.4,0.3303951685863825,6,54,A320,0,0.2322,0,5,0
22,2,5,BOM,HYD,591,2,9.9,0.22700112838058595,1,51,ATR72,1,0.5908,0,3,3
21,0,3,MAA,BOM,1049,0,13.3,0.30325422284074915,9,36,ATR72,0,0.3913,5,0,3
14,3,8,BLR,DEL,1743,2,12.0,0.44149471818165364,9,72,ATR72,1,0.8766,2,1,3
23,1,4,PNQ,BOM,113,0,9.4,0.1195794470476077,15,83,ATR72,0,0.2478,8,0,3
7,5,4,HYD,BLR,494,3,8.8,0.1502801948635834,2,43,A320,1,1.0,3,2,0
4,1,10,PNQ,BOM,113,2,2.8,0.16506524973058084,2,80,A321,1,0.516,8,0,2
6,6,2,BOM,HYD,633,3,12.7,0.23319071450897938,5,54,B737,1,0.9433,0,3,1
17,5,8,DEL,BLR,1743,0,11.9,0.4678901995406302,2,39,ATR72,1,0.7572,1,2,3
12,5,9,HYD,BLR,463,0,1.6,0.15513293261458722,6,36,B777,0,0.2821,3,2,4
23,2,11,BLR,BOM,878,0,9.0,0.2630462939076117,17,40,A320,0,0.3752,2,0,0
2,1,4,BOM,PNQ,164,1,6.9,0.17685932132403182,5,20,A321,1,0.4707,0,8,2
11,5,12,HYD,BLR,453,1,1.5,0.195207757010348,8,40,B777,0,0.3981,3,2,4
9,2,8,BLR,DEL,1716,0,10.3,0.425528728474253,11,54,B777,1,0.6702,2,1,4
11,1,9,MAA,BOM,1056,1,13.7,0.2742281548470081,7,22,B777,1,0.7597,5,0,4
12,0,10,AMD,DEL,872,1,9.5,0.26063453447142304,16,76,B777,1,0.5043,6,1,4
10,3,12,DEL,CCU,1269,1,4.7,0.4614628955917377,1,85,A320,0,0.3846,1,4,0
0,6,3,DEL,CCU,1302,2,13.5,0.4134754768542894,12,25,B737,1,1.0,1,4,1
13,3,7,BOM,PNQ,87,1,10.4,0.10662571317593618,18,40,B777,1,0.7627,0,8,4
20,1,3,DEL,GOI,1946,0,1.6,0.32004216338144836,7,34,B737,0,0.348,1,7,1
1,6,9,DEL,GOI,1924,1,1.2,0.3365807915068367,4,56,B737,0,0.4846,1,7,1
8,6,6,HYD,BLR,495,0,2.5,0.17334245127611744,12,59,A320,0,0.4193,3,2,0
11,6,11,AMD,DEL,899,1,12.8,0.24682207620913613,14,58,A321,1,0.5987,6,1,2
5,1,8,BOM,HYD,594,2,4.4,0.23934887856729958,3,85,ATR72,1,0.5957,0,3,3
11,6,5,BOM,DEL,1196,0,8.6,0.34827928742655356,10,52,ATR72,0,0.2893,0,1,3
10,3,11,AMD,DEL,873,2,10.6,0.19563084510180156,15,46,B737,1,0.7283,6,1,1
7,4,8,BOM,MAA,1001,1,12.7,0.30073420262617206,21,32,A321,1,0.9403,0,5,2
23,0,8,BOM,MAA,1052,1,4.7,0.3092615585441591,20,43,A321,1,0.5937,0,5,2
2,5,6,DEL,AMD,861,0,12.3,0.17899147783531114,10,26,A321,1,0.5716,1,6,2
12,5,1,BOM,BLR,796,0,13.4,0.26653457992623686,20,52,A320,0,0.4566,0,2,0
6,5,8,DEL,CCU,1325,2,1.6,0.40346081957557073,2,55,B777,1,0.7114,1,4,4
0,5,10,MAA,BOM,1028,0,6.8,0.29913309247431225,9,33,A320,0,0.2397,5,0,0
19,2,1,BOM,MAA,1019,0,6.0,0.36169337886722347,16,84,A320,0,0.3947,0,5,0
6,4,7,CCU,DEL,1321,0,10.4,0.45325829199625045,5,87,A321,0,0.4813,4,1,2
1,0,8,PNQ,BOM,130,3,12.7,0.09191851890229039,5,40,B737,1,1.0,8,0,1
14,1,9,GOI,DEL,1897,0,8.8,0.3775671302775833,19,24,A320,1,0.601,7,1,0
6,1,12,DEL,GOI,1853,1,2.5,0.30780676892574,18,69,A321,0,0.4231,1,7,2
9,5,6,BOM,HYD,580,0,5.6,0.2725301368106488,8,54,ATR72,0,0.409,0,3,3
13,5,8,PNQ,BOM,71,0,2.6,0.09700432142076401,13,33,ATR72,0,0.3588,8,0,3
1,1,6,PNQ,BOM,108,1,7.9,0.14943495522272787,8,80,ATR72,0,0.4098,8,0,3
12,6,7,HYD,BLR,500,0,5.9,0.2282609750835914,10,84,A321,0,0.2413,3,2,2
9,5,8,DEL,GOI,1942,0,7.1,0.30169296281672864,20,63,B777,1,0.5207,1,7,4
3,4,7,DEL,BLR,1741,0,11.2,0.4485592317929033,6,60,A320,1,0.4794,1,2,0
7,6,9,BOM,PNQ,146,0,6.4,0.10667216340129496,10,68,B777,0,0.3927,0,8,4
23,4,9,PNQ,BOM,88,2,13.8,0.18130518325239903,18,57,B737,1,0.9225,8,0,1
18,0,11,DEL,BOM,1195,0,7.1,0.3260678859404038,12,36,A321,0,0.4004,1,0,2
4,5,2,CCU,DEL,1346,0,5.4,0.4341389203224132,19,83,A320,0,0.3237,4,1,0
19,2,7,DEL,CCU,1289,1,2.1,0.43269236127593486,7,66,A320,1,0.6231,1,4,0
19,1,5,PNQ,BOM,161,0,4.3,0.13791346709771773,7,81,A321,0,0.2552,8,0,2
7,1,1,DEL,CCU,1263,2,1.4,0.4813508034831242,7,67,ATR72,1,0.7425,1,4,3
8,5,4,BLR,DEL,1741,1,8.3,0.43086803769811066,16,54,A320,1,0.7723,2,1,0
1,0,3,BLR,HYD,459,2,9.3,0.16273520043394232,12,20,B737,1,0.7651,2,3,1
15,2,3,HYD,BOM,629,0,1.1,0.25233210858109556,7,54,B737,0,0.1009,3,0,1
2,1,7,HYD,BOM,665,0,4.7,0.25456644740809603,11,47,B777,0,0.2518,3,0,4
18,6,4,DEL,BLR,1747,0,10.3,0.432400382054013,12,55,A321,1,0.623,1,2,2
21,2,2,GOI,DEL,1922,1,9.9,0.37038960459376596,18,71,B737,1,0.5482,7,1,1
3,0,10,BLR,BOM,839,0,12.4,0.27839621617185056,13,87,B777,0,0.3614,2,0,4
23,0,12,HYD,BLR,506,1,11.8,0.1586613568927977,8,83,A320,1,0.4635,3,2,0
13,6,2,HYD,BOM,614,0,8.4,0.29342360236500803,3,86,A320,0,0.2674,3,0,0
12,2,5,DEL,BLR,1729,0,8.7,0.4115171913485425,9,31,A321,0,0.3346,1,2,2
0,6,1,BOM,HYD,583,1,4.7,0.2434381172379593,13,73,A320,0,0.3974,0,3,0
19,4,12,DEL,AMD,847,0,13.7,0.19909852776609843,17,82,B737,1,0.5296,1,6,1
1,6,10,BLR,DEL,1784,0,6.9,0.3722713632237408,21,67,A320,0,0.2989,2,1,0
0,1,7,DEL,GOI,1936,1,9.2,0.36249627574511395,6,22,A320,1,0.695,1,7,0
9,6,1,BLR,BOM,843,1,12.6,0.34520201251540306,11,67,B737,1,0.7881,2,0,1
5,3,3,BOM,PNQ,92,2,3.4,0.11642140360077008,17,71,B777,1,0.5966,0,8,4
5,5,10,BOM,HYD,613,2,2.2,0.2512560422062079,10,65,A321,1,0.5505,0,3,2
9,4,10,BOM,HYD,619,1,2.7,0.22633963189291315,7,87,A320,0,0.4405,0,3,0
10,6,11,BLR,BOM,861,1,5.7,0.2791637164724118,13,23,ATR72,1,0.5617,2,0,3
5,6,8,BOM,MAA,993,3,8.2,0.3184413928869488,7,28,B777,1,1.0,0,5,4
3,5,6,HYD,BLR,469,0,8.9,0.22748145225729702,9,52,B777,0,0.341,3,2,4
21,5,9,DEL,CCU,1323,1,4.7,0.45493824503540903,16,70,B777,1,0.632,1,4,4
19,3,5,PNQ,BOM,112,1,6.9,0.10192914590823653,17,46,A320,1,0.5408,8,0,0
1,4,10,GOI,DEL,1916,1,1.5,0.3221161351802454,21,66,ATR72,0,0.4288,7,1,3
1,2,12,MAA,BOM,1003,0,13.9,0.2521085922044187,18,25,A320,1,0.5508,5,0,0
6,4,10,MAA,BOM,1017,0,1.5,0.26243082619112973,19,61,ATR72,0,0.205,5,0,3
23,0,4,BLR,BOM,798,1,8.5,0.25925703916870957,8,26,A320,1,0.5537,2,0,0
17,2,7,BLR,HYD,547,0,3.4,0.13811359929206118,10,85,A320,0,0.3052,2,3,0
19,6,9,DEL,AMD,920,0,5.6,0.238430205238004,21,20,A320,1,0.6454,1,6,0
2,3,8,BOM,HYD,631,0,10.9,0.2701966321015656,13,48,A321,0,0.4581,0,3,2
20,6,9,BLR,HYD,526,0,12.2,0.19215288173584383,5,55,B777,1,0.5769,2,3,4
18,2,2,HYD,BOM,639,0,11.9,0.3106444841726852,17,58,B777,1,0.5743,3,0,4
21,6,2,BOM,PNQ,148,0,9.4,0.19534289250369452,2,52,B737,0,0.2781,0,8,1
23,2,12,BOM,HYD,587,0,11.2,0.2035202497795645,9,84,ATR72,0,0.2814,0,3,3
15,0,7,DEL,GOI,1884,2,3.8,0.3838135617731469,10,25,ATR72,1,0.8035,1,7,3
2,0,4,BLR,HYD,458,1,11.3,0.13631442833322258,1,41,B737,1,0.5245,2,3,1
10,2,11,BLR,HYD,500,0,4.2,0.16706619458512287,19,83,A320,0,0.1668,2,3,0
5,5,5,GOI,DEL,1935,3,7.0,0.3193047398288429,21,72,B737,1,0.8777,7,1,1
11,6,2,HYD,BOM,628,1,1.8,0.27178389675652315,16,28,A320,1,0.6087,3,0,0
6,5,6,BLR,DEL,1724,0,7.9,0.4189028596463472,1,56,A320,0,0.3176,2,1,0
21,6,10,BOM,BLR,888,3,3.5,0.23505080467722275,1,63,B737,1,0.744,0,2,1
0,6,6,DEL,BOM,1142,1,2.1,0.38250705509981525,3,41,B777,1,0.573,1,0,4
5,2,1,BOM,MAA,1064,2,10.6,0.3227617021727855,6,57,A320,1,0.7291,0,5,0
11,1,11,BOM,DEL,1100,0,6.1,0.42393692721146226,13,52,ATR72,0,0.2196,0,1,3
0,5,9,BLR,DEL,1690,0,2.3,0.35147494238346166,20,58,A320,0,0.3906,2,1,0
1,6,12,DEL,AMD,895,0,1.6,0.24386463905517114,5,47,A321,0,0.1475,1,6,2
9,3,2,HYD,BOM,609,3,8.0,0.3141196181979977,9,30,B777,1,0.9456,3,0,4
16,1,5,MAA,BOM,969,0,4.8,0.3366234552737602,16,78,B737,0,0.2346,5,0,1
22,0,3,MAA,BOM,987,0,4.8,0.28988314247870417,1,40,B777,0,0.186,5,0,4
8,3,6,HYD,BLR,517,1,3.6,0.14299581704304007,14,74,ATR72,1,0.5572,3,2,3
1,6,9,BLR,BOM,844,1,6.3,0.30516237053203327,12,56,B777,1,0.5221,2,0,4
14,2,1,BOM,BLR,797,0,6.7,0.25519255596355384,3,27,B777,0,0.2521,0,2,4
13,3,3,BLR,BOM,814,0,6.7,0.3058900364881079,14,20,A320,0,0.3224,2,0,0
6,4,10,BOM,PNQ,78,2,5.1,0.11577776933488136,18,53,B737,1,0.5963,0,8,1
16,2,8,CCU,DEL,1323,0,3.5,0.3985259533311135,13,32,A320,0,0.3794,4,1,0
1,6,11,DEL,BOM,1115,0,8.6,0.37499904939613865,21,83,A321,0,0.4,1,0,2
19,5,3,BLR,BOM,851,0,12.4,0.32451948076587506,11,62,ATR72,1,0.5798,2,0,3
5,5,6,BOM,MAA,1014,0,10.2,0.2883188226890501,1,52,B737,0,0.4653,0,5,1
15,0,12,DEL,CCU,1282,0,7.3,0.46113114498424207,12,38,ATR72,0,0.3045,1,4,3
7,0,9,DEL,BOM,1122,0,7.3,0.3231749687834332,5,71,A320,0,0.3793,1,0,0
0,3,10,MAA,BOM,989,0,2.8,0.27884618938246913,12,78,A320,0,0.1615,5,0,0
8,0,12,BOM,DEL,1150,0,2.1,0.37319989924421887,9,65,B737,0,0.2993,0,1,1
14,3,5,DEL,CCU,1314,3,1.0,0.4634173323388679,3,60,A321,1,0.7854,1,4,2
20,6,10,BLR,BOM,852,0,5.5,0.26277974912617086,20,66,ATR72,0,0.4051,2,0,3
9,3,12,HYD,BLR,491,0,11.3,0.1877245638390396,7,70,A321,0,0.4251,3,2,2
6,1,11,BLR,BOM,891,0,5.3,0.2523694766058181,21,53,B777,0,0.2009,2,0,4
1,6,8,DEL,BOM,1168,1,7.0,0.3857850843952735,11,64,A321,1,0.5543,1,0,2
2,6,12,BOM,BLR,862,0,12.0,0.2618333693422449,2,88,ATR72,0,0.3547,0,2,3
12,0,10,MAA,BOM,982,2,6.7,0.3206512632467817,12,82,B737,1,0.5783,5,0,1
21,1,10,PNQ,BOM,91,2,13.7,0.13824692503648287,8,50,B777,1,0.7053,8,0,4
5,6,3,DEL,BLR,1762,0,8.9,0.45553175446092103,17,39,A321,1,0.5022,1,2,2
6,4,4,BOM,PNQ,92,2,4.0,0.1924309429032395,20,31,B737,1,0.697,0,8,1
10,2,12,HYD,BOM,645,0,1.5,0.3041529459043734,9,55,A320,0,0.1217,3,0,0
11,6,11,DEL,GOI,1945,2,2.6,0.3516452602345073,4,83,B777,1,0.5907,1,7,4
18,1,7,DEL,BOM,1184,0,6.4,0.32051903836575174,14,83,A321,0,0.4282,1,0,2
1,3,8,MAA,BOM,973,0,9.4,0.28908742466319776,6,44,A320,0,0.3856,5,0,0
12,4,10,MAA,BOM,1052,0,5.0,0.34889735627046803,16,23,B777,0,0.3896,5,0,4
10,0,11,HYD,BOM,606,0,10.1,0.23790394540957216,11,30,B777,0,0.4152,3,0,4
15,1,5,BLR,DEL,1713,0,13.6,0.3907388286247944,9,36,A320,0,0.4263,2,1,0
4,1,6,DEL,AMD,912,0,4.9,0.24945167553931824,8,24,B777,0,0.3498,1,6,4
19,6,7,BOM,PNQ,90,0,4.9,0.12007402462436412,10,38,ATR72,0,0.468,0,8,3
14,1,3,CCU,DEL,1298,0,5.1,0.41779749512857156,2,31,A320,0,0.2371,4,1,0
3,0,5,MAA,BOM,983,2,6.5,0.285318398068333,7,81,A320,1,0.5141,5,0,0
4,4,11,BLR,DEL,1783,0,7.0,0.354392730361097,20,81,ATR72,0,0.2418,2,1,3
2,4,4,DEL,AMD,890,0,8.9,0.24062710781399255,4,60,A320,0,0.1963,1,6,0
15,2,10,PNQ,BOM,89,2,10.7,0.15365154281042584,9,52,B737,1,0.7115,8,0,1
23,6,1,HYD,BOM,579,1,10.4,0.2732547775537837,11,41,A320,1,0.6793,3,0,0
0,6,5,DEL,BLR,1700,0,9.2,0.4591776448629028,16,20,ATR72,1,0.5837,1,2,3
18,3,9,GOI,DEL,1875,2,13.9,0.3232839937764509,19,56,A321,1,1.0,7,1,2
23,0,8,CCU,DEL,1311,0,13.1,0.384880886310612,1,44,A320,1,0.524,4,1,0
6,4,6,BOM,MAA,992,0,13.5,0.3222435670845986,4,37,B737,0,0.4989,0,5,1
12,2,2,HYD,BLR,467,1,7.1,0.2117315340911916,19,88,B777,0,0.3847,3,2,4
3,0,8,DEL,BLR,1704,0,4.4,0.45929903979391584,5,81,A321,0,0.2837,1,2,2
21,2,5,PNQ,BOM,89,2,2.5,0.15008095582809008,14,86,A321,1,0.56,8,0,2
6,1,8,BLR,BOM,803,0,1.9,0.2991831988051161,15,31,B737,0,0.3397,2,0,1
16,0,5,BLR,BOM,857,0,9.1,0.34185887292562483,3,36,A320,0,0.3067,2,0,0
23,6,5,DEL,AMD,915,2,1.7,0.2142390063960438,4,77,B777,1,0.5357,1,6,4
20,4,3,BOM,MAA,1038,1,5.0,0.29334357339112327,16,30,A320,1,0.6373,0,5,0
16,0,7,BLR,BOM,854,0,3.9,0.2743424067195532,10,69,A321,0,0.2097,2,0,2
1,0,12,BOM,PNQ,84,0,4.2,0.16416947058017128,9,51,A320,0,0.1157,0,8,0
5,3,3,BOM,PNQ,128,0,9.4,0.16718624207197308,2,55,A321,0,0.2169,0,8,2
18,5,9,BOM,HYD,649,1,1.1,0.2836602661054719,8,54,B777,1,0.6135,0,3,4
6,1,4,AMD,DEL,882,2,9.6,0.2025369900808874,14,82,A320,1,0.631,6,1,0
20,5,2,AMD,DEL,935,0,7.1,0.21304547722750306,21,89,ATR72,0,0.3852,6,1,3
8,6,6,MAA,BOM,991,1,5.4,0.30143986397982475,4,69,A321,1,0.6206,5,0,2
1,6,5,DEL,GOI,1889,3,12.3,0.3777360240636627,8,69,B777,1,1.0,1,7,4
12,2,6,AMD,DEL,863,0,8.6,0.174880354244882,15,75,A320,0,0.32,6,1,0
5,0,7,DEL,CCU,1294,0,3.9,0.4627115521180877,20,26,B737,1,0.5351,1,4,1
5,2,11,HYD,BOM,594,0,2.6,0.31336897048986456,7,64,B737,0,0.1253,3,0,1
15,2,5,BLR,HYD,503,0,5.2,0.21162058292123043,1,28,A320,0,0.2346,2,3,0
21,3,10,GOI,DEL,1925,0,1.8,0.3095004603723345,12,21,B777,0,0.3238,7,1,4
22,3,3,GOI,DEL,1855,0,10.3,0.3655065560546582,21,64,B737,0,0.4462,7,1,1
8,0,5,MAA,BOM,992,0,3.7,0.2716892738322955,12,77,B737,0,0.3087,5,0,1
18,5,10,BOM,DEL,1104,2,1.5,0.3880241827622103,12,75,ATR72,1,0.8052,0,1,3
9,5,1,HYD,BOM,580,0,8.1,0.2933528510081592,9,25,ATR72,1,0.5673,3,0,3
4,3,1,DEL,CCU,1316,0,9.1,0.4727471221205334,4,57,B777,0,0.2891,1,4,4
16,3,11,DEL,BLR,1777,0,5.8,0.38864376043033727,9,43,ATR72,0,0.2255,1,2,3
2,4,3,BLR,HYD,496,0,7.5,0.13027032050126072,13,73,A320,0,0.1021,2,3,0
22,2,1,PNQ,BOM,114,1,1.4,0.18939771417357537,6,72,B777,0,0.3258,8,0,4
7,5,3,MAA,BOM,1041,1,5.7,0.2635134255579146,15,67,B777,1,0.5554,5,0,4
8,2,7,BOM,BLR,818,0,7.3,0.23742965935938792,20,25,A321,1,0.595,0,2,2
23,1,6,DEL,CCU,1351,2,4.3,0.4470131056762586,14,23,B777,1,0.8788,1,4,4
20,1,11,BOM,PNQ,103,0,3.3,0.13593246441391152,1,84,B737,0,0.2544,0,8,1
21,0,11,GOI,DEL,1928,1,13.0,0.2995548466736114,18,28,B777,1,0.7698,7,1,4
20,3,1,BOM,DEL,1124,0,6.1,0.37857008683216964,3,69,B737,0,0.3014,0,1,1
13,2,11,BOM,HYD,584,2,4.1,0.27829217665629824,5,58,A320,1,0.5113,0,3,0
10,2,12,DEL,BLR,1735,0,11.9,0.4111240929757031,11,62,ATR72,0,0.4144,1,2,3
6,2,12,MAA,BOM,970,2,5.4,0.29012140896539307,11,78,ATR72,1,0.566,5,0,3
22,2,12,PNQ,BOM,104,2,3.5,0.10280417750058639,7,67,B737,1,0.4911,8,0,1
9,3,6,DEL,CCU,1337,0,8.6,0.4956822016758776,21,69,B737,1,0.6483,1,4,1
12,0,12,BOM,MAA,981,1,10.8,0.3406532118179464,5,33,A320,1,0.6063,0,5,0
21,3,7,MAA,BOM,1008,0,7.0,0.3142613247714369,20,56,A321,0,0.3257,5,0,2
10,1,1,BOM,HYD,648,1,10.7,0.229497364929103,2,39,B737,1,0.5618,0,3,1
18,4,8,MAA,BOM,1051,3,8.6,0.3268117725489067,17,20,B777,1,1.0,5,0,4
0,6,7,DEL,AMD,873,0,10.6,0.2302271569501769,2,27,A321,1,0.5921,1,6,2
6,2,6,DEL,AMD,852,0,4.1,0.21108557783815662,11,36,A320,0,0.3044,1,6,0
22,5,7,DEL,AMD,880,0,7.8,0.1501627570190313,20,40,ATR72,0,0.3801,1,6,3
11,5,8,DEL,BOM,1122,1,5.8,0.3089905743011642,4,60,B777,1,0.4736,1,0,4
18,1,5,DEL,BOM,1117,1,6.1,0.34815417084595673,9,88,B777,1,0.4893,1,0,4
8,1,6,DEL,CCU,1354,0,12.7,0.4995945300243667,14,79,A321,1,0.6998,1,4,2
6,0,3,GOI,DEL,1945,0,2.6,0.2879489269871881,4,43,A320,0,0.1852,7,1,0
21,1,7,BLR,DEL,1764,1,6.7,0.37171127465495535,14,77,A320,1,0.4987,2,1,0
17,0,8,DEL,AMD,911,2,8.0,0.23562142092532526,12,62,A320,1,0.7942,1,6,0
22,0,10,CCU,DEL,1272,0,1.1,0.3866638382383594,17,50,A321,0,0.2547,4,1,2
3,2,8,BOM,MAA,973,0,9.5,0.3525589678159679,8,50,B777,0,0.341,0,5,4
10,4,10,CCU,DEL,1354,0,7.4,0.383334272479967,20,55,B777,0,0.2533,4,1,4
4,0,11,BLR,BOM,830,0,1.4,0.3177970864433918,14,64,A320,0,0.1771,2,0,0
7,5,6,HYD,BOM,656,0,9.5,0.23459418358045556,10,87,ATR72,1,0.4938,3,0,3
11,6,5,BOM,MAA,1036,1,5.5,0.28128928009652837,6,37,A321,0,0.4325,0,5,2
6,5,6,BOM,MAA,1002,0,9.9,0.3215028091317271,18,61,A321,0,0.4786,0,5,2
20,4,12,HYD,BLR,502,1,11.6,0.14843891659732328,14,31,A320,1,0.7294,3,2,0
22,2,12,BOM,BLR,876,1,3.7,0.2716128128974359,13,46,A321,0,0.3586,0,2,2
12,3,8,AMD,DEL,900,1,1.7,0.22594734470181493,10,58,A320,0,0.3904,6,1,0
10,2,3,PNQ,BOM,104,2,8.1,0.12260158127052953,14,24,B777,1,0.799,8,0,4
19,3,1,BLR,DEL,1712,0,2.9,0.42547282090618377,15,20,B737,1,0.5202,2,1,1
19,0,4,MAA,BOM,971,0,9.1,0.2586572190256434,10,55,A321,0,0.3535,5,0,2
15,1,3,DEL,AMD,902,0,9.6,0.21773838826516667,6,30,B777,0,0.2571,1,6,4
14,4,1,BLR,BOM,889,0,7.6,0.29009020525609625,21,84,B777,0,0.216,2,0,4
8,4,6,BOM,HYD,653,0,12.1,0.2541258237813194,3,57,A321,1,0.5517,0,3,2
7,2,4,HYD,BLR,471,0,5.7,0.14820898718309125,4,34,A320,0,0.2793,3,2,0
3,1,7,PNQ,BOM,160,0,11.3,0.11869470837924063,13,80,B737,0,0.4475,8,0,1
1,1,11,BOM,BLR,795,0,2.3,0.24486213490706457,6,20,A320,0,0.2479,0,2,0
12,4,6,DEL,GOI,1875,0,2.4,0.30344727198916555,9,87,B737,0,0.2214,1,7,1
17,2,10,DEL,BOM,1099,0,3.3,0.30409413675943076,2,75,ATR72,0,0.2716,1,0,3
0,1,4,BLR,BOM,835,1,6.8,0.27139093861648383,11,30,A320,0,0.4286,2,0,0
17,2,9,DEL,GOI,1876,2,11.8,0.3289409769620943,4,40,ATR72,1,1.0,1,7,3
9,1,6,MAA,BOM,1053,0,4.0,0.32539132652589836,13,60,A321,0,0.4302,5,0,2
4,0,3,CCU,DEL,1334,1,4.4,0.40424448880240865,8,76,B777,0,0.3617,4,1,4
21,1,12,BOM,DEL,1161,2,2.4,0.4138817203734575,5,80,B737,1,0.5656,0,1,1
19,1,7,BOM,PNQ,114,0,5.2,0.11228905613012607,2,64,ATR72,0,0.3449,0,8,3
17,6,1,BLR,HYD,535,1,6.2,0.17621684924995937,1,44,A321,1,0.5405,2,3,2
10,4,1,BOM,DEL,1144,0,11.6,0.3845482110891489,7,50,B777,0,0.3538,0,1,4
2,1,10,MAA,BOM,1033,0,8.7,0.3105456067249607,1,21,B737,0,0.3742,5,0,1
9,6,5,BOM,BLR,800,1,11.9,0.25539833769164116,17,85,A321,1,0.8022,0,2,2
12,5,9,BOM,PNQ,132,2,5.4,0.1291500309167763,15,85,B737,1,0.7017,0,8,1
5,1,1,BLR,HYD,529,2,2.3,0.20448084521182475,2,35,B777,1,0.5518,2,3,4
16,1,12,DEL,BLR,1758,0,4.0,0.4375944116031804,20,47,A321,0,0.275,1,2,2
23,6,11,CCU,DEL,1301,1,6.5,0.4488818019878508,14,22,A320,1,0.6296,4,1,0
23,1,10,PNQ,BOM,106,0,6.8,0.16213268790655816,4,75,ATR72,0,0.1149,8,0,3
21,2,11,PNQ,BOM,81,0,11.5,0.12071225196559518,1,48,A321,0,0.2983,8,0,2
12,3,6,DEL,CCU,1284,2,11.3,0.4539528589129534,3,23,B777,1,1.0,1,4,4
1,5,1,DEL,BLR,1734,0,6.4,0.4137873837464753,9,82,B777,0,0.2155,1,2,4
10,6,1,BOM,HYD,611,0,11.2,0.27758873761787206,20,87,B737,0,0.461,0,3,1
7,5,11,HYD,BLR,512,3,3.2,0.17385477524453777,5,66,B737,1,0.8695,3,2,1
10,5,8,HYD,BOM,655,3,8.0,0.27817768892841194,14,54,A320,1,0.9113,3,0,0
10,4,4,DEL,GOI,1933,0,11.7,0.3585647870099316,18,89,B777,0,0.4434,1,7,4
21,6,7,DEL,GOI,1948,0,9.6,0.3818126385422542,7,53,B777,0,0.4027,1,7,4
0,2,11,BLR,BOM,827,0,8.0,0.30020585392478444,7,53,A320,0,0.1201,2,0,0
0,5,6,BOM,HYD,656,1,10.5,0.25907166590906516,13,32,ATR72,1,0.7736,0,3,3
4,2,9,AMD,DEL,930,0,4.9,0.20712260462369608,21,74,A321,0,0.2828,6,1,2
14,5,4,PNQ,BOM,116,0,10.9,0.13318761514946537,13,75,ATR72,0,0.4033,8,0,3
4,0,2,BOM,DEL,1100,1,2.2,0.3709993289206659,5,43,A320,0,0.4184,0,1,0
11,2,12,DEL,AMD,879,1,12.9,0.22777623185779264,15,65,A320,1,0.5411,1,6,0
9,3,10,DEL,AMD,870,1,3.0,0.23265965538234507,14,63,ATR72,1,0.4931,1,6,3
23,2,10,BLR,BOM,805,0,6.7,0.29206440715387655,21,23,A321,0,0.3668,2,0,2
12,5,11,AMD,DEL,922,0,3.5,0.24249963990020482,19,67,A320,0,0.247,6,1,0
18,6,12,HYD,BLR,520,0,8.4,0.22980314694776977,10,84,B737,0,0.3919,3,2,1
6,5,7,DEL,AMD,856,2,9.1,0.17015016952268264,12,81,ATR72,1,0.7681,1,6,3
2,0,4,BOM,BLR,884,0,8.9,0.2817748305554794,5,57,A320,0,0.2127,0,2,0
22,1,4,HYD,BLR,475,1,3.2,0.19698924908844703,16,68,B777,0,0.3788,3,2,4
21,0,8,CCU,DEL,1292,2,9.2,0.4520324408034855,20,82,B737,1,0.8808,4,1,1
8,2,2,MAA,BOM,1025,1,2.7,0.2588036080811726,21,29,B777,1,0.7035,5,0,4
5,4,3,DEL,CCU,1335,0,5.8,0.43910470137170116,4,53,ATR72,0,0.1756,1,4,3
2,6,3,HYD,BOM,589,2,7.6,0.29037452767461924,10,73,A320,1,0.5661,3,0,0
15,2,8,DEL,BLR,1693,0,1.3,0.4525606333330468,2,38,ATR72,0,0.351,1,2,3
1,0,7,MAA,BOM,965,2,10.4,0.31848695291894097,18,77,B777,1,0.9274,5,0,4
15,5,3,AMD,DEL,851,0,9.7,0.25339668053818465,2,39,A320,0,0.3214,6,1,0
9,3,9,BOM,DEL,1112,1,13.7,0.3546896314179661,14,56,B737,1,0.8419,0,1,1
22,6,6,BOM,PNQ,168,1,4.7,0.1313426798898007,19,23,A320,1,0.7025,0,8,0
13,1,11,DEL,BOM,1131,0,10.5,0.37103525766383083,1,76,A320,0,0.3484,1,0,0
9,3,7,DEL,BLR,1780,2,8.8,0.38838120456907177,8,40,A320,1,0.9754,1,2,0
6,2,11,HYD,BLR,515,1,7.1,0.1408692014485099,7,22,B737,0,0.4063,3,2,1
3,1,5,BOM,BLR,808,0,6.2,0.3234274835857182,14,56,B777,0,0.1794,0,2,4
14,0,8,BOM,PNQ,142,2,6.7,0.14354830826297466,14,34,ATR72,1,0.7274,0,8,3
16,2,10,DEL,BLR,1759,1,8.2,0.38234982267901174,16,26,B777,1,0.7029,1,2,4
21,1,9,DEL,AMD,883,2,4.8,0.2326093928866812,17,74,A320,1,0.693,1,6,0
9,1,10,BOM,PNQ,166,0,3.6,0.12602615545095594,12,39,B777,0,0.3704,0,8,4
1,6,2,CCU,DEL,1313,2,6.5,0.3821684861846444,3,61,A321,1,0.6029,4,1,2
22,3,7,BLR,BOM,890,1,1.0,0.3052460978194697,21,59,A321,1,0.5221,2,0,2
7,1,6,BLR,HYD,479,1,13.9,0.14687995240644192,18,89,A320,1,0.8088,2,3,0
8,0,6,GOI,DEL,1863,2,3.7,0.28582566723332037,4,37,A320,1,0.8343,7,1,0
13,6,6,MAA,BOM,1022,0,6.3,0.3215613478352557,16,20,A320,1,0.5286,5,0,0
16,3,4,DEL,AMD,894,2,8.6,0.21982164884278535,2,46,B777,1,0.5879,1,6,4
5,2,4,BLR,DEL,1708,2,4.6,0.3971788135713542,2,80,B777,1,0.5589,2,1,4
8,2,10,BOM,DEL,1116,1,9.7,0.36005120014308534,6,25,A321,1,0.744,0,1,2
7,0,3,BLR,DEL,1769,1,11.5,0.3685661736746467,12,43,B777,1,0.8174,2,1,4
12,0,11,DEL,GOI,1850,0,10.4,0.3033903270874211,6,47,A321,0,0.3214,1,7,2
11,0,1,DEL,CCU,1266,0,3.5,0.40227738785012673,14,49,A321,0,0.2109,1,4,2
7,2,1,HYD,BLR,492,1,3.3,0.21384223332022773,14,84,ATR72,0,0.4855,3,2,3
11,0,6,DEL,BLR,1745,1,6.1,0.43070972156689125,14,75,A320,0,0.5223,1,2,0
20,2,12,BOM,BLR,891,0,5.5,0.24148077613247157,13,23,A321,0,0.4466,0,2,2
7,4,8,BOM,MAA,1014,1,11.7,0.28632107099526816,21,61,B737,1,0.8645,0,5,1
9,4,10,BOM,BLR,803,0,4.6,0.24210095376734214,2,70,A321,0,0.2468,0,2,2
9,5,7,DEL,BOM,1105,2,11.1,0.34239841827011075,15,75,B777,1,1.0,1,0,4
12,6,1,CCU,DEL,1304,0,11.7,0.44026259569318643,10,85,A321,0,0.4261,4,1,2
10,1,2,DEL,CCU,1300,0,1.5,0.4747518036550449,9,36,B777,0,0.2599,1,4,4
10,5,8,DEL,CCU,1332,1,7.7,0.45110482583854433,1,32,A321,1,0.6004,1,4,2
14,2,1,BLR,BOM,812,0,5.6,0.28533676170885947,6,88,B737,0,0.1141,2,0,1
9,5,3,MAA,BOM,985,0,5.4,0.32348023260393866,18,26,A320,1,0.5794,5,0,0
13,2,5,BOM,HYD,582,0,1.8,0.23042534234221237,5,36,A321,0,0.1622,0,3,2
5,6,2,BLR,HYD,458,0,2.7,0.21397415618981241,2,62,B777,0,0.1356,2,3,4
14,0,10,BLR,BOM,862,0,10.9,0.2765273794124292,13,67,A320,0,0.3606,2,0,0
8,2,11,BLR,BOM,810,0,7.6,0.259741197686033,1,23,B737,0,0.4039,2,0,1
19,6,9,AMD,DEL,921,2,8.1,0.26317691820096395,6,56,A321,1,0.9053,6,1,2
9,5,2,HYD,BLR,514,1,14.0,0.19235912811148953,3,61,B777,1,0.6769,3,2,4
9,3,6,BLR,DEL,1780,2,5.4,0.394907348831286,6,63,A321,1,0.808,2,1,2
0,1,11,HYD,BLR,507,0,6.2,0.22943329287127706,11,35,A320,0,0.2118,3,2,0
2,0,9,BOM,HYD,666,2,10.4,0.20069253547158536,11,31,A321,1,0.9003,0,3,2
10,1,1,GOI,DEL,1910,0,2.8,0.29468435834516477,18,47,A321,0,0.2179,7,1,2
0,3,2,BLR,HYD,459,0,6.0,0.18989448634547898,9,44,A320,0,0.146,2,3,0
22,4,1,GOI,DEL,1946,0,12.2,0.3040236821929435,14,39,A320,0,0.4416,7,1,0
16,0,3,MAA,BOM,984,0,1.6,0.3196684866715117,19,38,ATR72,0,0.2979,5,0,3
0,2,11,DEL,GOI,1907,1,7.1,0.3344660717486391,1,38,B737,0,0.4038,1,7,1
6,4,2,MAA,BOM,996,0,8.2,0.28879483188123384,6,26,B737,0,0.3655,5,0,1
17,0,12,DEL,BOM,1175,2,1.4,0.3689210969919215,11,84,B737,1,0.7476,1,0,1
4,0,10,BOM,PNQ,146,0,7.1,0.1522705627055166,4,55,B737,0,0.1109,0,8,1
11,3,5,DEL,GOI,1921,1,11.5,0.3956365223030448,19,47,ATR72,1,0.6583,1,7,3
18,1,4,DEL,AMD,900,2,7.4,0.23687060760362388,6,75,ATR72,1,0.6447,1,6,3
7,0,5,BOM,BLR,876,1,2.5,0.3206626565755373,5,52,ATR72,0,0.4783,0,2,3
12,2,7,BLR,HYD,507,2,11.3,0.21353575859668383,16,57,ATR72,1,0.8854,2,3,3
0,3,7,BOM,PNQ,131,0,4.4,0.16418995476883205,1,22,A320,0,0.3657,0,8,0
4,4,5,BOM,DEL,1158,0,11.1,0.3792655389428783,1,65,A321,0,0.3517,0,1,2
20,1,6,GOI,DEL,1900,0,11.0,0.3424924131463522,21,77,B737,1,0.687,7,1,1
10,0,7,BOM,DEL,1148,1,5.3,0.40200145435657514,8,22,A320,1,0.6108,0,1,0
10,1,8,BOM,MAA,1012,0,5.1,0.2950452065037085,20,39,A321,0,0.388,0,5,2
13,1,8,GOI,DEL,1891,3,6.7,0.2867515769299172,3,82,A321,1,0.8147,7,1,2
4,1,2,AMD,DEL,927,0,8.7,0.2568635992655992,1,25,B737,0,0.3527,6,1,1
21,0,3,DEL,AMD,907,0,4.5,0.22339891700312092,2,64,ATR72,0,0.0894,1,6,3
11,1,5,DEL,GOI,1893,3,1.2,0.3792793260366944,18,88,A320,1,0.8517,1,7,0
7,3,10,BOM,BLR,838,1,3.3,0.3175076155883045,20,22,B737,1,0.727,0,2,1
6,6,11,BOM,DEL,1164,1,11.5,0.3768924512294513,6,22,B777,1,0.7508,0,1,4
19,2,3,PNQ,BOM,160,1,1.8,0.15057873534312347,10,51,B777,0,0.4602,8,0,4
13,5,8,DEL,BLR,1739,2,13.5,0.38227461933379103,13,68,A320,1,0.9529,1,2,0
22,1,4,BLR,BOM,800,1,6.6,0.30015754882115575,10,28,B777,1,0.4701,2,0,4
9,4,9,AMD,DEL,873,1,2.2,0.18501887512521714,15,49,ATR72,1,0.574,6,1,3
2,1,5,DEL,GOI,1880,0,13.4,0.3338354561323357,19,81,ATR72,0,0.4335,1,7,3
12,4,4,BOM,DEL,1148,3,12.6,0.4230877528111916,8,70,B777,1,0.9692,0,1,4
11,3,1,BOM,DEL,1122,0,13.6,0.3491404518289854,20,31,B777,1,0.5097,0,1,4
16,0,3,BOM,HYD,650,1,12.3,0.23485655126655341,9,72,ATR72,0,0.4939,0,3,3
21,5,10,DEL,BOM,1162,2,5.2,0.3171841352710047,13,29,B737,1,0.7769,1,0,1
6,4,4,DEL,BLR,1713,0,11.4,0.4430271831026563,11,34,ATR72,1,0.4972,1,2,3
22,5,7,DEL,BLR,1779,0,2.1,0.3704696845527967,14,27,A320,0,0.4982,1,2,0
2,2,5,CCU,DEL,1340,0,11.4,0.42610585090767056,9,20,A321,1,0.5204,4,1,2
15,0,12,BLR,BOM,859,2,12.2,0.3044009888462311,8,21,ATR72,1,0.8718,2,0,3
22,5,4,BOM,MAA,1024,2,3.8,0.32340855873876045,4,46,ATR72,1,0.5794,0,5,3
6,2,7,MAA,BOM,1030,1,3.0,0.29464586493804,6,86,B777,0,0.4179,5,0,4
19,0,3,HYD,BLR,497,0,13.0,0.22525590216611224,3,33,A321,0,0.5101,3,2,2
15,2,7,DEL,BOM,1126,0,8.4,0.3314379587561364,14,46,B737,0,0.3826,1,0,1
17,6,9,DEL,AMD,868,0,2.5,0.22903070159658698,9,45,B777,0,0.3916,1,6,4
14,5,10,BOM,MAA,1045,1,6.6,0.27831164266955144,18,25,A320,1,0.6113,0,5,0
9,2,1,DEL,BOM,1127,2,2.7,0.35147359771018954,11,53,B777,1,0.7406,1,0,4
21,5,9,BLR,BOM,829,1,7.8,0.3254875450677669,13,80,B737,1,0.5302,2,0,1
6,2,7,GOI,DEL,1904,0,11.6,0.3171973255369334,8,88,B737,0,0.4269,7,1,1
5,1,9,BLR,DEL,1692,0,7.4,0.426612247441123,1,47,B737,0,0.2706,2,1,1
17,2,10,HYD,BLR,457,1,9.8,0.1450677159790087,5,34,B737,1,0.578,3,2,1
7,0,9,BLR,HYD,460,2,3.4,0.16617426168293667,4,82,A321,1,0.7165,2,3,2
9,1,10,BLR,BOM,861,0,9.4,0.26227986465627734,12,55,A320,0,0.4049,2,0,0
5,4,11,BOM,MAA,1022,0,7.2,0.28502823956017076,15,77,A320,0,0.164,0,5,0
13,2,6,BOM,DEL,1177,3,10.3,0.40870031577730914,9,68,A321,1,1.0,0,1,2
1,3,3,BOM,DEL,1131,2,5.5,0.3355097347410203,16,83,ATR72,1,0.6342,0,1,3
10,6,10,BOM,MAA,1041,1,3.9,0.32850282001067843,11,55,A320,0,0.4314,0,5,0
9,2,12,HYD,BLR,490,0,12.4,0.14121114936063262,1,44,B737,0,0.4765,3,2,1
22,2,8,AMD,DEL,892,0,3.8,0.2653646034583093,1,69,B737,0,0.2061,6,1,1
1,0,12,DEL,GOI,1941,2,12.2,0.36569875165101884,16,45,ATR72,1,0.8463,1,7,3
10,2,4,DEL,CCU,1311,2,2.1,0.49874290601919163,12,50,B777,1,0.6495,1,4,4
9,6,9,BOM,BLR,835,1,12.1,0.28185451341659923,18,43,ATR72,1,0.9827,0,2,3
4,2,6,BOM,BLR,832,0,2.6,0.2806135380643073,9,39,ATR72,0,0.2822,0,2,3
22,2,12,CCU,DEL,1268,0,10.7,0.4553552714618256,17,28,B777,1,0.6321,4,1,4
21,6,1,PNQ,BOM,72,1,3.8,0.13333482361881832,9,81,A320,0,0.3533,8,0,0
14,1,4,BOM,BLR,813,0,9.9,0.3284916949276152,19,46,A321,0,0.3314,0,2,2
23,0,1,BLR,BOM,865,1,1.3,0.26894651222757776,1,34,A321,0,0.3776,2,0,2
6,0,3,BOM,DEL,1187,0,12.2,0.4140304861094886,1,58,A320,0,0.3656,0,1,0
16,4,1,DEL,BOM,1196,2,5.3,0.3655747912024539,3,58,B737,0,0.5462,1,0,1
13,3,11,BOM,DEL,1141,1,9.5,0.41298332608483096,21,76,A320,1,0.5652,0,1,0
4,3,1,GOI,DEL,1881,0,9.1,0.35674642431631076,10,42,A320,0,0.3127,7,1,0
3,5,4,BOM,PNQ,115,2,4.2,0.17508430155980928,3,43,B737,1,0.64,0,8,1
13,5,6,HYD,BLR,476,0,9.1,0.1906042799776539,20,20,B737,1,0.5762,3,2,1
0,5,11,DEL,GOI,1926,0,10.8,0.36492308398156076,14,64,A320,0,0.446,1,7,0
8,1,11,DEL,BLR,1784,0,10.6,0.469156665151864,21,68,ATR72,1,0.6377,1,2,3
0,4,3,HYD,BOM,579,1,12.5,0.26253414118168217,8,75,A320,1,0.505,3,0,0
23,5,9,BOM,PNQ,121,1,12.6,0.1612527258556562,20,30,B737,1,0.8345,0,8,1
9,6,8,DEL,GOI,1882,2,6.5,0.35607226676514603,13,79,A321,1,0.8924,1,7,2
9,3,2,BOM,MAA,976,2,13.9,0.2927447516379747,13,39,A320,1,0.9871,0,5,0
1,4,3,DEL,BOM,1175,0,7.5,0.3383902257636682,8,82,B777,0,0.1354,1,0,4
17,2,5,BOM,DEL,1133,3,4.1,0.42019710699164464,7,24,B777,1,1.0,0,1,4
16,3,9,BLR,HYD,529,0,6.1,0.1505050678175359,16,85,A320,0,0.2602,2,3,0
6,3,9,DEL,BOM,1142,0,2.5,0.3905495084726641,15,57,A320,0,0.3062,1,0,0
4,1,6,BLR,HYD,548,0,5.4,0.18257696081354652,5,79,ATR72,0,0.173,2,3,3
13,0,10,PNQ,BOM,147,0,6.9,0.13855398934982713,10,71,A321,0,0.1054,8,0,2
17,6,1,MAA,BOM,974,3,13.6,0.28331039352735604,10,42,B777,1,1.0,5,0,4
1,1,8,HYD,BOM,613,2,7.4,0.22665353820029122,18,86,B777,1,0.6907,3,0,4
23,5,3,BOM,HYD,652,2,11.1,0.2639316597472597,13,70,ATR72,1,0.8056,0,3,3
2,2,5,BOM,HYD,602,1,8.4,0.23290972324583306,4,78,A320,0,0.3932,0,3,0
19,0,9,DEL,GOI,1887,0,5.9,0.3794317889178339,20,46,B777,1,0.5018,1,7,4
7,2,12,BOM,BLR,808,1,1.8,0.2880027340598104,20,31,B737,1,0.6352,0,2,1
22,4,3,DEL,BOM,1197,0,2.4,0.33100026104832087,5,76,A321,0,0.1324,1,0,2
6,4,7,MAA,BOM,1023,0,1.9,0.2592224175548779,17,31,ATR72,0,0.3737,5,0,3
16,1,12,CCU,DEL,1271,2,12.5,0.44579049322766107,4,46,A320,1,0.7783,4,1,0
13,4,2,BLR,DEL,1718,2,6.2,0.40849696658994816,17,73,ATR72,1,0.6634,2,1,3
11,2,3,DEL,GOI,1888,0,3.9,0.31292439294308527,19,32,B777,0,0.2952,1,7,4
9,5,8,DEL,CCU,1325,1,8.0,0.47742783203935624,16,88,B777,1,0.791,1,4,4
0,3,11,DEL,AMD,886,0,8.8,0.2244854069362624,18,31,B737,0,0.3598,1,6,1
15,5,5,GOI,DEL,1866,3,7.8,0.28020714291854076,3,28,A320,1,0.9121,7,1,0
14,2,9,GOI,DEL,1854,0,13.4,0.3245827770783384,21,85,A320,1,0.5298,7,1,0
15,0,5,BOM,PNQ,126,2,2.0,0.19319176788256365,14,59,ATR72,1,0.5773,0,8,3
4,0,8,BOM,HYD,595,0,5.0,0.2817159493161587,3,26,B777,0,0.3627,0,3,4
9,3,1,CCU,DEL,1296,0,8.5,0.4385581094365364,13,24,B737,1,0.6254,4,1,1
22,4,6,BLR,HYD,468,1,6.4,0.21388545865766226,3,55,B737,0,0.3856,2,3,1
17,6,2,BLR,DEL,1754,0,12.1,0.39596470992629695,1,37,ATR72,1,0.6284,2,1,3
21,5,10,BOM,BLR,827,0,10.0,0.28929830552666685,15,43,A321,0,0.3857,0,2,2
0,5,3,MAA,BOM,978,3,9.0,0.27467932233581077,13,50,B777,1,0.9099,5,0,4
3,1,7,BOM,PNQ,78,0,6.0,0.16571350358218118,12,36,B777,0,0.3363,0,8,4
8,0,11,BLR,HYD,548,0,10.7,0.13610577399258775,18,75,ATR72,0,0.5044,2,3,3
5,5,11,DEL,AMD,862,0,6.0,0.20302437005736015,19,47,A321,0,0.2312,1,6,2
14,6,3,BLR,BOM,799,2,1.7,0.32505401067202866,16,78,B777,1,0.68,2,0,4
8,0,3,BLR,HYD,496,0,1.0,0.21750057347582083,1,89,B777,0,0.237,2,3,4
17,5,11,PNQ,BOM,112,0,8.1,0.12101703895786982,17,79,A320,1,0.4984,8,0,0
3,0,7,HYD,BOM,649,0,3.3,0.2784420859476509,2,24,A321,0,0.3614,3,0,2
11,5,3,BOM,BLR,856,3,7.3,0.2433850254714276,2,36,B777,1,0.8174,0,2,4
16,2,8,AMD,DEL,840,2,11.2,0.2278987899493228,13,76,B737,1,0.8412,6,1,1
16,0,11,DEL,BOM,1181,0,5.2,0.3377823762621521,15,57,B737,0,0.1851,1,0,1
9,6,2,DEL,CCU,1340,0,9.7,0.48181573679496525,19,50,B737,1,0.5927,1,4,1
7,4,2,BOM,MAA,996,2,7.0,0.3652799260856908,12,44,B737,1,0.8161,0,5,1
7,0,10,BLR,HYD,503,1,4.8,0.21064583479096766,12,22,ATR72,1,0.6343,2,3,3
0,4,4,MAA,BOM,1036,0,13.9,0.28634147697458384,8,68,A320,0,0.3145,5,0,0
11,4,5,GOI,DEL,1922,0,12.3,0.28444327156610605,3,33,A320,0,0.3838,7,1,0
5,0,5,BLR,BOM,807,1,1.6,0.3440537870356501,9,62,A321,0,0.3376,2,0,2
13,5,2,GOI,DEL,1874,0,1.1,0.35728511632145915,5,85,B777,0,0.1929,7,1,4
5,6,10,HYD,BOM,645,2,10.0,0.2699532011688821,16,29,ATR72,1,0.908,3,0,3
20,0,6,DEL,CCU,1340,3,12.2,0.41723807556693726,4,87,A320,1,1.0,1,4,0
2,2,3,BOM,PNQ,72,0,7.9,0.1318160144755061,20,74,A321,0,0.2027,0,8,2
18,0,9,HYD,BLR,515,2,13.4,0.16490197569534443,21,84,B777,1,1.0,3,2,4
1,6,9,HYD,BOM,622,0,12.3,0.2502282708408565,7,83,ATR72,0,0.4501,3,0,3
22,6,10,DEL,GOI,1912,1,6.8,0.3071813263968123,10,49,B737,0,0.3729,1,7,1
18,2,6,MAA,BOM,985,1,2.9,0.30194596651003147,14,58,B777,1,0.6208,5,0,4
14,4,8,DEL,AMD,846,1,11.6,0.2157234405010725,12,41,B777,1,0.7063,1,6,4
10,3,7,BLR,HYD,522,0,12.7,0.1955375083009388,21,33,A321,1,0.5482,2,3,2
2,1,5,AMD,DEL,909,3,7.1,0.2695534010021866,12,22,ATR72,1,0.9078,6,1,3
5,3,11,DEL,CCU,1342,1,7.8,0.40526695742995006,6,69,A320,0,0.3621,1,4,0
11,4,9,GOI,DEL,1927,1,4.5,0.3468452312205589,21,41,B777,1,0.6087,7,1,4
8,1,4,DEL,GOI,1949,0,5.5,0.3755503634264223,14,31,B737,0,0.4202,1,7,1
18,5,9,DEL,BOM,1144,0,9.6,0.33447111773880783,6,37,ATR72,1,0.6038,1,0,3
23,2,7,PNQ,BOM,122,2,12.8,0.17286738030907212,8,33,ATR72,1,0.8891,8,0,3
0,4,9,BOM,HYD,570,0,1.6,0.2906338123805663,11,73,B737,0,0.2663,0,3,1
2,4,9,BOM,DEL,1140,1,7.8,0.37725482437703967,13,33,A320,1,0.5709,0,1,0
13,4,1,BLR,DEL,1718,1,12.3,0.3891622343859589,3,79,B737,1,0.5557,2,1,1
3,6,1,CCU,DEL,1328,1,4.7,0.45420273486952434,15,31,A320,1,0.5517,4,1,0
13,0,6,DEL,CCU,1285,0,12.9,0.47865839592313975,10,62,B737,0,0.4915,1,4,1
2,3,6,MAA,BOM,987,1,9.4,0.33560844984455585,21,87,B777,1,0.6342,5,0,4
14,4,7,BOM,BLR,843,0,11.7,0.23265994276010377,14,41,A320,0,0.5131,0,2,0
23,0,8,CCU,DEL,1309,2,5.4,0.4328482429097694,19,69,B737,1,0.7731,4,1,1
18,3,3,DEL,BOM,1136,1,2.1,0.382955526407874,2,31,A321,1,0.5732,1,0,2
5,2,12,BOM,PNQ,133,1,11.4,0.1121366923881151,8,57,A320,0,0.4949,0,8,0
8,0,9,BOM,BLR,847,1,7.9,0.2569075684137218,17,81,B777,1,0.6528,0,2,4
16,1,3,DEL,BLR,1784,0,3.3,0.40273519663782187,1,68,ATR72,0,0.1611,1,2,3
2,3,11,BOM,BLR,831,2,2.7,0.2971744792916292,1,77,ATR72,1,0.5189,0,2,3
5,1,11,PNQ,BOM,121,0,6.5,0.1523790685104826,8,28,B737,0,0.261,8,0,1
18,0,6,HYD,BLR,465,1,10.0,0.1702091599120679,6,54,B777,1,0.6181,3,2,4
5,2,9,BOM,MAA,1007,0,12.8,0.33211741953377216,5,83,A320,0,0.4328,0,5,0
17,2,5,DEL,AMD,906,0,11.9,0.21957451209700327,10,76,B777,0,0.4378,1,6,4
2,1,1,DEL,AMD,880,0,2.8,0.24998867321226803,14,36,A320,0,0.22,1,6,0
2,1,11,HYD,BOM,666,0,8.8,0.2577365167279192,6,60,B777,0,0.2031,3,0,4
17,2,11,DEL,BLR,1766,2,2.8,0.40017434326959084,19,77,A320,1,0.8101,1,2,0
3,2,2,AMD,DEL,860,1,11.3,0.1868457825764338,21,37,ATR72,1,0.6447,6,1,3
19,2,9,PNQ,BOM,163,0,12.8,0.16855243567178307,1,21,B737,1,0.7174,8,0,1
11,1,6,BOM,PNQ,147,2,8.8,0.17012126831590033,17,46,B737,1,0.818,0,8,1
14,5,2,PNQ,BOM,76,1,10.6,0.18795212463244546,18,79,A321,1,0.6752,8,0,2
21,2,9,BLR,HYD,533,3,5.3,0.14228499614898968,15,75,B737,1,0.8069,2,3,1
0,2,1,BOM,DEL,1119,0,2.7,0.3396848249863119,19,20,ATR72,0,0.3859,0,1,3
21,6,5,AMD,DEL,917,2,2.3,0.23094176959666174,7,44,B777,1,0.6124,6,1,4
10,4,9,DEL,BOM,1136,0,1.4,0.36967338593004856,18,75,A320,0,0.3479,1,0,0
20,6,5,DEL,AMD,883,0,10.1,0.23864357936624375,11,41,A320,1,0.6155,1,6,0
17,3,10,DEL,CCU,1305,1,6.3,0.4101840538089805,8,33,A321,1,0.5841,1,4,2
1,6,1,BLR,DEL,1710,0,10.6,0.35180638153750643,4,28,ATR72,1,0.5407,2,1,3
17,5,1,DEL,AMD,921,0,11.6,0.2309777252799978,11,62,A320,1,0.5424,1,6,0
19,2,2,BOM,MAA,1035,1,5.8,0.32787228149892617,21,49,A321,1,0.5811,0,5,2
9,5,2,DEL,BLR,1714,3,4.3,0.3800583608392689,12,87,A321,1,1.0,1,2,2
17,1,11,DEL,BOM,1131,0,6.8,0.31952062118140007,8,88,A320,0,0.2778,1,0,0
10,1,2,MAA,BOM,985,0,11.0,0.2881975526103844,18,21,B737,1,0.5653,5,0,1
18,0,9,AMD,DEL,896,2,5.9,0.18926476142668125,20,53,B737,1,0.8257,6,1,1
1,6,1,BOM,PNQ,136,1,9.4,0.13383050701447036,12,50,B777,0,0.5035,0,8,4
23,4,8,BOM,PNQ,167,0,5.0,0.1968508492483873,12,60,B737,0,0.2787,0,8,1
1,4,11,DEL,AMD,924,3,4.3,0.2367799185777415,5,60,B737,1,0.6947,1,6,1
9,0,7,DEL,AMD,931,0,13.1,0.1879605315159873,20,42,ATR72,1,0.6952,1,6,3
0,6,12,BLR,DEL,1693,1,6.7,0.3783801294876785,11,57,B777,0,0.4514,2,1,4
13,2,12,DEL,BOM,1169,0,11.4,0.31859818989705124,7,40,ATR72,0,0.3974,1,0,3
19,6,2,HYD,BLR,476,0,1.3,0.23082856781172967,21,77,B737,0,0.3923,3,2,1
7,1,1,MAA,BOM,987,0,10.9,0.3189904258604028,2,72,ATR72,0,0.4776,5,0,3
13,4,9,CCU,DEL,1284,0,11.1,0.43772327240599734,20,38,A321,1,0.6451,4,1,2
4,2,11,DEL,GOI,1885,2,5.1,0.3482101446954826,3,81,ATR72,1,0.5393,1,7,3
10,2,3,BLR,HYD,492,0,13.6,0.1330894321096506,6,45,A321,0,0.2532,2,3,2
15,2,10,BOM,MAA,1038,1,3.4,0.28499475141134006,9,67,A320,0,0.314,0,5,0
1,2,8,BOM,BLR,876,2,11.6,0.23626849459651295,15,22,A321,1,0.9945,0,2,2
6,6,11,BOM,HYD,661,0,5.9,0.23478755632870513,17,74,B737,0,0.2439,0,3,1
19,1,6,PNQ,BOM,145,1,2.7,0.09793439437878584,5,61,B737,1,0.5392,8,0,1
0,3,5,HYD,BLR,487,0,5.3,0.2343192889904709,10,29,ATR72,0,0.2437,3,2,3
21,5,5,BOM,DEL,1184,1,2.0,0.4187345717373384,1,53,ATR72,0,0.4175,0,1,3
12,3,12,HYD,BLR,486,0,12.2,0.22305981498595134,5,84,ATR72,0,0.2892,3,2,3
8,4,6,GOI,DEL,1874,1,2.8,0.37504672596362654,17,82,B737,1,0.7,7,1,1
2,0,5,PNQ,BOM,103,3,6.6,0.10637943614699175,1,48,A320,1,0.6926,8,0,0
14,6,5,HYD,BLR,459,1,4.8,0.15632551551496782,12,87,B737,0,0.3625,3,2,1
14,4,6,HYD,BLR,471,2,12.5,0.2148070891113412,9,35,A320,1,0.8559,3,2,0
20,3,5,BOM,PNQ,72,2,5.2,0.10411812761587516,19,32,B777,1,0.8116,0,8,4
22,0,2,MAA,BOM,997,0,6.4,0.301607771501607,10,50,A321,0,0.1206,5,0,2
11,3,7,BOM,DEL,1195,0,1.5,0.3837128917644996,20,82,ATR72,0,0.3535,0,1,3
10,3,1,HYD,BOM,590,0,9.5,0.2598607920441626,10,77,ATR72,0,0.2039,3,0,3
16,4,6,BLR,HYD,513,1,9.0,0.16021395985763492,9,44,A320,1,0.5341,2,3,0
5,1,10,DEL,GOI,1922,1,5.5,0.31576926070124745,21,41,B777,1,0.4963,1,7,4
19,6,4,BLR,DEL,1785,1,11.0,0.4314657197902782,6,64,B777,1,0.7726,2,1,4
4,3,12,DEL,CCU,1340,1,7.5,0.4936824352486973,3,83,ATR72,0,0.3975,1,4,3
10,6,3,HYD,BOM,592,0,5.3,0.27423205654980154,14,29,B737,0,0.3597,3,0,1
21,0,1,BLR,HYD,525,0,7.1,0.18084681496558191,5,41,B777,0,0.1423,2,3,4
4,2,3,PNQ,BOM,151,0,8.4,0.10971715413870506,4,89,B777,0,0.1939,8,0,4
18,0,2,DEL,BLR,1729,0,7.9,0.43856081830756233,11,68,A320,0,0.3754,1,2,0
16,1,8,GOI,DEL,1922,0,10.3,0.29476542618781076,17,30,B777,1,0.5879,7,1,4
13,4,7,DEL,AMD,874,1,5.8,0.18304422147666669,2,28,B777,1,0.5232,1,6,4
18,6,6,CCU,DEL,1313,1,10.1,0.4158015881431972,3,31,A321,1,0.9363,4,1,2
21,5,11,BOM,BLR,887,2,1.6,0.25524841166398726,18,55,ATR72,1,0.6521,0,2,3
3,4,12,BOM,PNQ,147,0,3.0,0.11011914263699518,14,44,A320,0,0.214,0,8,0
19,6,1,AMD,DEL,854,1,3.6,0.1827229717916036,20,49,A320,1,0.5731,6,1,0
1,0,2,BLR,HYD,514,1,11.7,0.19206160331520877,7,64,A320,1,0.4768,2,3,0
22,4,6,BOM,PNQ,74,0,1.7,0.15550903994891074,20,55,ATR72,0,0.3122,0,8,3
2,0,9,DEL,AMD,889,0,2.0,0.1706990310959839,2,34,ATR72,0,0.2383,1,6,3
5,1,5,BLR,DEL,1779,0,1.8,0.42303607855363945,1,36,ATR72,0,0.2392,2,1,3
6,6,1,DEL,BOM,1197,2,7.5,0.34163834567019086,18,64,B737,1,0.6867,1,0,1
8,1,8,BOM,DEL,1121,1,3.3,0.3859792014567886,1,53,A321,1,0.6044,0,1,2
7,3,4,MAA,BOM,981,2,7.7,0.2704172688841286,12,35,A321,1,0.7782,5,0,2
16,1,3,DEL,BLR,1712,2,9.6,0.43728464169530196,18,22,ATR72,1,0.9249,1,2,3
6,4,9,DEL,AMD,880,0,13.5,0.24738942312856932,15,22,ATR72,1,0.599,1,6,3
4,0,6,DEL,BOM,1157,2,6.1,0.33838354313433266,18,42,A320,1,0.8054,1,0,0
1,4,12,BLR,DEL,1783,0,6.3,0.4498146630190873,19,68,B737,0,0.2799,2,1,1
13,2,12,BLR,BOM,839,0,13.0,0.3306783125857589,6,25,B737,1,0.4823,2,0,1
6,6,9,PNQ,BOM,106,0,5.8,0.1591165740056642,5,69,A321,0,0.2636,8,0,2
19,3,9,HYD,BOM,579,0,13.8,0.22491743404664463,19,37,B737,1,0.71,3,0,1
14,3,3,HYD,BOM,644,3,4.3,0.314192789484931,8,69,B777,1,0.7257,3,0,4
9,2,2,DEL,AMD,862,1,8.0,0.15137493493305296,5,80,A321,0,0.4105,1,6,2
9,2,7,HYD,BLR,486,2,9.7,0.1924599656391001,13,20,A320,1,1.0,3,2,0
7,3,1,DEL,CCU,1350,2,7.0,0.4151061838349412,12,87,B777,1,0.766,1,4,4
13,3,5,MAA,BOM,1050,0,9.8,0.268721676775504,20,46,B777,0,0.3075,5,0,4
0,2,5,PNQ,BOM,146,1,10.8,0.18580976584630154,2,72,B737,1,0.5243,8,0,1
16,6,10,DEL,BOM,1162,1,8.9,0.34127961511891264,7,32,ATR72,1,0.5565,1,0,3
15,3,9,DEL,BLR,1765,1,4.3,0.41300182491013404,8,87,A321,0,0.4652,1,2,2
0,5,5,BLR,DEL,1690,0,1.5,0.42247889306329256,3,20,B737,0,0.369,2,1,1
4,5,5,PNQ,BOM,133,1,10.7,0.14566359937876022,8,53,A321,1,0.5583,8,0,2
12,3,2,HYD,BOM,577,1,10.4,0.24372591428021834,7,32,B737,1,0.5675,3,0,1
17,1,2,HYD,BOM,628,2,10.3,0.22144411723986823,4,78,A320,1,0.8386,3,0,0
10,2,2,DEL,AMD,905,0,1.6,0.16547975103392837,13,34,A320,0,0.1862,1,6,0
22,3,9,DEL,CCU,1269,0,2.2,0.46969811778164255,1,49,B737,0,0.2879,1,4,1
3,5,10,DEL,BLR,1690,0,13.8,0.4189722756106925,1,38,B737,1,0.4876,1,2,1
22,5,4,DEL,GOI,1890,0,10.1,0.38014120029665255,11,76,B737,1,0.4521,1,7,1
19,1,7,AMD,DEL,880,2,14.0,0.26216790747640056,18,27,B737,1,1.0,6,1,1
16,2,1,CCU,DEL,1284,1,11.5,0.42609883462286796,17,44,A320,1,0.7404,4,1,0
7,4,2,DEL,GOI,1898,0,2.3,0.3068861620004936,9,29,A321,0,0.4228,1,7,2
14,0,4,BOM,MAA,1042,0,5.1,0.36329978513967587,7,34,A321,0,0.2153,0,5,2
16,5,4,PNQ,BOM,155,3,5.0,0.16800733197233342,21,21,B737,1,1.0,8,0,1
2,5,1,BOM,HYD,638,0,4.8,0.23150973261090874,17,43,A321,0,0.3126,0,3,2
11,2,9,BLR,HYD,475,0,10.6,0.16354301743717875,11,21,A321,1,0.5654,2,3,2
11,6,6,BLR,HYD,485,1,2.3,0.19834257406667397,13,50,ATR72,0,0.4793,2,3,3
4,2,2,BOM,MAA,1054,1,9.4,0.33763098884305903,5,87,B737,0,0.4351,0,5,1
11,6,8,BLR,HYD,527,1,11.4,0.21206348158486638,8,58,B777,1,0.6348,2,3,4
3,6,2,DEL,AMD,894,0,10.9,0.2447748488549489,11,32,B777,0,0.4679,1,6,4
18,4,11,AMD,DEL,878,2,7.1,0.26244076665195926,20,58,B737,1,0.755,6,1,1
15,0,8,MAA,BOM,976,0,6.9,0.25436476444154354,19,23,B777,0,0.4517,5,0,4
23,2,7,BOM,BLR,889,0,6.9,0.3143975454713603,7,64,A320,0,0.2258,0,2,0
8,1,3,BLR,HYD,457,2,3.6,0.13701967883459043,21,62,A321,1,0.7048,2,3,2
8,3,12,MAA,BOM,1057,0,11.7,0.3460085577771427,19,89,ATR72,1,0.5884,5,0,3
7,5,11,PNQ,BOM,106,0,2.6,0.11852561899798997,12,33,ATR72,0,0.4174,8,0,3
17,3,11,BLR,BOM,879,0,9.6,0.2637928105891719,14,63,B737,0,0.4055,2,0,1
14,4,4,AMD,DEL,938,0,12.4,0.2064176410878797,1,32,A320,0,0.3526,6,1,0
0,0,3,BLR,DEL,1719,0,9.4,0.3622392430179902,13,58,ATR72,0,0.2949,2,1,3
19,1,9,HYD,BLR,461,0,3.2,0.226555136941545,17,86,B737,0,0.4406,3,2,1
8,2,2,BOM,DEL,1190,0,10.6,0.35399902077606366,8,54,B777,0,0.4916,0,1,4
13,6,3,BOM,MAA,1043,0,5.7,0.28827838452303844,7,57,A320,0,0.1653,0,5,0
18,0,12,AMD,DEL,905,1,9.0,0.20668233991971324,9,34,B777,1,0.6027,6,1,4
2,6,6,BOM,HYD,608,0,2.9,0.2759902605272254,1,69,A321,0,0.2604,0,3,2
14,3,11,BOM,BLR,871,1,10.8,0.27284004236097376,10,23,B777,1,0.6591,0,2,4
15,0,8,BOM,PNQ,164,0,8.3,0.16843899068462942,15,30,B777,0,0.4374,0,8,4
6,4,1,BOM,HYD,618,1,10.5,0.2993843005332037,13,54,B737,1,0.5698,0,3,1
11,4,11,HYD,BOM,628,2,12.7,0.25948623960221306,9,64,B777,1,0.7038,3,0,4
16,1,10,DEL,AMD,842,2,13.3,0.20078656283332058,6,39,B737,1,0.7503,1,6,1
15,3,2,DEL,AMD,900,0,11.6,0.19428916595164147,12,87,B737,0,0.3277,1,6,1
14,0,11,CCU,DEL,1298,0,11.2,0.4022574521504403,19,60,A321,0,0.4609,4,1,2
19,2,9,DEL,CCU,1320,0,5.7,0.40018735934348104,1,37,A321,0,0.4801,1,4,2
16,2,6,DEL,BOM,1102,1,11.9,0.3431463564204601,20,66,ATR72,1,0.7373,1,0,3
11,6,1,DEL,BOM,1129,3,3.3,0.3895581956967498,12,64,A320,1,0.8558,1,0,0
4,6,1,BOM,MAA,995,2,1.9,0.3447704152200889,17,39,A321,1,0.7579,0,5,2
6,2,1,DEL,GOI,1926,2,4.6,0.3942320455833206,21,32,A320,1,0.7277,1,7,0
9,0,11,BLR,HYD,526,0,9.2,0.20963907450592506,16,65,A321,0,0.4339,2,3,2
16,4,6,BOM,HYD,571,0,2.4,0.23951197878904207,1,41,B777,0,0.2658,0,3,4
3,2,4,BOM,BLR,833,0,6.1,0.292629538750951,20,58,A321,0,0.2171,0,2,2
3,2,10,DEL,BLR,1735,0,3.7,0.45094602110302023,3,52,A320,0,0.1804,1,2,0
4,0,1,BOM,BLR,807,2,3.7,0.2990627985060187,9,72,B777,1,0.5196,0,2,4
1,3,8,HYD,BOM,666,0,6.8,0.31969648042706866,18,71,A321,0,0.3279,3,0,2
1,3,9,DEL,BOM,1159,0,12.8,0.336650244456369,7,86,B737,0,0.4347,1,0,1
22,4,11,DEL,CCU,1321,0,8.7,0.4524093938996301,12,51,A320,0,0.331,1,4,0
3,0,10,BOM,DEL,1192,0,10.0,0.3835046143347018,10,65,A320,0,0.2534,0,1,0
18,1,9,AMD,DEL,929,0,7.7,0.2558983647080861,9,75,A320,0,0.3524,6,1,0
7,3,1,BOM,DEL,1110,2,10.7,0.3636147975585179,20,59,B737,1,0.9954,0,1,1
4,6,5,BOM,BLR,863,2,6.5,0.3149803964639026,14,66,A320,1,0.626,0,2,0
13,5,1,HYD,BLR,507,0,11.8,0.17792820648749125,9,61,A320,0,0.3212,3,2,0
16,1,11,MAA,BOM,982,0,6.3,0.2611018502771473,4,80,ATR72,0,0.1044,5,0,3
16,6,12,MAA,BOM,1054,1,2.7,0.2639112213700966,2,35,ATR72,0,0.4256,5,0,3
13,1,11,PNQ,BOM,131,0,10.9,0.1879352228258434,17,38,ATR72,1,0.4952,8,0,3
15,2,1,DEL,GOI,1879,0,7.4,0.3761200585884219,1,65,A320,0,0.1504,1,7,0
1,1,10,MAA,BOM,1034,0,12.6,0.2871844668352952,13,47,A321,0,0.3649,5,0,2
22,6,4,HYD,BLR,507,2,6.2,0.19135922192034108,19,74,A321,1,0.6265,3,2,2
16,5,12,BOM,HYD,611,0,3.1,0.23565935802578383,5,58,B737,0,0.1443,0,3,1
0,1,6,DEL,CCU,1284,1,11.8,0.40859495889409736,19,87,B737,1,0.7634,1,4,1
1,5,4,BOM,HYD,655,0,8.1,0.26760748468102913,19,81,B737,0,0.357,0,3,1
8,4,9,GOI,DEL,1877,0,10.4,0.2957627342090955,19,72,ATR72,1,0.6683,7,1,3
14,0,8,BOM,DEL,1142,2,5.7,0.37571701922042894,9,84,B777,1,0.6503,0,1,4
13,1,8,PNQ,BOM,130,0,5.5,0.14919018496172068,20,51,A320,0,0.3097,8,0,0
20,4,8,CCU,DEL,1324,0,3.1,0.4658221484463305,9,66,ATR72,0,0.4363,4,1,3
13,3,2,BOM,DEL,1159,2,8.7,0.3738619878417944,5,30,A321,1,0.7195,0,1,2
14,6,10,BOM,MAA,996,1,7.4,0.3199002952412234,7,30,A321,0,0.448,0,5,2
20,0,8,BOM,DEL,1131,0,7.9,0.35513462460878165,11,88,A321,0,0.4421,0,1,2
8,3,6,MAA,BOM,968,0,5.4,0.3139033061955431,17,61,B737,0,0.4756,5,0,1
16,3,8,BOM,BLR,850,0,10.1,0.2504667985018229,7,61,B737,0,0.4002,0,2,1
5,4,5,AMD,DEL,851,0,4.1,0.1786370443140551,16,37,A321,0,0.2415,6,1,2
17,4,3,BLR,DEL,1703,0,1.3,0.38171682237612437,2,61,B777,0,0.3027,2,1,4
8,0,11,BOM,MAA,1056,3,10.3,0.29522125205254857,5,43,ATR72,1,1.0,0,5,3
6,3,4,MAA,BOM,981,0,1.3,0.2719659883871688,10,80,ATR72,0,0.1088,5,0,3
1,3,1,HYD,BOM,632,2,4.3,0.2770137062966613,4,28,A320,1,0.6608,3,0,0
16,0,3,DEL,AMD,938,3,6.8,0.20387889771611545,1,77,B777,1,0.6816,1,6,4
4,4,12,BOM,DEL,1187,1,8.5,0.3900375660136593,2,28,A320,1,0.606,0,1,0
16,6,7,GOI,DEL,1900,0,10.9,0.37161735234263904,2,34,B777,1,0.5686,7,1,4
17,6,9,DEL,CCU,1292,0,11.9,0.40090504727212894,13,23,B777,1,0.8604,1,4,4
14,5,6,PNQ,BOM,148,1,10.1,0.18248110186541955,1,84,A320,1,0.673,8,0,0
23,6,6,BLR,DEL,1776,0,11.2,0.4448368550159748,15,26,A321,1,0.7279,2,1,2
5,5,7,BOM,BLR,887,1,6.4,0.3236730757612693,2,44,B777,1,0.5495,0,2,4
9,4,4,PNQ,BOM,145,0,11.4,0.1452391897644194,14,59,B737,0,0.5081,8,0,1
23,3,5,BLR,BOM,871,0,13.3,0.2611118192064361,6,31,B777,0,0.3744,2,0,4
7,6,9,DEL,BLR,1780,0,5.6,0.44135441059582137,7,83,B777,0,0.4765,1,2,4
20,5,5,BLR,DEL,1702,1,7.0,0.43262485671999124,20,87,A320,1,0.673,2,1,0
10,5,8,BLR,HYD,486,0,1.5,0.2118812245849655,20,54,ATR72,0,0.3348,2,3,3
12,1,7,BOM,MAA,977,0,2.4,0.36637618253865445,20,46,B777,0,0.3466,0,5,4
4,2,6,BLR,DEL,1692,0,8.7,0.42265308569465454,13,37,B737,0,0.4891,2,1,1
19,5,9,DEL,BOM,1143,1,13.4,0.38993433953183176,5,26,A321,1,1.0,1,0,2
15,4,9,DEL,GOI,1870,2,8.9,0.38941642353860706,7,46,ATR72,1,0.7558,1,7,3
20,3,9,PNQ,BOM,70,3,11.0,0.12825533081325277,4,52,B737,1,1.0,8,0,1
10,2,2,PNQ,BOM,99,0,11.1,0.11178794139595852,7,52,B737,0,0.2947,8,0,1
3,2,8,DEL,BLR,1721,1,4.9,0.4594286150315449,5,65,B737,1,0.4838,1,2,1
10,6,3,BOM,PNQ,94,1,10.9,0.12768704170254658,1,30,A320,1,0.6211,0,8,0
18,5,12,MAA,BOM,1028,0,11.3,0.32476178689556023,5,28,A320,1,0.6799,5,0,0
7,1,4,BLR,DEL,1694,2,13.4,0.4063970521081159,7,76,A321,1,0.9126,2,1,2
15,0,9,DEL,BLR,1747,1,9.1,0.4327635096466147,14,36,B777,1,0.6931,1,2,4
11,0,7,BOM,PNQ,88,0,8.8,0.14744294969210844,15,51,A320,0,0.359,0,8,0
19,6,8,PNQ,BOM,109,0,4.1,0.1494982797683434,9,29,B777,1,0.5598,8,0,4
0,1,11,GOI,DEL,1885,0,9.4,0.331032935097732,1,66,A321,0,0.2324,7,1,2
21,2,4,AMD,DEL,936,1,9.7,0.19947364012098898,16,34,A320,1,0.5498,6,1,0
0,0,2,DEL,BOM,1127,1,6.0,0.36084637052934027,13,47,B737,0,0.3943,1,0,1
21,1,11,DEL,BLR,1705,0,5.7,0.4011052517682519,11,46,A320,0,0.2104,1,2,0
22,5,11,BOM,DEL,1161,1,12.8,0.4173102089526518,19,21,B777,1,0.8669,0,1,4
17,1,2,BOM,BLR,845,0,1.8,0.2766335250972193,8,76,B777,0,0.2607,0,2,4
20,3,12,GOI,DEL,1878,0,3.2,0.3746815040081249,21,58,B737,0,0.3999,7,1,1
18,2,6,GOI,DEL,1893,3,13.3,0.3018596043713692,12,51,B737,1,1.0,7,1,1
0,0,12,BLR,DEL,1765,1,4.6,0.4411492093334529,5,56,B777,0,0.3765,2,1,4
9,1,5,DEL,GOI,1908,1,2.6,0.34280814257194403,10,75,A321,0,0.4871,1,7,2
12,5,8,BLR,DEL,1748,1,4.9,0.3662054116453149,21,53,B777,1,0.5965,2,1,4
2,1,8,PNQ,BOM,144,2,11.1,0.10026489668765476,20,44,B737,1,0.9601,8,0,1
3,0,4,DEL,BLR,1776,0,13.3,0.3979345265410512,13,62,ATR72,0,0.4092,1,2,3
20,6,3,DEL,CCU,1290,1,2.1,0.4416662523545032,21,30,B737,1,0.7467,1,4,1
13,4,9,GOI,DEL,1900,0,1.8,0.3147391733151325,18,34,B737,0,0.3959,7,1,1
7,5,2,CCU,DEL,1280,0,11.9,0.3872714329247836,21,85,A321,1,0.6549,4,1,2
7,3,3,BOM,BLR,812,0,7.0,0.3045463133973465,10,30,ATR72,0,0.3418,0,2,3
9,3,5,MAA,BOM,1055,1,13.1,0.33937480848684753,14,21,B737,1,0.8857,5,0,1
2,3,12,BLR,BOM,810,0,9.7,0.3361502004620219,14,24,A320,0,0.4345,2,0,0
8,1,12,DEL,GOI,1894,1,1.7,0.36624258884404554,20,74,A320,1,0.5965,1,7,0
7,3,6,BOM,PNQ,128,1,13.0,0.17878033162500584,12,26,ATR72,1,0.9715,0,8,3
9,1,5,DEL,AMD,843,1,4.6,0.16322238254600963,15,28,A320,1,0.6153,1,6,0
0,2,11,BOM,HYD,664,0,4.6,0.2121002265577471,21,82,B737,0,0.1848,0,3,1
23,0,7,BLR,HYD,527,0,8.3,0.15667446101754698,9,70,B777,0,0.2627,2,3,4
2,6,6,HYD,BLR,532,3,6.0,0.20552015314063038,5,57,B737,1,0.8322,3,2,1
15,1,7,BOM,MAA,1013,0,2.1,0.28135056589495155,5,38,B777,0,0.2825,0,5,4
2,0,4,BOM,BLR,820,1,7.5,0.32800966987584645,17,42,A321,1,0.5012,0,2,2
15,1,10,GOI,DEL,1947,2,3.6,0.30311546096175523,2,35,ATR72,1,0.5912,7,1,3
3,5,6,DEL,GOI,1948,0,2.8,0.39693057809980764,2,47,B777,0,0.3088,1,7,4
8,4,11,GOI,DEL,1926,2,7.3,0.29014794005764777,11,29,A320,1,0.8661,7,1,0
0,6,11,DEL,BOM,1180,1,6.9,0.34227607334704374,13,48,A321,0,0.4369,1,0,2
7,3,5,BOM,PNQ,135,3,6.0,0.17930987164749593,10,44,A321,1,0.9417,0,8,2
3,6,7,CCU,DEL,1269,0,13.1,0.4683509860934783,11,40,A320,1,0.6573,4,1,0
5,3,10,BOM,DEL,1159,0,4.2,0.3955827366882624,20,20,A320,0,0.4082,0,1,0
6,3,4,CCU,DEL,1285,0,6.3,0.43291942168562664,14,37,B777,0,0.2932,4,1,4
0,2,6,MAA,BOM,1005,0,2.8,0.33453150611921256,21,28,A321,0,0.4838,5,0,2
11,4,1,DEL,CCU,1314,0,12.2,0.4583447629892531,6,57,A321,0,0.3833,1,4,2
1,1,12,DEL,GOI,1858,1,11.1,0.3754515775850985,6,69,A321,1,0.5502,1,7,2
12,0,12,HYD,BLR,459,0,7.9,0.15695860699374317,21,59,A321,0,0.1628,3,2,2
12,4,11,HYD,BLR,522,2,9.1,0.14383764023976184,3,55,A320,1,0.5575,3,2,0
18,4,7,PNQ,BOM,71,0,7.0,0.12187355985940046,2,57,A321,0,0.3487,8,0,2
22,0,8,BOM,MAA,966,0,3.3,0.33082130757274075,16,25,A321,0,0.4823,0,5,2
2,6,4,DEL,CCU,1306,2,7.9,0.45804708004226097,4,23,A321,1,0.7832,1,4,2
9,3,10,HYD,BLR,523,0,9.0,0.2011792621985522,5,37,A320,0,0.4005,3,2,0
2,3,10,BLR,BOM,878,2,9.1,0.26322265703272485,7,78,ATR72,1,0.6053,2,0,3
6,2,8,BOM,DEL,1117,0,14.0,0.3891391419603638,17,26,A321,1,0.7057,0,1,2
1,6,11,PNQ,BOM,84,1,9.6,0.11912096237134959,6,75,B737,0,0.4476,8,0,1
23,3,8,BOM,MAA,1056,1,12.7,0.2900191943214553,19,56,ATR72,1,0.716,0,5,3
7,3,3,DEL,BLR,1695,0,9.2,0.43618314014022436,21,34,A321,1,0.5945,1,2,2
3,6,1,PNQ,BOM,141,1,5.5,0.10100916431115176,7,62,B777,0,0.3404,8,0,4
22,2,3,BLR,DEL,1769,2,8.1,0.369078825606056,14,80,B737,1,0.6976,2,1,1
20,5,4,DEL,CCU,1261,2,6.3,0.46522760794941476,12,78,B737,1,0.8361,1,4,1
16,3,2,MAA,BOM,1025,0,8.8,0.25491657137002005,18,31,ATR72,0,0.372,5,0,3
13,1,8,BLR,BOM,820,2,2.9,0.2797385258077587,18,87,A321,1,0.7119,2,0,2
12,5,2,BLR,DEL,1701,3,5.1,0.43452810671058106,7,66,B737,1,0.8238,2,1,1
17,1,12,BOM,MAA,1016,0,2.8,0.3606000585155903,4,22,ATR72,0,0.4442,0,5,3
16,5,9,BOM,MAA,1033,1,1.5,0.3386464805962099,11,23,ATR72,1,0.6855,0,5,3
10,3,2,BOM,BLR,883,0,6.0,0.24077028136209905,15,37,A321,0,0.2163,0,2,2
18,6,12,BOM,HYD,628,1,11.2,0.2985806017591922,9,51,B777,1,0.7194,0,3,4
11,5,8,AMD,DEL,936,0,11.6,0.18849645768454892,5,86,B777,0,0.4254,6,1,4
13,5,4,BLR,DEL,1773,1,4.6,0.3607194080102152,13,60,ATR72,0,0.4443,2,1,3
14,3,1,BOM,BLR,816,0,8.3,0.24175587408962812,8,75,B777,0,0.1967,0,2,4
22,6,12,DEL,AMD,913,0,8.6,0.17517012847660465,2,74,A320,0,0.2201,1,6,0
7,5,8,HYD,BLR,464,0,8.5,0.19847324596603394,19,57,B737,1,0.5794,3,2,1
20,0,8,AMD,DEL,879,2,13.3,0.2459293576832083,6,58,ATR72,1,0.9484,6,1,3
1,4,7,DEL,BLR,1764,0,13.7,0.4350039597629135,15,30,B777,1,0.594,1,2,4
6,6,1,GOI,DEL,1871,0,11.3,0.34345080169733205,19,22,A320,1,0.6374,7,1,0
9,1,10,DEL,GOI,1876,2,1.8,0.3615611232193888,16,37,ATR72,1,0.8646,1,7,3
20,5,1,DEL,CCU,1337,0,1.3,0.4727020953813028,15,75,B737,0,0.4391,1,4,1
11,5,7,BOM,MAA,1031,2,2.7,0.3671322696783145,1,64,A320,1,0.6969,0,5,0
20,0,8,BLR,HYD,456,0,12.1,0.14813470036211182,20,73,ATR72,1,0.6093,2,3,3
2,6,7,CCU,DEL,1329,1,4.8,0.3943589482999972,13,52,B777,1,0.5577,4,1,4
6,1,8,BOM,HYD,612,0,1.5,0.23072767381566858,8,76,B777,0,0.1923,0,3,4
0,3,9,BOM,DEL,1131,2,5.7,0.3485898677693237,19,40,A320,1,0.8094,0,1,0
11,0,11,BLR,BOM,884,1,9.0,0.2850519529169943,16,31,B737,1,0.584,2,0,1
20,6,5,GOI,DEL,1897,3,6.1,0.32376880301675687,14,25,B777,1,1.0,7,1,4
10,2,2,DEL,GOI,1883,0,2.2,0.3934374355497501,14,54,B737,0,0.2074,1,7,1
23,4,2,BLR,BOM,810,2,12.5,0.3285229432085453,1,34,A320,1,0.8014,2,0,0
20,4,8,BOM,BLR,870,0,5.3,0.32483120536356214,17,62,A320,0,0.4799,0,2,0
3,4,7,DEL,AMD,917,3,10.1,0.16263411577592005,4,82,ATR72,1,0.9651,1,6,3
2,5,3,DEL,GOI,1947,0,13.1,0.3404194039039656,11,49,B737,0,0.4362,1,7,1
7,3,4,HYD,BLR,511,0,2.7,0.23944817873024965,14,85,A321,0,0.2958,3,2,2
5,0,3,BOM,HYD,594,0,2.6,0.28703604841369423,6,57,B777,0,0.1148,0,3,4
13,2,4,MAA,BOM,1032,0,8.5,0.3278159007381329,19,79,B777,0,0.3311,5,0,4
4,1,10,GOI,DEL,1899,1,11.4,0.353323717630858,16,80,B777,1,0.6413,7,1,4
16,2,3,BLR,HYD,542,0,7.5,0.20130776151943958,19,45,A320,0,0.1805,2,3,0
18,4,9,DEL,BOM,1156,1,11.1,0.3653699915766394,20,34,B737,1,0.9661,1,0,1
6,2,6,MAA,BOM,1021,1,6.8,0.3008282980714128,12,25,B737,1,0.6203,5,0,1
3,0,9,DEL,BLR,1716,0,11.0,0.4286500787658902,7,51,ATR72,0,0.4715,1,2,3
3,5,12,BOM,MAA,1057,1,3.4,0.3473812044732322,3,78,ATR72,0,0.389,0,5,3
9,0,11,BOM,BLR,815,0,10.5,0.2433500424451715,14,50,B737,0,0.4973,0,2,1
11,5,12,DEL,CCU,1353,0,8.2,0.4685706761712576,13,69,B777,0,0.3874,1,4,4
17,2,4,DEL,AMD,932,0,6.5,0.19993078531524963,9,23,A320,0,0.38,1,6,0
4,4,2,DEL,AMD,887,1,10.2,0.17498126143421397,9,22,B777,1,0.62,1,6,4
14,0,7,BOM,DEL,1123,0,9.3,0.3550138825978256,14,23,B777,1,0.542,0,1,4
15,1,1,DEL,GOI,1922,1,2.0,0.39178855493954484,9,68,B737,0,0.3567,1,7,1
9,1,4,BLR,HYD,547,0,9.3,0.17491863918636083,3,44,A321,0,0.39,2,3,2
10,6,11,AMD,DEL,873,0,9.9,0.2530758461802699,16,76,B737,0,0.3512,6,1,1
8,2,2,BOM,HYD,623,2,3.1,0.24649194156687027,1,44,A320,1,0.7186,0,3,0
23,6,3,DEL,GOI,1865,0,7.7,0.3897478107016442,15,72,A321,0,0.2559,1,7,2
5,6,11,BOM,PNQ,123,1,7.3,0.18159573563567333,18,37,A321,1,0.5426,0,8,2
18,0,3,GOI,DEL,1856,0,6.9,0.3496018644094401,20,24,B777,1,0.5398,7,1,4
12,3,8,BOM,MAA,1044,1,7.3,0.30629004004235655,13,34,A320,1,0.5425,0,5,0
9,6,5,AMD,DEL,931,0,7.6,0.18731418209477138,13,84,ATR72,0,0.3249,6,1,3
12,0,5,GOI,DEL,1928,0,7.0,0.36255256401668057,5,63,A321,0,0.145,7,1,2
18,3,4,HYD,BOM,661,0,13.1,0.2217361066407035,4,32,B737,1,0.5087,3,0,1
16,3,7,DEL,BLR,1740,0,7.1,0.44633029968696325,16,45,A321,0,0.3785,1,2,2
19,4,7,AMD,DEL,863,1,11.7,0.2670343705973878,1,69,ATR72,1,0.7568,6,1,3
1,2,9,BOM,PNQ,146,1,2.1,0.13589301458943334,13,27,A321,1,0.6044,0,8,2
0,2,11,HYD,BOM,666,0,3.8,0.2825499866301506,13,61,A321,0,0.163,3,0,2
20,2,7,CCU,DEL,1325,1,6.2,0.4703997694359382,8,72,A321,1,0.6382,4,1,2
13,4,1,CCU,DEL,1312,2,11.3,0.3933022904144386,4,77,B737,1,0.7573,4,1,1
10,4,9,BOM,HYD,589,0,5.8,0.24804979183509931,6,81,A320,0,0.1992,0,3,0
19,5,2,BLR,BOM,866,2,5.5,0.33739295729110025,20,22,B737,1,0.985,2,0,1
3,0,11,GOI,DEL,1911,0,12.1,0.3581527691932084,18,73,A320,0,0.4433,7,1,0
11,6,11,GOI,DEL,1890,2,1.0,0.371367809066806,10,76,B777,1,0.5985,7,1,4
6,2,6,DEL,BLR,1703,2,11.6,0.45117537342003333,7,73,B737,1,0.8805,1,2,1
6,1,9,HYD,BOM,591,2,8.7,0.29518017116321577,16,21,A320,1,0.9681,3,0,0
8,3,10,BLR,BOM,863,2,6.9,0.3265879504240188,19,56,A320,1,0.7806,2,0,0
22,5,5,BLR,DEL,1722,0,3.0,0.3749711653259823,4,56,ATR72,0,0.2,2,1,3
9,0,12,BLR,HYD,519,0,1.0,0.2014946833455477,15,66,B737,0,0.2806,2,3,1
15,1,5,DEL,CCU,1314,0,7.2,0.47681788162654376,4,42,ATR72,0,0.2607,1,4,3
15,5,11,BLR,DEL,1728,2,8.7,0.44917587620718064,17,23,B777,1,0.9797,2,1,4
11,5,5,BOM,MAA,997,3,13.8,0.3073912219193172,16,45,ATR72,1,1.0,0,5,3
12,1,8,HYD,BOM,584,3,9.0,0.2952186159655411,6,29,B777,1,1.0,3,0,4
15,6,7,HYD,BOM,625,0,7.0,0.2853378763627987,14,21,B777,0,0.4641,3,0,4
21,5,7,AMD,DEL,939,0,3.7,0.2012273459890913,8,40,A320,0,0.3005,6,1,0
17,6,11,DEL,BOM,1161,0,2.9,0.3664583109204249,8,41,A320,0,0.4166,1,0,0
22,0,2,CCU,DEL,1323,0,11.7,0.44722212989863863,21,33,A320,1,0.5489,4,1,0
22,6,5,PNQ,BOM,113,0,6.0,0.1879024867653194,19,88,ATR72,0,0.2752,8,0,3
6,1,10,DEL,BLR,1769,0,10.2,0.4309053341759178,19,79,B777,0,0.4724,1,2,4
21,6,1,MAA,BOM,977,0,8.6,0.34885585037329886,17,74,B777,0,0.3895,5,0,4
21,6,4,HYD,BOM,618,2,7.2,0.3098766189542392,2,81,A320,1,0.574,3,0,0
12,1,8,BOM,PNQ,79,1,8.9,0.1570373873579773,20,44,ATR72,1,0.6828,0,8,3
19,2,5,DEL,AMD,882,0,13.0,0.2268119344092676,15,24,A320,1,0.6407,1,6,0
14,1,2,HYD,BLR,491,0,1.9,0.22377532243878515,12,52,A321,0,0.1395,3,2,2
7,2,12,DEL,BLR,1719,0,9.9,0.39495646079665025,2,27,A321,1,0.558,1,2,2
18,4,4,BLR,HYD,538,1,3.4,0.1949305303298292,13,86,B737,0,0.478,2,3,1
9,2,6,BLR,BOM,795,2,3.9,0.26061877865842403,16,44,A320,1,0.9242,2,0,0
22,2,7,BOM,HYD,572,2,1.2,0.20492245973926967,10,24,A320,1,0.732,0,3,0
23,6,12,BOM,PNQ,150,3,8.9,0.10648724195625033,8,28,B777,1,0.9926,0,8,4
22,1,2,BLR,DEL,1783,1,6.6,0.35289879890364306,13,34,A320,1,0.4612,2,1,0
3,6,8,BOM,MAA,978,2,13.0,0.3153024775645137,10,67,B737,1,0.8761,0,5,1
17,5,3,PNQ,BOM,97,0,5.4,0.11682845138883954,21,81,ATR72,0,0.3967,8,0,3
22,5,12,BLR,DEL,1753,0,14.0,0.35344939238406947,13,60,B777,0,0.4414,2,1,4
7,2,11,PNQ,BOM,72,0,11.1,0.11002681423782759,19,89,ATR72,1,0.544,8,0,3
21,2,10,PNQ,BOM,94,0,4.2,0.11662348809115926,7,81,A320,0,0.0966,8,0,0
21,4,3,BOM,DEL,1141,0,3.3,0.34456739083957366,1,29,A321,0,0.2878,0,1,2
14,5,10,MAA,BOM,984,1,5.6,0.29057747723529836,4,46,B777,0,0.3662,5,0,4
6,0,11,DEL,BOM,1145,1,11.2,0.3758049979928622,15,54,B777,1,0.6003,1,0,4
4,4,11,PNQ,BOM,159,0,12.4,0.1625234182138241,6,27,B777,0,0.465,8,0,4
19,5,2,BLR,DEL,1704,0,3.7,0.4125500716843731,5,23,A321,0,0.515,2,1,2
18,4,5,DEL,BLR,1700,1,11.7,0.4501654918031839,5,40,A320,1,0.8001,1,2,0
0,2,5,DEL,GOI,1925,0,2.7,0.37142030177492436,17,22,A321,0,0.3986,1,7,2
8,1,1,BLR,HYD,519,1,11.3,0.17540917540655826,6,30,A321,1,0.6902,2,3,2
15,3,4,BLR,DEL,1779,0,2.7,0.38759184468937147,8,44,B737,0,0.225,2,1,1
3,3,3,BOM,BLR,815,0,13.9,0.23144797057215644,4,84,A321,0,0.2926,0,2,2
4,0,6,HYD,BOM,668,0,4.7,0.22967861212090576,11,32,A320,0,0.3119,3,0,0
2,1,3,PNQ,BOM,153,3,9.1,0.17865845585712228,6,82,A320,1,0.8215,8,0,0
10,2,10,DEL,CCU,1350,1,10.5,0.4137232071448772,3,35,ATR72,1,0.6355,1,4,3
18,0,3,CCU,DEL,1316,0,3.5,0.4512511486497017,17,84,B777,0,0.4305,4,1,4
11,1,8,BOM,MAA,1006,1,9.2,0.29962350003001215,7,81,A320,1,0.5198,0,5,0
9,1,6,BOM,MAA,1033,0,9.6,0.35691600465768014,15,33,ATR72,1,0.6128,0,5,3
14,0,8,MAA,BOM,1008,1,3.8,0.2576556075300943,2,23,ATR72,1,0.5531,5,0,3
6,4,8,HYD,BOM,645,1,11.5,0.29699226013479674,2,64,A321,1,0.6188,3,0,2
8,2,7,BOM,HYD,598,1,9.1,0.24078002627897999,20,65,B737,1,0.7463,0,3,1
10,5,8,BLR,HYD,482,0,6.4,0.1620188126065294,19,72,A320,0,0.3148,2,3,0
15,3,2,DEL,BOM,1108,1,7.6,0.3292779045567096,11,75,ATR72,0,0.3817,1,0,3
21,4,1,HYD,BOM,635,2,4.4,0.24343085682992321,4,22,B737,1,0.6474,3,0,1
9,6,1,CCU,DEL,1312,2,7.4,0.45843527318110544,10,57,ATR72,1,0.7834,4,1,3
9,4,2,BOM,HYD,634,0,8.1,0.2264395740915249,9,41,B737,0,0.4106,0,3,1
11,3,2,AMD,DEL,874,0,11.5,0.2622872696120726,16,56,B737,0,0.4049,6,1,1
12,5,6,BLR,HYD,458,0,13.6,0.20252034695054222,17,60,A320,1,0.531,2,3,0
11,3,7,BOM,DEL,1187,3,13.4,0.4098236445413884,21,29,A321,1,1.0,0,1,2
7,6,10,AMD,DEL,927,0,10.4,0.21530587395400455,19,58,B777,1,0.5861,6,1,4
2,4,6,MAA,BOM,981,1,8.9,0.3397422667147111,8,33,A321,1,0.6059,5,0,2
22,3,12,BLR,HYD,535,3,10.2,0.20771534143807102,12,43,ATR72,1,1.0,2,3,3
6,6,11,BOM,BLR,893,0,12.8,0.24043586793043353,4,45,A320,0,0.3462,0,2,0
6,1,11,GOI,DEL,1930,3,4.3,0.3096467207630884,8,25,B777,1,0.8739,7,1,4
13,1,8,HYD,BLR,507,1,11.9,0.17601607548678747,18,75,ATR72,1,0.6704,3,2,3
1,4,3,CCU,DEL,1327,0,2.4,0.4670416080768822,9,65,B737,0,0.1868,4,1,1
10,2,3,MAA,BOM,984,0,11.0,0.3403975818603344,16,41,A321,1,0.5062,5,0,2
14,1,2,DEL,AMD,868,0,12.6,0.16187238716082475,20,46,B737,0,0.3647,1,6,1
8,3,4,PNQ,BOM,156,1,6.5,0.13936579210163794,4,81,ATR72,0,0.4557,8,0,3
2,2,12,DEL,GOI,1889,0,13.3,0.35866462867868676,6,50,B737,0,0.3435,1,7,1
23,3,10,DEL,BLR,1727,0,12.3,0.4600781995165452,2,78,ATR72,0,0.384,1,2,3
12,0,6,AMD,DEL,930,0,10.5,0.17906506880954387,17,42,A320,1,0.5416,6,1,0
2,6,4,DEL,BOM,1118,1,7.4,0.36832419770666114,5,64,B777,0,0.3973,1,0,4
13,2,2,BOM,HYD,626,2,5.7,0.29274545320095163,19,70,B777,1,0.6171,0,3,4
18,6,3,AMD,DEL,920,0,12.6,0.2140344200877377,21,29,B737,1,0.7356,6,1,1
1,0,10,DEL,AMD,930,1,6.4,0.203142280662525,16,39,B737,0,0.4513,1,6,1
13,2,5,BLR,DEL,1772,2,2.0,0.4074757801921457,11,74,B777,1,0.613,2,1,4
5,1,1,BOM,BLR,810,0,8.1,0.25126485583099184,18,57,B737,0,0.3005,0,2,1
10,1,9,BLR,DEL,1756,0,11.8,0.3869968653639625,10,40,B777,1,0.5248,2,1,4
5,2,2,AMD,DEL,918,1,5.6,0.17324837933274895,4,77,A320,0,0.2693,6,1,0
14,3,3,BOM,HYD,662,0,3.5,0.2777906719880462,21,54,ATR72,0,0.2111,0,3,3
10,5,7,BLR,HYD,459,1,13.7,0.1998550760366381,18,84,B737,1,0.7299,2,3,1
11,4,11,CCU,DEL,1317,1,12.8,0.44609372677641046,10,33,B777,1,0.6484,4,1,4
10,0,7,BOM,PNQ,137,2,4.5,0.11593894309388343,19,53,A321,1,0.6964,0,8,2
11,2,10,AMD,DEL,879,2,3.3,0.25437894300631353,14,77,A321,1,0.5518,6,1,2
22,5,12,HYD,BOM,668,1,9.3,0.2889749291204288,20,48,B777,1,0.5656,3,0,4
9,4,10,DEL,BLR,1723,2,2.3,0.40801379109598074,16,61,B737,1,0.8132,1,2,1
3,4,2,BOM,PNQ,144,0,11.1,0.17949561701029862,12,56,B737,0,0.3718,0,8,1
14,5,7,BLR,HYD,462,0,10.9,0.2245285352543419,1,84,B737,0,0.4398,2,3,1
10,0,11,AMD,DEL,925,0,5.4,0.25321166519835414,13,77,A321,0,0.1513,6,1,2
7,1,6,DEL,BLR,1768,0,1.8,0.42676954169297016,9,88,A321,0,0.4207,1,2,2
16,1,9,DEL,AMD,917,0,6.1,0.16494677554133286,11,86,A320,0,0.216,1,6,0
18,2,12,DEL,GOI,1934,0,10.2,0.320450337979319,11,26,B737,1,0.6782,1,7,1
9,3,4,HYD,BOM,588,0,5.8,0.27380225967947264,7,64,A321,0,0.2595,3,0,2
2,3,4,DEL,GOI,1924,0,10.4,0.35535126488358365,1,42,ATR72,0,0.4121,1,7,3
10,1,10,DEL,CCU,1333,0,5.7,0.47128957470857635,20,76,B737,0,0.2885,1,4,1
9,3,11,DEL,CCU,1310,0,7.0,0.4066703671773338,14,60,B777,0,0.3627,1,4,4
17,0,4,PNQ,BOM,132,0,11.6,0.12925250305187633,5,69,B737,0,0.4517,8,0,1
0,0,4,DEL,AMD,864,1,11.0,0.24690776427913413,21,76,B777,1,0.5988,1,6,4
13,1,7,PNQ,BOM,80,2,10.8,0.17888938721661277,1,53,B737,1,0.8216,8,0,1
15,3,3,DEL,BLR,1773,2,2.2,0.3716864597397536,16,70,ATR72,1,0.6487,1,2,3
11,2,1,DEL,AMD,881,0,7.1,0.23073110969398541,14,22,A320,0,0.2923,1,6,0
22,4,3,BLR,HYD,539,2,13.7,0.1480391351579346,7,35,A320,1,0.7292,2,3,0
18,6,3,DEL,CCU,1275,1,12.0,0.4658643941266941,8,25,B777,1,0.9363,1,4,4
19,2,6,CCU,DEL,1294,3,13.2,0.4766165926648355,6,68,A320,1,1.0,4,1,0
8,1,12,AMD,DEL,939,1,11.3,0.20673824647621478,7,71,ATR72,1,0.6327,6,1,3
18,5,10,MAA,BOM,1056,2,10.8,0.34563761828959705,10,60,B777,1,0.9383,5,0,4
15,5,7,BOM,DEL,1102,0,12.4,0.3766450378681907,14,82,ATR72,1,0.5507,0,1,3
20,2,5,DEL,AMD,892,0,7.4,0.213813962086225,7,68,A321,0,0.2355,1,6,2
13,5,7,PNQ,BOM,113,2,10.9,0.1676801577810993,1,29,A321,1,1.0,8,0,2
1,1,12,BOM,BLR,808,2,9.3,0.23013793388740433,5,85,ATR72,1,0.5921,0,2,3
19,3,10,DEL,BLR,1697,0,12.0,0.4046053677184743,9,34,A321,1,0.5818,1,2,2
3,1,6,BLR,HYD,454,0,6.1,0.14072625164883087,17,32,B777,0,0.3263,2,3,4
21,0,11,BLR,HYD,510,0,1.9,0.16315043686741948,21,65,B777,0,0.1653,2,3,4
23,1,2,DEL,GOI,1935,2,7.2,0.3640500062323072,16,47,B777,1,0.6456,1,7,4
8,6,12,BLR,HYD,451,0,6.0,0.13572249971342856,5,64,A320,0,0.2543,2,3,0
16,1,5,DEL,GOI,1887,1,8.5,0.36804715956633094,20,84,A321,1,0.5472,1,7,2
5,1,7,GOI,DEL,1887,3,4.4,0.33483682665089454,11,83,B737,1,0.8839,7,1,1
17,6,5,CCU,DEL,1265,0,13.6,0.4694333460441892,13,47,B737,1,0.6378,4,1,1
18,6,7,BLR,DEL,1777,0,10.2,0.3976216438972728,21,75,B737,1,0.759,2,1,1
3,1,3,BLR,HYD,476,1,11.8,0.1795006061681834,5,78,A320,0,0.4718,2,3,0
4,6,5,BOM,BLR,826,2,1.6,0.25991447435729037,3,73,A320,1,0.554,0,2,0
22,5,8,BLR,DEL,1787,1,5.1,0.44563811572323325,19,82,ATR72,1,0.6283,2,1,3
15,1,7,DEL,BLR,1691,3,6.6,0.4171232304825383,19,25,A321,1,1.0,1,2,2
11,1,4,DEL,GOI,1908,0,11.6,0.34144812586591544,7,54,B777,0,0.3366,1,7,4
22,0,2,BOM,BLR,801,0,5.5,0.30957659110876024,2,77,B737,0,0.1238,0,2,1
5,3,8,CCU,DEL,1267,0,4.0,0.4671463261516186,9,79,A321,0,0.2869,4,1,2
6,4,6,CCU,DEL,1310,1,9.9,0.39847720430778555,15,71,A320,1,0.6094,4,1,0
11,0,1,AMD,DEL,890,0,8.1,0.2545314650202088,18,74,B737,0,0.3018,6,1,1
4,0,10,CCU,DEL,1259,2,4.4,0.4393816575135313,5,52,A320,1,0.5758,4,1,0
16,0,12,BOM,BLR,849,1,9.1,0.32873983096669906,9,40,ATR72,0,0.5015,0,2,3
11,1,6,BOM,BLR,858,0,1.9,0.24827802622773487,5,74,ATR72,0,0.1993,0,2,3
8,1,9,PNQ,BOM,76,0,9.4,0.14012606899074,14,54,A321,1,0.5061,8,0,2
0,0,6,GOI,DEL,1861,0,9.7,0.3738446103817475,4,40,A321,0,0.4195,7,1,2
22,3,2,BLR,BOM,860,0,4.6,0.2556494411855625,19,87,ATR72,0,0.2023,2,0,3
10,0,10,PNQ,BOM,124,0,10.7,0.16697325453273643,20,48,B737,0,0.4168,8,0,1
7,5,4,BOM,PNQ,134,1,2.0,0.1513444812666454,2,47,ATR72,1,0.5105,0,8,3
13,4,12,DEL,GOI,1882,1,12.7,0.36938505128966787,4,73,B777,1,0.5478,1,7,4
17,0,9,DEL,BOM,1197,0,1.4,0.3492040853423067,4,22,A320,1,0.5397,1,0,0
7,6,6,BOM,BLR,821,1,12.4,0.2770923662109183,9,44,B737,1,0.8808,0,2,1
16,2,9,GOI,DEL,1925,0,7.3,0.3571845978108292,10,41,A321,0,0.3129,7,1,2
4,5,1,BLR,DEL,1715,1,6.3,0.44970838008761016,8,66,A320,0,0.4299,2,1,0
12,1,1,BOM,MAA,966,1,2.4,0.323213399005211,16,48,B777,0,0.4293,0,5,4
14,4,7,DEL,CCU,1341,0,5.0,0.4008255666371344,20,67,ATR72,0,0.3603,1,4,3
11,0,6,DEL,AMD,933,0,2.2,0.15863126845821063,3,76,A320,0,0.1635,1,6,0
3,5,6,BOM,HYD,633,0,3.0,0.2567771292825898,11,26,ATR72,0,0.4527,0,3,3
13,4,3,CCU,DEL,1287,2,8.3,0.40172193290592645,4,35,A320,1,0.7307,4,1,0
23,6,2,BLR,DEL,1752,3,5.9,0.4184482770703669,17,71,A321,1,0.9174,2,1,2
23,2,1,MAA,BOM,1004,0,7.9,0.3316442802883372,13,40,A321,0,0.2527,5,0,2
13,3,4,BLR,HYD,537,1,2.3,0.14527484911693314,5,75,A321,0,0.2581,2,3,2
18,6,6,BOM,HYD,647,0,7.8,0.266460564834216,12,25,ATR72,1,0.6066,0,3,3
4,0,7,BLR,DEL,1772,1,6.3,0.426885027433008,11,73,A320,0,0.5208,2,1,0
15,0,3,BOM,MAA,987,2,2.6,0.3157687062861303,20,49,B777,1,0.6263,0,5,4
20,0,10,BLR,HYD,451,0,4.6,0.16096395192519836,14,46,B737,0,0.2644,2,3,1
5,2,10,DEL,AMD,939,0,5.7,0.15739221063817788,13,23,B737,0,0.263,1,6,1
0,2,6,DEL,GOI,1943,0,13.2,0.37285664261668716,14,38,B777,1,0.5691,1,7,4
10,1,7,BOM,HYD,633,1,13.7,0.23661421843749944,19,48,ATR72,1,0.6946,0,3,3
13,0,1,BOM,MAA,1057,2,10.4,0.3201137201347357,20,36,ATR72,1,0.898,0,5,3
10,2,1,BOM,DEL,1154,0,8.6,0.3372851308249149,9,24,A320,0,0.3849,0,1,0
17,4,6,BOM,BLR,850,0,11.9,0.2569419099579487,18,46,B737,1,0.6528,0,2,1
6,6,3,BOM,DEL,1149,1,6.6,0.3514524262039951,14,89,A321,0,0.4406,0,1,2
14,5,8,MAA,BOM,1052,1,11.2,0.2835652001136794,9,70,B777,1,0.6634,5,0,4
1,5,1,BOM,MAA,969,0,8.3,0.3473117467772554,14,47,B737,0,0.3389,0,5,1
3,6,5,DEL,CCU,1310,0,7.9,0.4855646352964028,4,85,A320,0,0.2442,1,4,0
20,2,3,DEL,CCU,1330,1,6.7,0.427929706346353,8,54,B777,1,0.5212,1,4,4
23,6,1,DEL,AMD,931,1,4.6,0.17602365191337052,15,41,B777,0,0.4404,1,6,4
14,4,3,BOM,DEL,1167,0,5.9,0.3632523168781338,11,33,A320,0,0.2653,0,1,0
19,0,1,PNQ,BOM,115,2,12.7,0.09320166973959079,5,85,B777,1,0.8373,8,0,4
14,5,1,GOI,DEL,1860,0,2.3,0.29029071674673673,11,72,B737,0,0.2161,7,1,1
8,1,4,BOM,DEL,1152,1,5.0,0.41955616796978235,8,37,B777,1,0.5878,0,1,4
12,2,6,BLR,DEL,1702,0,7.3,0.370154116386086,14,44,A320,0,0.3681,2,1,0
20,1,4,DEL,GOI,1938,0,7.5,0.38189274849357013,9,53,A321,0,0.3028,1,7,2
0,0,11,BOM,MAA,993,2,5.0,0.3489257656329727,4,34,A320,1,0.6096,0,5,0
1,5,7,BLR,HYD,482,0,11.4,0.2118143846217272,15,47,B737,0,0.4847,2,3,1
5,2,7,BOM,BLR,825,1,6.9,0.30023615576405055,4,73,B777,0,0.4201,0,2,4
17,0,10,BOM,PNQ,143,1,1.4,0.14385164284488539,15,65,A320,0,0.5075,0,8,0
19,2,3,BLR,DEL,1732,0,6.4,0.43728419784038414,8,28,A320,0,0.4749,2,1,0
8,3,1,DEL,GOI,1861,0,4.8,0.35009606039397656,15,79,A320,0,0.34,1,7,0
19,4,10,DEL,AMD,870,0,2.3,0.22043134825056293,19,31,B777,0,0.4082,1,6,4
0,5,1,BOM,PNQ,135,0,11.4,0.1317107892909931,1,25,A320,1,0.5027,0,8,0
15,4,11,DEL,BOM,1107,2,10.2,0.39289526720027657,12,81,B737,1,0.8072,1,0,1
0,1,11,MAA,BOM,1023,0,12.4,0.2659967930242714,3,47,ATR72,0,0.3064,5,0,3
14,1,2,CCU,DEL,1290,0,4.5,0.41575158417409686,5,85,ATR72,0,0.1663,4,1,3
18,6,2,DEL,BOM,1197,1,1.9,0.3413458340840181,20,82,B737,1,0.6365,1,0,1
19,6,3,BOM,PNQ,95,0,5.9,0.17372640438731218,6,59,A320,0,0.3195,0,8,0
23,2,4,BOM,BLR,849,0,13.1,0.27377475558726594,4,72,A321,0,0.3095,0,2,2
15,0,2,GOI,DEL,1919,0,3.2,0.28633084972075973,7,69,A321,0,0.1145,7,1,2
1,2,8,PNQ,BOM,127,2,14.0,0.09296484189491333,20,42,B737,1,0.9572,8,0,1
8,6,10,DEL,AMD,871,0,3.6,0.17653482825961198,14,45,A321,0,0.3206,1,6,2
1,5,8,BOM,MAA,1003,0,11.1,0.3398588488102473,19,85,A321,1,0.5859,0,5,2
23,6,9,BOM,PNQ,88,0,12.3,0.15203557860826955,21,57,B737,1,0.5608,0,8,1
1,0,1,AMD,DEL,914,0,5.8,0.2173771371234745,3,46,ATR72,0,0.087,6,1,3
4,5,4,MAA,BOM,1051,0,3.1,0.33724187356905,6,79,B737,0,0.1849,5,0,1
19,1,9,AMD,DEL,904,0,3.5,0.18998786654652275,7,38,B777,0,0.396,6,1,4
23,4,2,MAA,BOM,994,3,3.2,0.3097930055655582,6,70,ATR72,1,0.7239,5,0,3
15,2,10,DEL,GOI,1929,2,9.6,0.3472777094188627,3,88,B737,1,0.6389,1,7,1
18,6,2,BOM,MAA,1046,2,5.2,0.32616276242981296,18,71,B737,1,0.8305,0,5,1
4,6,12,DEL,GOI,1881,0,4.7,0.37709135419654966,17,75,ATR72,0,0.3008,1,7,3
16,2,10,DEL,AMD,894,0,11.4,0.18624547333036712,6,61,ATR72,0,0.2745,1,6,3
0,1,9,BOM,BLR,854,0,4.1,0.24224190339473972,21,28,ATR72,0,0.4469,0,2,3
6,0,4,DEL,BLR,1718,0,2.0,0.3808022840504736,2,20,A321,0,0.3023,1,2,2
17,6,1,AMD,DEL,870,2,3.9,0.1991944079111907,21,74,A320,1,0.7797,6,1,0
16,4,3,GOI,DEL,1859,0,7.4,0.2830669419617597,11,80,A320,0,0.1632,7,1,0
10,0,4,DEL,GOI,1865,0,12.9,0.31007563995457815,8,81,B737,0,0.324,1,7,1
11,0,9,BLR,DEL,1739,0,4.5,0.3990416557127307,5,50,ATR72,0,0.2596,2,1,3
4,1,4,BOM,PNQ,99,1,10.0,0.1592675905096065,7,65,ATR72,0,0.4137,0,8,3
3,5,7,BOM,BLR,882,0,4.4,0.307683273798454,6,89,A321,0,0.2731,0,2,2
16,2,11,DEL,AMD,906,2,5.5,0.2265939001325391,14,43,B777,1,0.6106,1,6,4
6,5,9,BOM,PNQ,134,1,7.1,0.13286396230955566,14,25,ATR72,1,0.6531,0,8,3
0,4,10,HYD,BOM,593,0,2.1,0.22733612629749944,16,66,B777,0,0.1909,3,0,4
17,3,1,HYD,BLR,460,0,8.5,0.17904889383408398,4,51,A321,0,0.3216,3,2,2
16,0,10,MAA,BOM,966,2,9.6,0.3474860383344722,17,44,A320,1,0.809,5,0,0
14,6,2,BLR,BOM,891,0,12.8,0.31133801465036215,2,80,B777,0,0.3745,2,0,4
1,4,3,AMD,DEL,860,0,13.9,0.2618292002341025,6,36,ATR72,0,0.3747,6,1,3
10,0,6,GOI,DEL,1943,0,2.2,0.36582276247279244,16,45,A321,0,0.3463,7,1,2
1,3,12,BOM,DEL,1148,0,6.6,0.3709751865666808,7,84,A320,0,0.1484,0,1,0
15,0,12,GOI,DEL,1924,3,1.0,0.3119542312152039,10,89,B777,1,0.7248,7,1,4
11,6,2,BLR,DEL,1750,1,1.9,0.3849532204383258,6,24,B737,1,0.554,2,1,1
0,4,4,BOM,PNQ,110,0,7.7,0.1549332616270257,9,52,B777,0,0.112,0,8,4
10,5,8,GOI,DEL,1873,0,8.4,0.34139422079983806,1,73,ATR72,0,0.3866,7,1,3
6,1,6,BOM,DEL,1145,0,5.9,0.3798535994210476,6,66,B737,0,0.2519,0,1,1
12,0,11,DEL,GOI,1850,3,1.9,0.34051786404355366,17,85,B777,1,0.8362,1,7,4
10,4,9,BOM,BLR,888,1,12.3,0.2708970565167475,5,88,A321,1,0.6084,0,2,2
8,2,10,AMD,DEL,870,1,3.0,0.17080603705092837,16,89,A321,1,0.5183,6,1,2
22,2,1,HYD,BLR,507,0,9.6,0.1910686809890253,3,21,B737,0,0.3264,3,2,1
3,0,12,DEL,AMD,881,0,6.5,0.22548708086110855,11,45,B777,0,0.1402,1,6,4
12,3,8,BOM,BLR,803,0,11.8,0.3148406499384814,16,34,B777,1,0.5959,0,2,4
18,1,12,GOI,DEL,1893,2,3.7,0.3381161301350278,12,50,A321,1,0.7352,7,1,2
17,4,2,DEL,BLR,1703,1,1.9,0.43281638122339905,4,51,A320,1,0.5231,1,2,0
2,1,3,BOM,DEL,1175,0,2.4,0.39303623483362415,15,57,B737,0,0.2072,0,1,1
19,1,10,HYD,BLR,464,2,13.2,0.1782972979501311,17,70,A320,1,0.9213,3,2,0
14,4,6,BLR,BOM,825,0,7.5,0.3127428893187634,17,37,B777,0,0.3951,2,0,4
22,1,9,DEL,CCU,1276,0,12.7,0.4319088364766916,3,20,B737,1,0.6228,1,4,1
17,1,4,DEL,GOI,1858,0,6.3,0.3165220199169607,15,28,B737,0,0.4766,1,7,1
5,4,6,HYD,BLR,450,2,7.3,0.21167582631471346,1,30,A320,1,0.6547,3,2,0
18,0,8,DEL,BLR,1750,0,1.4,0.3771270477240312,6,56,A320,0,0.4009,1,2,0
18,6,7,PNQ,BOM,162,1,10.1,0.14361509120806365,10,23,A320,1,0.9574,8,0,0
2,4,6,CCU,DEL,1354,0,10.3,0.3984152041381205,5,41,B777,0,0.5294,4,1,4
19,6,10,GOI,DEL,1947,0,6.4,0.3046674424564529,8,24,B777,0,0.4719,7,1,4
7,3,8,BOM,HYD,648,3,12.9,0.20794503739878467,18,21,B737,1,1.0,0,3,1
5,3,10,HYD,BLR,545,1,6.0,0.19715936872470707,5,51,A320,0,0.2789,3,2,0
10,5,7,BOM,DEL,1103,0,12.5,0.4196566693178174,7,51,B737,0,0.5179,0,1,1
11,1,2,BOM,PNQ,137,3,12.1,0.1629351803854529,7,56,ATR72,1,0.9152,0,8,3
0,0,3,MAA,BOM,1016,0,10.4,0.34698463018984566,2,23,A321,1,0.4888,5,0,2
16,0,1,BOM,DEL,1101,0,1.0,0.3979657369836771,2,45,A320,0,0.1592,0,1,0
2,5,1,DEL,CCU,1285,0,9.1,0.46040536356399264,18,70,ATR72,0,0.4342,1,4,3
19,4,5,BOM,PNQ,123,0,13.2,0.16020242052244973,6,64,A320,0,0.4641,0,8,0
10,4,5,CCU,DEL,1294,0,8.5,0.434320343828115,8,54,B737,0,0.2737,4,1,1
18,2,9,AMD,DEL,908,1,7.0,0.20085927925599556,7,59,ATR72,1,0.5303,6,1,3
3,4,11,CCU,DEL,1346,3,1.9,0.4729329030516403,1,40,ATR72,1,0.8592,4,1,3
13,5,4,BLR,HYD,450,0,8.7,0.13924208954500672,4,68,ATR72,0,0.2057,2,3,3
15,3,2,PNQ,BOM,93,2,9.4,0.131774018209391,21,72,A320,1,0.7027,8,0,0
21,6,11,DEL,AMD,875,0,12.4,0.20392046580601084,7,38,A321,0,0.4016,1,6,2
8,1,1,BOM,PNQ,76,0,1.9,0.16202531719841265,19,77,ATR72,0,0.3648,0,8,3
4,1,6,HYD,BLR,489,0,5.8,0.1706024934251025,19,26,B737,0,0.4182,3,2,1
4,1,10,BOM,HYD,625,2,6.7,0.29784093450729815,13,53,B737,1,0.5691,0,3,1
14,3,9,BLR,DEL,1757,0,12.2,0.43105125378205933,1,31,A321,1,0.5424,2,1,2
2,1,6,MAA,BOM,1026,0,10.9,0.32880790421422174,20,81,B737,0,0.5315,5,0,1
22,3,7,GOI,DEL,1891,1,8.1,0.2910059912377949,3,74,A320,1,0.5164,7,1,0
1,3,11,BOM,PNQ,82,0,12.4,0.1226147064174769,15,33,A321,0,0.419,0,8,2
2,5,8,GOI,DEL,1900,1,13.2,0.31574523662331294,20,53,B777,1,0.7763,7,1,4
8,5,11,BLR,BOM,844,0,5.6,0.2617997793881114,12,51,B777,0,0.3547,2,0,4
9,6,4,DEL,GOI,1881,1,10.0,0.39421704828631665,4,41,B737,1,0.7277,1,7,1
0,0,12,HYD,BLR,500,0,8.4,0.23384933596248536,16,45,ATR72,0,0.2935,3,2,3
2,4,1,GOI,DEL,1873,0,5.4,0.30505104763475527,14,21,ATR72,0,0.322,7,1,3
15,3,8,BLR,BOM,802,0,3.6,0.27900903236932784,7,53,B777,0,0.2116,2,0,4
16,3,1,BLR,BOM,810,1,6.5,0.3124713202226847,12,80,B777,0,0.375,2,0,4
12,2,9,DEL,AMD,889,1,9.7,0.20784812635490596,21,66,A320,1,0.5831,1,6,0
22,6,4,DEL,BOM,1142,0,11.1,0.32517505354447584,20,80,A320,0,0.4801,1,0,0
12,3,3,BLR,BOM,798,0,5.9,0.28817017361646863,14,73,B737,0,0.1653,2,0,1
23,4,3,BOM,PNQ,85,2,1.7,0.1311597595628872,1,81,A320,0,0.5025,0,8,0
0,4,4,CCU,DEL,1289,1,8.3,0.43969930050978406,21,29,B777,1,0.7259,4,1,4
21,0,5,HYD,BLR,535,1,1.3,0.162349789502697,6,30,A320,0,0.3349,3,2,0
11,1,11,HYD,BOM,589,0,13.2,0.28404170177312416,7,60,A321,0,0.3136,3,0,2
17,4,6,HYD,BLR,458,1,12.2,0.21243078314520164,1,57,A321,1,0.735,3,2,2
23,5,12,BOM,DEL,1126,0,1.6,0.350067480976858,14,37,A321,0,0.31,0,1,2
12,2,10,DEL,CCU,1302,0,12.5,0.46558070466274787,14,87,B777,0,0.4362,1,4,4
17,4,9,CCU,DEL,1261,0,7.6,0.3883040224818268,5,62,B777,0,0.4053,4,1,4
5,6,10,DEL,AMD,937,1,10.3,0.23162432629685215,21,79,A321,1,0.6426,1,6,2
1,4,4,GOI,DEL,1942,3,4.0,0.3050330379950831,7,55,B777,1,0.722,7,1,4
8,6,3,CCU,DEL,1312,1,6.4,0.44893529623365125,13,23,ATR72,1,0.7796,4,1,3
4,1,11,BLR,BOM,798,0,7.9,0.30396977956277826,7,32,ATR72,0,0.1916,2,0,3
12,5,8,BOM,MAA,1032,1,13.8,0.32929373321657546,21,31,B737,1,0.8517,0,5,1
4,3,12,DEL,GOI,1880,0,6.3,0.3810579897755082,20,24,A321,0,0.4024,1,7,2
9,6,12,HYD,BLR,455,0,8.3,0.2356421427764904,21,72,B737,0,0.4943,3,2,1
8,2,7,PNQ,BOM,72,0,6.6,0.1885396426259882,21,63,B737,0,0.4754,8,0,1
16,3,3,BLR,BOM,879,2,7.3,0.3400794545919278,8,69,B777,1,0.536,2,0,4
2,3,1,BLR,DEL,1770,1,4.9,0.4134604665786596,9,54,ATR72,0,0.3654,2,1,3
17,2,11,DEL,BOM,1119,0,11.1,0.3675172329887274,2,30,B737,1,0.567,1,0,1
9,2,7,BLR,DEL,1737,0,10.7,0.41383988786514336,4,26,B737,1,0.7655,2,1,1
4,1,5,BOM,MAA,1015,0,10.3,0.2765780394419607,10,73,B777,0,0.3106,0,5,4
6,1,11,BOM,BLR,883,0,7.8,0.24410642141770098,9,73,B737,0,0.0976,0,2,1
17,2,5,GOI,DEL,1946,2,7.5,0.3357648704951184,11,40,A321,1,0.8043,7,1,2
2,3,10,BOM,BLR,877,0,6.0,0.3253160819570559,15,68,ATR72,0,0.1801,0,2,3
8,1,11,DEL,AMD,903,3,6.6,0.22903313999014197,15,53,ATR72,1,0.8916,1,6,3
23,4,3,DEL,GOI,1924,1,9.8,0.3116981076200591,7,67,A321,0,0.4247,1,7,2
2,6,5,HYD,BOM,607,1,10.1,0.30997535449438424,17,45,B737,1,0.674,3,0,1
21,1,12,DEL,CCU,1330,0,9.9,0.49336468368703257,6,66,ATR72,0,0.2973,1,4,3
20,6,5,GOI,DEL,1921,1,10.1,0.2830208023492393,10,25,ATR72,1,0.8632,7,1,3
17,3,11,BOM,BLR,883,0,5.2,0.28125209674729484,11,47,A320,0,0.3125,0,2,0
6,0,1,DEL,CCU,1354,0,5.9,0.42019993699296265,17,29,B737,0,0.4181,1,4,1
10,1,4,DEL,AMD,882,2,13.3,0.2326234102407917,12,36,B737,1,0.813,1,6,1
8,3,5,PNQ,BOM,82,0,2.3,0.15113221267509644,12,46,A320,0,0.3105,8,0,0
9,5,10,MAA,BOM,1052,1,10.8,0.2590903590082407,4,26,B777,1,0.8536,5,0,4
19,1,8,DEL,BOM,1152,0,4.6,0.316603543976604,18,71,B777,0,0.4766,1,0,4
9,4,3,PNQ,BOM,123,2,6.1,0.1872112783148882,17,31,B777,1,0.8449,8,0,4
6,4,5,BOM,HYD,650,3,2.5,0.27717542177556603,18,35,A320,1,0.8809,0,3,0
16,1,10,DEL,CCU,1333,0,11.5,0.4261432568127244,13,59,B777,0,0.4205,1,4,4
22,3,6,BLR,HYD,489,1,11.8,0.15538576577387597,3,30,A320,1,0.6322,2,3,0
16,2,1,BOM,PNQ,92,2,3.4,0.18170589223634115,7,26,ATR72,1,0.6727,0,8,3
9,3,6,BOM,PNQ,110,0,5.1,0.18892568977833502,16,35,B737,1,0.5456,0,8,1
5,1,10,BOM,PNQ,109,1,2.5,0.16157533889997377,11,61,ATR72,0,0.3646,0,8,3
10,6,4,PNQ,BOM,150,2,12.1,0.13972887136160206,10,37,A320,1,0.8259,8,0,0
15,1,2,MAA,BOM,985,0,3.2,0.31802936272502225,20,42,A320,0,0.2972,5,0,0
12,3,2,BOM,PNQ,148,1,10.9,0.15495213834760385,11,69,A320,1,0.562,0,8,0
10,4,9,GOI,DEL,1944,1,13.1,0.34313332520798706,6,47,B737,1,0.6373,7,1,1
21,1,8,DEL,BOM,1098,1,10.9,0.3890324722129168,14,26,A320,1,0.8556,1,0,0
3,5,10,BOM,MAA,1011,0,9.7,0.28760207024104834,8,48,A320,0,0.265,0,5,0
7,6,8,AMD,DEL,919,0,10.6,0.26761227562954987,3,53,A320,1,0.607,6,1,0
11,2,4,DEL,BLR,1731,3,11.9,0.4126895827835684,6,24,ATR72,1,1.0,1,2,3
3,0,6,DEL,CCU,1350,1,2.8,0.47236657935332227,19,53,A320,1,0.5889,1,4,0
5,4,12,HYD,BLR,530,0,6.8,0.20117856628733538,16,87,ATR72,0,0.1805,3,2,3
0,2,7,BOM,PNQ,70,0,1.6,0.1410715596034266,12,32,A320,0,0.3264,0,8,0
10,6,1,AMD,DEL,905,0,4.5,0.22648928738728663,18,41,B777,0,0.3106,6,1,4
22,2,12,DEL,BOM,1185,0,7.4,0.305792892919717,5,69,A321,0,0.1223,1,0,2
4,0,3,HYD,BOM,630,0,1.8,0.28182876438851595,12,47,B777,0,0.1627,3,0,4
20,4,6,BOM,MAA,998,0,7.9,0.35350807507460474,16,75,A321,0,0.4914,0,5,2
0,1,8,MAA,BOM,1017,0,3.0,0.30557558030121124,5,65,ATR72,0,0.2222,5,0,3
20,1,2,BOM,PNQ,122,0,13.6,0.1800505965174623,4,44,A320,1,0.542,0,8,0
0,4,1,BOM,PNQ,155,1,1.1,0.11256950423689896,11,47,B737,0,0.345,0,8,1
5,5,2,DEL,BLR,1754,0,11.7,0.439536891407199,17,62,B777,1,0.5258,1,2,4
0,5,9,GOI,DEL,1901,0,10.4,0.31146685130526564,2,73,A321,0,0.4746,7,1,2
23,0,10,MAA,BOM,983,0,8.8,0.2641143648134002,1,71,A320,0,0.2056,5,0,0
11,2,12,DEL,BOM,1172,0,12.7,0.37796277723646704,16,44,A320,1,0.5212,1,0,0
20,2,12,AMD,DEL,923,0,6.7,0.24864353378588805,7,35,ATR72,0,0.3195,6,1,3
22,5,1,BOM,PNQ,150,1,1.4,0.1438657660715223,3,55,B737,0,0.3575,0,8,1
10,0,8,BOM,HYD,601,0,8.6,0.21591847622829954,20,28,B777,1,0.5364,0,3,4
9,6,11,DEL,BLR,1767,1,4.7,0.44418812035159727,18,46,B737,1,0.6777,1,2,1
22,0,6,DEL,AMD,886,1,6.3,0.21889151266192117,9,37,A320,0,0.4576,1,6,0
13,1,1,BLR,DEL,1770,1,9.8,0.3612617768486142,17,33,ATR72,1,0.6145,2,1,3
19,6,9,BLR,DEL,1703,0,13.9,0.4172574130247206,17,26,A321,1,0.9169,2,1,2
19,3,9,AMD,DEL,888,2,11.1,0.22907852477334462,1,65,A321,1,0.9416,6,1,2
1,1,4,BLR,HYD,483,1,11.9,0.19516768444048682,3,77,B737,0,0.4781,2,3,1
8,3,6,DEL,BOM,1127,0,1.7,0.38988373170287016,16,77,B777,1,0.506,1,0,4
17,1,6,HYD,BLR,476,0,7.1,0.20201302554987913,12,80,B737,0,0.3808,3,2,1
18,2,12,BOM,HYD,665,1,2.9,0.25985535728374987,20,34,B777,1,0.6239,0,3,4
7,1,6,BOM,MAA,1040,0,1.4,0.27632814325812904,8,78,B737,0,0.3605,0,5,1
20,6,11,CCU,DEL,1324,0,1.9,0.38696291894656876,14,76,A320,0,0.4048,4,1,0
17,0,5,PNQ,BOM,82,0,10.9,0.1886750441329112,18,48,B737,1,0.5755,8,0,1
22,3,8,CCU,DEL,1256,0,6.6,0.4465300103076252,8,79,B737,0,0.2786,4,1,1
18,3,8,BLR,HYD,466,2,5.2,0.1657258881393997,17,34,A321,1,0.8863,2,3,2
12,0,4,BLR,HYD,512,1,9.3,0.14405786899340084,13,56,A320,0,0.4076,2,3,0
23,0,10,BOM,MAA,1030,0,8.0,0.36169524893783234,12,48,ATR72,0,0.1947,0,5,3
5,3,6,PNQ,BOM,117,1,9.2,0.13812451960237482,4,35,ATR72,1,0.5752,8,0,3
21,1,7,DEL,CCU,1348,0,9.3,0.4292213538160297,11,44,B737,0,0.4917,1,4,1
14,1,5,CCU,DEL,1266,0,6.4,0.463611125491439,15,30,ATR72,0,0.3054,4,1,3
20,4,1,DEL,AMD,896,1,5.4,0.17958266459719918,9,81,ATR72,0,0.4218,1,6,3
12,2,7,BOM,HYD,654,1,7.9,0.2844105523775675,8,72,B777,0,0.4138,0,3,4
22,1,7,MAA,BOM,987,0,6.1,0.3000048429706047,16,84,A321,0,0.32,5,0,2
9,6,6,CCU,DEL,1286,0,6.9,0.44935703140622896,10,76,ATR72,1,0.4797,4,1,3
18,2,1,DEL,AMD,921,2,8.6,0.20039769143852454,4,43,B777,1,0.8002,1,6,4
19,6,1,PNQ,BOM,99,0,3.3,0.11895606201303334,1,57,A320,0,0.2976,8,0,0
22,6,4,DEL,CCU,1296,1,2.9,0.40521839739644655,8,66,B737,0,0.4121,1,4,1
15,1,8,PNQ,BOM,144,0,3.8,0.15503387310398786,18,70,A321,0,0.312,8,0,2
10,4,9,BLR,DEL,1725,2,9.2,0.39756151389944067,8,52,B737,1,0.759,2,1,1
6,5,10,BOM,PNQ,91,0,8.1,0.19118912787003564,4,33,A320,0,0.3465,0,8,0
6,1,1,GOI,DEL,1934,2,11.0,0.32765045695902617,15,46,B777,1,0.7811,7,1,4
11,3,6,AMD,DEL,908,0,8.2,0.22607846380905078,10,47,ATR72,0,0.2904,6,1,3
23,5,10,HYD,BLR,462,1,8.0,0.15336394440500045,10,48,A320,0,0.3113,3,2,0
10,4,1,DEL,BOM,1194,2,7.3,0.3169286495547048,16,62,A321,1,0.6268,1,0,2
15,1,11,CCU,DEL,1310,0,5.5,0.4583150528513897,5,55,B777,0,0.1833,4,1,4
10,2,8,BOM,HYD,622,1,12.4,0.2589798105467765,10,84,A320,1,0.6036,0,3,0
2,0,3,HYD,BLR,510,2,7.9,0.18842230245695246,10,52,B737,0,0.4754,3,2,1
20,2,10,CCU,DEL,1280,1,4.6,0.4439111033721107,7,84,B737,1,0.5276,4,1,1
8,1,10,BOM,DEL,1166,2,3.1,0.4103169123677175,3,63,ATR72,1,0.7141,0,1,3
20,2,10,HYD,BLR,540,0,3.5,0.15714910729819195,16,33,B737,0,0.3829,3,2,1
21,2,9,BLR,HYD,519,0,9.2,0.13511951031321376,19,81,B737,0,0.354,2,3,1
13,6,5,MAA,BOM,1032,1,13.6,0.3233394914706027,17,55,A320,1,0.6793,5,0,0
18,4,11,MAA,BOM,1032,0,11.1,0.28466933096641495,20,25,ATR72,1,0.7139,5,0,3
14,4,2,BOM,BLR,866,0,2.0,0.2570033433031013,15,34,B737,0,0.2228,0,2,1
7,1,10,GOI,DEL,1856,0,5.7,0.2862992554595826,10,39,A320,0,0.3345,7,1,0
18,5,11,CCU,DEL,1317,1,6.8,0.47193283186966917,9,55,A321,1,0.5888,4,1,2
15,0,2,DEL,GOI,1907,0,6.4,0.31718979050279666,4,45,A321,0,0.1269,1,7,2
19,1,8,BLR,DEL,1747,0,3.5,0.37337664826300543,6,20,B777,1,0.5494,2,1,4
19,4,7,BLR,DEL,1731,2,1.6,0.43349369622834405,10,26,A321,1,0.9734,2,1,2
6,5,8,GOI,DEL,1892,0,11.8,0.28694326890032007,10,31,B777,1,0.5348,7,1,4
11,4,10,CCU,DEL,1344,0,13.6,0.45428182675492973,8,81,A321,0,0.3817,4,1,2
3,3,5,DEL,BLR,1773,1,5.6,0.39093340337395704,17,56,A320,0,0.4564,1,2,0
20,1,9,BOM,BLR,805,0,9.9,0.2692548786656947,13,40,B777,1,0.5777,0,2,4
3,6,6,BLR,HYD,516,1,2.4,0.198242995122676,7,76,B777,0,0.4293,2,3,4
17,2,5,BOM,PNQ,140,0,11.9,0.15822035291144404,18,77,B737,1,0.5633,0,8,1
16,4,1,HYD,BOM,663,0,4.7,0.2551222727387422,1,87,A321,0,0.102,3,0,2
13,6,1,DEL,BLR,1693,2,11.3,0.382103738189734,9,35,B737,1,0.8728,1,2,1
18,1,5,BOM,BLR,800,2,1.4,0.25623630073121234,10,80,ATR72,1,0.6525,0,2,3
9,0,3,BOM,HYD,664,0,2.4,0.23012188261541328,6,20,B777,0,0.392,0,3,4
12,1,8,GOI,DEL,1905,0,9.9,0.31736766012760775,13,49,A320,0,0.3769,7,1,0
6,1,9,BLR,BOM,892,1,11.9,0.3107540498809926,6,81,B737,1,0.6243,2,0,1
8,5,4,BLR,DEL,1741,1,11.0,0.38110684923090493,13,55,B777,1,0.8024,2,1,4
12,5,12,BOM,BLR,829,1,3.4,0.2619185461191033,17,33,ATR72,1,0.5248,0,2,3
17,1,3,DEL,BLR,1757,0,13.7,0.4064316290545301,19,44,A320,1,0.6826,1,2,0
8,4,2,HYD,BOM,609,1,8.0,0.2607862950197227,10,78,B777,0,0.4543,3,0,4
6,5,12,PNQ,BOM,89,1,5.7,0.12682729569964843,11,47,B737,0,0.4007,8,0,1
15,0,4,DEL,BOM,1171,1,10.0,0.302662846115312,21,61,ATR72,1,0.5211,1,0,3
1,6,10,DEL,BOM,1118,0,10.5,0.36709370216598236,9,46,A320,0,0.3968,1,0,0
23,2,7,BOM,BLR,870,0,9.0,0.30667158349530577,21,69,A321,0,0.4227,0,2,2
11,1,7,GOI,DEL,1879,1,13.2,0.2810363967196646,3,86,A320,1,0.6124,7,1,0
16,6,3,DEL,BOM,1168,0,4.3,0.3012549391297865,20,20,B737,0,0.4205,1,0,1
0,3,10,BLR,HYD,493,0,2.5,0.22539699839792215,6,36,A321,0,0.1602,2,3,2
1,5,6,AMD,DEL,872,0,4.0,0.23160178102661255,14,86,B777,0,0.2926,6,1,4
4,1,6,HYD,BOM,623,0,11.1,0.22591931572134644,10,20,ATR72,1,0.5404,3,0,3
8,0,1,HYD,BOM,606,0,4.7,0.2648288235481352,5,85,B737,0,0.2559,3,0,1
21,0,11,AMD,DEL,881,2,9.9,0.237191742679818,10,53,A320,1,0.5949,6,1,0
7,5,4,DEL,BLR,1754,1,7.7,0.4586576124260237,7,81,B777,1,0.5835,1,2,4
0,6,11,PNQ,BOM,103,0,4.1,0.1398238268855339,9,42,A320,0,0.2259,8,0,0
5,2,5,DEL,BOM,1135,1,3.3,0.30345856754676925,17,87,B777,0,0.4214,1,0,4
18,4,11,BLR,DEL,1764,1,4.8,0.44714941109620143,13,51,B737,1,0.5789,2,1,1
22,3,9,DEL,AMD,867,0,2.2,0.16657062962011626,20,72,B737,0,0.2666,1,6,1
8,6,5,BOM,PNQ,74,0,13.0,0.10304338976266253,6,29,ATR72,1,0.6412,0,8,3
2,2,11,DEL,CCU,1258,0,11.1,0.4885738654420956,19,51,B737,0,0.4954,1,4,1
18,2,8,AMD,DEL,890,0,9.7,0.2424305049658848,19,55,A320,1,0.547,6,1,0
10,6,9,MAA,BOM,1053,0,1.2,0.2678123884221878,11,87,ATR72,0,0.3071,5,0,3
6,1,12,CCU,DEL,1256,0,8.6,0.4753055415050309,18,75,A321,0,0.3901,4,1,2
7,5,2,BOM,MAA,1035,2,3.9,0.30016847436680416,15,29,A321,1,0.9201,0,5,2
10,6,10,BOM,DEL,1134,1,9.5,0.3676375142176467,15,59,A321,1,0.5471,0,1,2
20,6,6,MAA,BOM,1030,0,1.6,0.27433907822472287,18,67,B777,1,0.5097,5,0,4
19,1,2,DEL,CCU,1317,0,4.9,0.4882492682223952,21,23,A320,1,0.5953,1,4,0
20,5,4,PNQ,BOM,108,1,5.8,0.11193827824738743,1,28,ATR72,1,0.6448,8,0,3
8,5,12,DEL,CCU,1346,1,11.0,0.4638452755348794,11,53,A320,1,0.8355,1,4,0
0,1,3,CCU,DEL,1255,1,4.1,0.47559071080500553,11,69,A321,0,0.4402,4,1,2
19,5,2,DEL,AMD,897,0,10.8,0.2228042301223315,14,63,A321,1,0.5391,1,6,2
0,1,8,MAA,BOM,998,1,6.4,0.31321341155967775,14,74,ATR72,1,0.4753,5,0,3
6,0,8,DEL,BOM,1193,0,13.1,0.3451996974347301,2,34,ATR72,1,0.5081,1,0,3
16,3,10,DEL,CCU,1322,0,3.6,0.46680214905142214,7,53,B777,0,0.1867,1,4,4
3,6,6,HYD,BLR,459,1,6.9,0.16432552425472624,7,70,B777,0,0.4157,3,2,4
3,4,2,GOI,DEL,1872,1,3.2,0.35395432228187784,13,41,B777,0,0.4616,7,1,4
5,5,9,BOM,MAA,984,1,8.0,0.2805255237926245,3,58,A320,0,0.4622,0,5,0
11,0,7,BOM,DEL,1137,2,4.4,0.3977047391504369,12,27,B777,1,0.8591,0,1,4
18,6,5,BLR,BOM,847,0,1.1,0.33678435405726964,6,49,A321,0,0.3347,2,0,2
16,2,12,HYD,BOM,601,3,3.0,0.22419448022926844,18,67,B737,1,0.7897,3,0,1
0,5,10,GOI,DEL,1913,1,13.1,0.35001787639271886,2,50,ATR72,1,0.59,7,1,3
20,6,12,BOM,MAA,987,2,3.2,0.3462937917407045,20,51,B777,1,0.8385,0,5,4
18,6,9,DEL,BOM,1166,0,8.8,0.3539019141610817,20,35,A321,1,0.7116,1,0,2
19,5,11,BOM,DEL,1117,0,13.5,0.40662416228332443,4,41,B737,1,0.6326,0,1,1
6,2,11,DEL,BLR,1710,0,5.9,0.46461463259470326,6,67,ATR72,0,0.1858,1,2,3
5,4,6,BLR,DEL,1711,0,13.5,0.3801495679019394,6,20,A321,1,0.6021,2,1,2
2,5,7,DEL,GOI,1942,3,11.3,0.31481017388094024,18,43,B737,1,1.0,1,7,1
9,6,10,DEL,BLR,1711,1,2.1,0.45507929006082515,2,76,B737,1,0.582,1,2,1
22,5,3,CCU,DEL,1295,0,10.5,0.4566519804676619,9,50,B777,0,0.4327,4,1,4
13,2,2,DEL,AMD,864,0,6.4,0.19685005212916135,16,88,A321,0,0.1787,1,6,2
21,0,10,BOM,PNQ,148,1,9.5,0.16763355293075013,7,29,ATR72,1,0.5671,0,8,3
13,6,10,AMD,DEL,865,0,2.7,0.23509503400456905,5,88,B737,0,0.144,6,1,1
22,2,10,BLR,BOM,823,1,5.1,0.3441410052384808,14,73,B737,0,0.3877,2,0,1
10,0,1,BOM,BLR,801,3,12.5,0.3027956392060817,1,45,B737,1,0.9211,0,2,1
9,4,2,DEL,BLR,1693,0,11.8,0.4363015943647253,7,68,B777,0,0.5245,1,2,4
21,6,11,BOM,PNQ,71,0,12.3,0.19634936043041878,6,30,A320,0,0.4485,0,8,0
12,6,4,DEL,CCU,1285,1,8.5,0.45754183415854816,12,80,B777,1,0.583,1,4,4
21,1,3,PNQ,BOM,132,2,3.6,0.11192596491184642,9,80,B777,1,0.4948,8,0,4
16,3,7,HYD,BLR,500,2,11.0,0.1545447415764499,21,21,A320,1,1.0,3,2,0
5,4,3,BOM,PNQ,99,1,11.4,0.10959657774020745,14,38,A321,1,0.6138,0,8,2
11,3,12,BLR,HYD,499,0,1.9,0.1889024859146997,4,89,B737,0,0.0756,2,3,1
22,3,6,DEL,BLR,1750,0,5.7,0.4240572655176338,13,35,ATR72,0,0.3896,1,2,3
12,5,1,BLR,BOM,817,0,13.4,0.3066778230111033,2,86,B737,0,0.3727,2,0,1
6,6,5,BOM,HYD,595,2,12.4,0.29331575457485576,14,42,A320,1,0.8873,0,3,0
1,2,5,DEL,AMD,851,1,9.2,0.2223856422257597,1,69,ATR72,0,0.389,1,6,3
9,3,4,DEL,BLR,1758,1,12.6,0.4060714983227663,15,41,ATR72,1,0.8324,1,2,3
21,1,1,BOM,MAA,1022,0,4.2,0.33876646778838787,1,47,ATR72,0,0.1355,0,5,3
1,6,10,GOI,DEL,1851,0,3.9,0.2808970316962068,18,55,A320,0,0.2624,7,1,0
9,4,11,DEL,AMD,897,2,2.6,0.20406460741599453,16,54,A320,1,0.7316,1,6,0
12,3,1,DEL,BOM,1140,1,12.5,0.34426375770920636,20,80,B777,1,0.6377,1,0,4
5,1,11,DEL,BOM,1147,0,11.5,0.38072630886989905,17,52,A320,0,0.4523,1,0,0
11,3,12,BOM,PNQ,90,3,9.0,0.1774082854571007,8,58,B777,1,0.821,0,8,4
9,6,1,DEL,CCU,1280,2,8.1,0.42640985664213416,15,66,ATR72,1,0.9206,1,4,3
5,1,3,BLR,DEL,1768,1,10.8,0.43872914090785653,2,46,B777,1,0.5755,2,1,4
14,3,5,DEL,BOM,1179,1,12.2,0.30121805453991723,11,59,B737,1,0.5705,1,0,1
3,0,8,BLR,DEL,1725,1,7.8,0.37125885224029204,21,49,A321,1,0.5485,2,1,2
5,0,10,DEL,CCU,1321,0,5.4,0.43919208888744365,7,56,A320,0,0.1757,1,4,0
11,0,8,DEL,AMD,900,0,11.5,0.18048048699625446,19,48,B777,0,0.4722,1,6,4
10,5,2,CCU,DEL,1304,0,5.9,0.43685846986357624,11,54,B777,0,0.2747,4,1,4
9,3,11,DEL,BLR,1777,1,6.8,0.37905461971708854,21,56,B777,1,0.6016,1,2,4
1,6,3,MAA,BOM,1054,0,7.3,0.2927270329262546,8,36,A320,0,0.2371,5,0,0
19,4,4,GOI,DEL,1861,0,7.8,0.3531167748405529,12,67,B737,0,0.3412,7,1,1
20,2,4,DEL,CCU,1283,0,12.4,0.49331094453170476,21,88,B737,1,0.6473,1,4,1
14,2,11,BLR,HYD,481,1,7.2,0.1894985289186747,5,50,A321,0,0.2758,2,3,2
3,3,12,HYD,BOM,649,3,8.8,0.245487316179805,6,74,A321,1,0.7982,3,0,2
11,5,8,DEL,GOI,1943,1,8.4,0.3540773475401071,11,71,B777,1,0.6416,1,7,4
18,2,2,HYD,BOM,649,3,8.3,0.262297526586477,17,34,A321,1,1.0,3,0,2
8,6,4,BLR,DEL,1737,1,8.1,0.4333642414206859,1,35,B777,1,0.7433,2,1,4
23,6,12,DEL,GOI,1866,1,6.4,0.36411809663481887,20,71,ATR72,1,0.4956,1,7,3
14,0,7,GOI,DEL,1927,2,11.9,0.3337131831419047,11,82,ATR72,1,0.8835,7,1,3
10,0,3,DEL,CCU,1334,0,1.8,0.4349661604750419,3,87,A321,0,0.174,1,4,2
5,1,6,BLR,HYD,511,1,1.5,0.17504527814270754,12,32,ATR72,0,0.49,2,3,3
4,3,5,BOM,HYD,662,1,11.1,0.23247378879437913,15,77,A321,1,0.543,0,3,2
19,5,4,CCU,DEL,1260,0,2.6,0.43820322228842457,15,34,B737,0,0.4953,4,1,1
13,2,10,BOM,HYD,665,2,3.5,0.2348033696128938,14,58,ATR72,1,0.5439,0,3,3
1,1,10,AMD,DEL,845,1,11.0,0.23660895906976764,6,73,B777,0,0.4946,6,1,4
3,0,12,DEL,BOM,1133,0,11.3,0.39930487955410354,14,66,B737,0,0.4097,1,0,1
4,5,4,BLR,BOM,885,0,13.3,0.2774031049870186,6,41,B777,0,0.431,2,0,4
23,4,12,BOM,HYD,608,0,9.3,0.2663047370272248,9,53,A321,0,0.2065,0,3,2
12,3,2,BOM,MAA,1022,1,4.7,0.3055307923415292,13,76,A321,0,0.3722,0,5,2
5,6,9,BLR,HYD,477,2,8.6,0.22029478983718137,8,20,A321,1,0.8881,2,3,2
13,3,8,BOM,PNQ,157,0,6.4,0.10376754022432044,4,57,B777,0,0.1915,0,8,4
13,3,4,BOM,HYD,664,0,2.8,0.20237910456294117,10,26,ATR72,0,0.231,0,3,3
7,3,3,BOM,BLR,894,2,9.7,0.24649167348879947,3,45,ATR72,1,0.7486,0,2,3
13,4,1,BOM,BLR,873,3,7.8,0.27450707034881844,17,78,A321,1,0.8098,0,2,2
18,2,4,BOM,BLR,825,0,7.1,0.32393472002655116,21,31,A320,0,0.4496,0,2,0
23,4,9,BOM,DEL,1159,1,11.7,0.3342717839338012,8,58,ATR72,1,0.6337,0,1,3
7,5,6,DEL,CCU,1287,0,3.7,0.40324417224495274,18,38,ATR72,1,0.6313,1,4,3
11,4,10,BOM,MAA,996,0,5.9,0.3407273871191265,6,56,B737,0,0.1363,0,5,1
14,4,11,DEL,BOM,1116,1,4.5,0.34428268610829055,9,40,A320,0,0.4077,1,0,0
15,6,1,BOM,PNQ,160,0,7.7,0.17446006062517982,20,45,B737,0,0.2698,0,8,1
18,4,5,BLR,BOM,860,1,12.8,0.30064586784081265,11,70,A321,1,0.7203,2,0,2
8,4,8,BOM,BLR,852,2,7.2,0.31069599755288535,9,82,A321,1,0.7743,0,2,2
8,4,8,BOM,PNQ,166,0,1.7,0.1555440373551591,14,45,A320,0,0.4122,0,8,0
18,4,5,DEL,CCU,1272,0,7.0,0.4067102839655472,20,53,A321,0,0.4127,1,4,2
21,4,11,BOM,MAA,967,1,1.8,0.3555939314437435,17,77,B737,0,0.4422,0,5,1
12,2,6,BOM,HYD,606,0,6.2,0.20700116674830316,10,42,A320,0,0.2528,0,3,0
15,1,3,BOM,PNQ,126,0,4.7,0.1850879746083468,3,72,B777,0,0.124,0,8,4
20,3,8,BOM,DEL,1099,2,7.3,0.4175349420124445,7,49,A321,1,0.817,0,1,2
6,4,3,BLR,HYD,472,0,12.8,0.15679532840078816,20,39,B737,0,0.4327,2,3,1
13,4,6,BLR,BOM,862,3,1.5,0.2891079916271519,11,85,A320,1,0.8656,2,0,0
19,3,10,AMD,DEL,930,0,14.0,0.22734098628152793,21,86,B777,1,0.5409,6,1,4
20,6,6,BLR,HYD,487,0,1.2,0.13023788618593796,4,80,B737,0,0.3521,2,3,1
16,2,2,BLR,DEL,1725,0,9.3,0.43392556893322504,7,65,A320,0,0.2736,2,1,0
2,1,8,DEL,CCU,1340,1,10.6,0.4754313908347583,10,28,B777,1,0.8402,1,4,4
1,6,4,CCU,DEL,1334,0,10.3,0.38198497141336674,8,53,ATR72,0,0.4028,4,1,3
6,1,6,HYD,BLR,514,0,10.3,0.18411215917242368,13,29,B737,1,0.5736,3,2,1
0,3,11,DEL,BOM,1167,1,12.7,0.37605277453142477,1,65,A321,1,0.5504,1,0,2
17,3,4,BOM,HYD,613,1,5.9,0.25480827567356984,6,46,B737,0,0.4519,0,3,1
9,4,8,BLR,HYD,454,3,8.4,0.19098092351095736,15,42,A320,1,1.0,2,3,0
12,5,3,HYD,BOM,578,0,5.4,0.2890042001295741,1,23,B737,0,0.3156,3,0,1
21,6,2,BOM,BLR,827,1,2.5,0.23873700128463426,2,87,A320,0,0.3455,0,2,0
19,3,4,DEL,CCU,1268,0,13.4,0.4598201831282949,11,39,B777,1,0.6539,1,4,4
15,0,12,DEL,GOI,1932,1,11.6,0.3310515547552132,17,38,B777,1,0.7024,1,7,4
12,5,12,MAA,BOM,1041,0,3.8,0.26471252284727925,12,77,B777,0,0.2059,5,0,4
2,6,6,AMD,DEL,874,0,3.9,0.25144151882443666,15,33,A321,0,0.3706,6,1,2
14,2,9,GOI,DEL,1889,0,5.8,0.3590919872114885,19,72,B777,0,0.3436,7,1,4
10,0,6,BOM,PNQ,99,0,12.0,0.16441636326813686,6,21,B737,1,0.5658,0,8,1
1,6,5,BOM,DEL,1133,0,7.2,0.3890272320986372,7,24,A320,0,0.3556,0,1,0
6,5,7,DEL,BLR,1783,0,3.7,0.40332197201410164,18,42,A320,0,0.4813,1,2,0
20,5,12,BLR,BOM,802,2,7.4,0.28984814130504943,2,68,A320,1,0.7159,2,0,0
17,1,10,BOM,HYD,630,0,10.1,0.28235588422514635,15,55,A321,1,0.5129,0,3,2
4,3,1,DEL,CCU,1351,1,4.3,0.4091015474665022,8,31,A320,0,0.4336,1,4,0
2,5,4,BLR,DEL,1782,0,4.9,0.39664175824844633,15,69,B737,0,0.2587,2,1,1
4,5,7,BLR,HYD,481,0,13.1,0.224499481334955,7,76,ATR72,0,0.4398,2,3,3
14,5,8,HYD,BLR,495,0,8.6,0.157973724810346,4,39,ATR72,0,0.3832,3,2,3
14,4,7,DEL,AMD,885,1,5.3,0.22231683034760621,12,69,ATR72,0,0.4389,1,6,3
18,4,3,AMD,DEL,865,0,10.4,0.25401078593723925,8,35,A320,1,0.5216,6,1,0
9,2,11,BOM,MAA,1017,0,4.9,0.33045795601572897,9,47,B737,0,0.2822,0,5,1
17,5,6,BOM,PNQ,157,2,2.8,0.11283994705684415,2,35,A321,1,0.8651,0,8,2
6,2,8,BOM,BLR,808,0,7.5,0.23197181319129123,2,51,A321,0,0.1928,0,2,2
13,6,9,CCU,DEL,1345,0,8.0,0.4175947895688811,18,43,A321,0,0.487,4,1,2
16,3,7,BOM,BLR,797,0,12.7,0.23059931402940415,14,63,A321,0,0.4422,0,2,2
13,4,5,CCU,DEL,1257,1,9.4,0.3950142307135899,19,85,B777,1,0.558,4,1,4
1,2,10,GOI,DEL,1910,1,1.9,0.33509951825226,20,74,A321,0,0.434,7,1,2
9,0,9,BOM,MAA,999,0,11.6,0.3118256330444088,4,68,ATR72,1,0.5747,0,5,3
7,2,12,BOM,HYD,652,0,8.0,0.20397915280198434,6,78,B737,0,0.2316,0,3,1
6,0,3,BOM,MAA,1019,2,11.0,0.3469327638721075,5,48,ATR72,1,0.7388,0,5,3
23,5,4,BOM,PNQ,87,0,10.9,0.18035067421577863,9,83,A320,0,0.3721,0,8,0
0,3,11,BOM,HYD,612,3,4.0,0.21214346691730052,13,73,B737,1,0.7349,0,3,1
1,5,7,MAA,BOM,999,0,11.8,0.33041734748927964,21,60,A321,1,0.5822,5,0,2
13,3,5,BLR,HYD,461,1,12.2,0.21923332763508654,9,86,B737,0,0.4877,2,3,1
15,6,6,PNQ,BOM,95,0,10.1,0.18536162278620016,9,51,B777,1,0.4741,8,0,4
20,6,12,BLR,DEL,1751,0,4.6,0.38436621920051456,17,64,B777,0,0.4537,2,1,4
13,3,10,DEL,CCU,1295,0,4.7,0.4467233295774881,17,71,ATR72,0,0.2787,1,4,3
3,4,12,DEL,BLR,1736,0,12.5,0.43138792610474097,15,43,B737,0,0.4926,1,2,1
0,2,2,BOM,PNQ,151,2,9.8,0.12797396591055946,11,72,B737,1,0.6512,0,8,1
14,0,2,BOM,DEL,1167,2,5.1,0.3315917544652095,12,75,ATR72,1,0.5826,0,1,3
0,3,10,BOM,DEL,1100,0,8.2,0.35056067198636615,7,52,A320,0,0.2402,0,1,0
4,4,1,BLR,HYD,500,3,1.8,0.21103493714655253,8,28,B777,1,0.8344,2,3,4
12,2,1,DEL,CCU,1336,0,1.7,0.45772691899065376,18,45,B777,0,0.2831,1,4,4
3,0,1,DEL,AMD,909,1,3.8,0.2025637522925132,13,83,B737,0,0.331,1,6,1
2,6,4,MAA,BOM,1056,0,4.9,0.29471596952444856,1,78,B777,0,0.1679,5,0,4
16,0,9,PNQ,BOM,137,1,13.7,0.10554480846996414,15,88,ATR72,1,0.6422,8,0,3
1,4,6,BLR,HYD,465,1,12.8,0.19507975395382315,18,27,A320,1,0.828,2,3,0
7,6,8,DEL,AMD,902,0,3.4,0.19863429792803722,11,78,A321,0,0.4295,1,6,2
2,1,2,HYD,BLR,548,0,4.9,0.23305001274848264,8,36,A321,0,0.1632,3,2,2
0,3,1,HYD,BLR,538,1,9.0,0.17364035296747887,16,59,B737,0,0.4695,3,2,1
12,1,8,GOI,DEL,1880,0,9.1,0.32467256848176035,7,31,B777,0,0.3999,7,1,4
7,3,7,GOI,DEL,1903,0,7.3,0.34551580050975134,15,83,ATR72,0,0.4382,7,1,3
2,0,9,BOM,DEL,1188,2,5.5,0.3618727469744248,9,82,B777,1,0.6447,0,1,4
3,3,6,DEL,GOI,1927,2,13.5,0.3300397118957554,5,37,A321,1,0.902,1,7,2
11,3,3,DEL,CCU,1275,0,3.6,0.45078495121868983,1,35,ATR72,0,0.2503,1,4,3
22,1,2,BOM,PNQ,92,0,9.5,0.10572862841162681,3,86,ATR72,0,0.1923,0,8,3
12,5,8,DEL,BOM,1188,0,12.8,0.396262156605762,19,56,B737,1,0.6085,1,0,1
7,3,11,DEL,AMD,855,3,9.3,0.2004749333314384,5,81,A320,1,0.9302,1,6,0
7,5,9,CCU,DEL,1324,0,4.2,0.43020510263540135,20,55,ATR72,1,0.5721,4,1,3
7,1,1,GOI,DEL,1857,1,5.5,0.28374099379378814,8,82,A321,1,0.4635,7,1,2
7,3,1,BOM,BLR,872,0,8.5,0.25177211594943605,1,76,ATR72,0,0.3507,0,2,3
22,2,7,BOM,HYD,625,0,13.2,0.2230622713688396,18,25,B737,1,0.6392,0,3,1
14,5,11,DEL,BOM,1126,2,11.2,0.3458854860428541,16,64,ATR72,1,0.8884,1,0,3
7,3,11,BLR,BOM,880,0,11.0,0.34492488838292246,1,21,B737,1,0.638,2,0,1
12,5,8,DEL,AMD,927,1,1.3,0.20605074395595632,8,69,A320,0,0.4324,1,6,0
5,5,7,PNQ,BOM,81,0,8.4,0.183275930003516,17,34,B737,1,0.5433,8,0,1
0,0,4,HYD,BLR,546,0,4.6,0.22162696149829542,7,43,ATR72,0,0.1587,3,2,3
22,3,9,MAA,BOM,967,1,2.4,0.28443573170284175,13,24,A321,1,0.6138,5,0,2
11,3,10,DEL,BLR,1690,0,13.3,0.46125971210029043,1,84,ATR72,0,0.3845,1,2,3
2,4,8,DEL,CCU,1326,0,12.9,0.47423997335614715,11,87,A320,1,0.5397,1,4,0
19,0,8,BOM,PNQ,77,0,12.5,0.12246927774222965,18,84,ATR72,1,0.649,0,8,3
2,5,11,BOM,BLR,819,0,7.2,0.2519740026180949,14,88,B777,0,0.2008,0,2,4
23,0,12,BLR,DEL,1746,3,7.4,0.36884346263607903,8,37,ATR72,1,0.8175,2,1,3
4,1,2,BOM,DEL,1187,2,1.5,0.3690047554631222,5,29,ATR72,1,0.6976,0,1,3
3,2,2,DEL,AMD,854,1,5.4,0.1556216933624477,3,53,B737,0,0.2622,1,6,1
14,0,6,AMD,DEL,844,0,6.8,0.2696503848217982,7,59,A321,0,0.2079,6,1,2
11,3,10,BOM,PNQ,164,1,11.9,0.1556770371765449,12,84,A320,1,0.5623,0,8,0
19,2,7,GOI,DEL,1864,1,7.9,0.31978009281080294,5,65,A321,1,0.5779,7,1,2
13,3,2,BLR,DEL,1706,0,12.5,0.35510804846495964,17,71,B777,0,0.442,2,1,4
22,3,7,AMD,DEL,918,0,11.2,0.2109431395551813,8,41,ATR72,1,0.4544,6,1,3
1,0,10,PNQ,BOM,119,0,3.5,0.14241160696110133,19,25,A321,0,0.357,8,0,2
14,5,1,GOI,DEL,1903,0,11.9,0.28106215051911765,13,88,ATR72,0,0.4124,7,1,3
16,1,2,HYD,BOM,578,0,3.2,0.2504743808194101,14,28,A320,0,0.3002,3,0,0
9,2,7,CCU,DEL,1323,3,1.7,0.4717930679136929,12,83,A321,1,1.0,4,1,2
16,4,1,DEL,CCU,1276,0,1.1,0.4551644851407544,13,66,ATR72,0,0.2321,1,4,3
16,6,10,CCU,DEL,1276,2,6.1,0.42032644444982925,10,66,A320,1,0.6181,4,1,0
22,5,9,BOM,MAA,1064,0,4.9,0.34119178371566394,16,27,A320,1,0.5365,0,5,0
11,5,6,DEL,BOM,1153,1,13.9,0.3231328553518745,2,79,B777,1,0.6793,1,0,4
12,5,9,DEL,AMD,883,0,12.5,0.17580641562143132,3,34,ATR72,0,0.4903,1,6,3
11,5,12,HYD,BLR,509,0,1.7,0.19528462720534223,4,88,A320,0,0.1281,3,2,0
18,5,11,BOM,MAA,1002,2,13.5,0.3439725228486275,2,31,B777,1,1.0,0,5,4
3,6,9,BOM,BLR,822,0,10.1,0.2441920265201895,6,48,B777,0,0.4477,0,2,4
3,1,6,AMD,DEL,848,0,11.9,0.1888338061951617,13,75,A321,0,0.4255,6,1,2
19,6,3,BOM,HYD,640,0,8.1,0.23480419163472502,1,73,A321,0,0.3939,0,3,2
1,4,7,BLR,BOM,865,1,4.9,0.3169526341009291,16,27,B777,1,0.6768,2,0,4
22,4,5,BOM,DEL,1181,3,1.6,0.36868301029216416,14,37,B777,1,0.8675,0,1,4
17,5,2,PNQ,BOM,116,0,7.3,0.18400529203730678,2,44,ATR72,0,0.3936,8,0,3
6,0,1,DEL,BLR,1772,3,9.9,0.45058582018276533,8,87,B737,1,0.8802,1,2,1
20,0,9,DEL,BLR,1723,2,7.1,0.42640882349510023,21,34,B737,1,0.9906,1,2,1
21,1,9,MAA,BOM,1064,2,10.1,0.333085082354543,18,59,A320,1,0.9332,5,0,0
12,5,10,GOI,DEL,1874,1,4.6,0.31279230760755516,6,56,A321,0,0.3751,7,1,2
11,4,7,DEL,BLR,1765,0,13.7,0.43583705244619153,1,43,B737,1,0.5443,1,2,1
0,3,12,DEL,GOI,1942,0,1.1,0.3148539547567104,15,40,A321,0,0.2459,1,7,2
9,2,10,DEL,BOM,1170,2,1.9,0.38772543857175457,7,47,A320,1,0.7051,1,0,0
2,4,12,HYD,BOM,590,0,11.3,0.3106881095017144,18,75,ATR72,0,0.4243,3,0,3
12,2,11,DEL,CCU,1262,0,2.1,0.47439952957210085,9,25,B777,0,0.3398,1,4,4
18,4,1,DEL,BLR,1773,0,6.7,0.41125482876860886,15,30,ATR72,0,0.4345,1,2,3
0,6,11,BOM,HYD,668,0,12.4,0.28241834173940256,10,38,B737,0,0.433,0,3,1
12,4,5,HYD,BOM,642,2,4.4,0.27810039952944793,8,22,B737,1,0.6612,3,0,1
18,0,4,DEL,AMD,885,0,13.4,0.19751838862651266,5,47,A321,0,0.429,1,6,2
13,1,8,GOI,DEL,1864,0,3.7,0.31867651591348134,2,89,B777,0,0.2275,7,1,4
9,6,3,HYD,BLR,503,0,1.4,0.23743234132956875,11,32,B737,0,0.415,3,2,1
23,1,7,BOM,BLR,816,1,6.4,0.27364137361365626,3,83,B777,0,0.4095,0,2,4
0,3,10,DEL,AMD,939,0,12.3,0.17017872978851914,16,57,ATR72,0,0.3681,1,6,3
18,4,12,BOM,MAA,1022,1,6.5,0.2853392614167393,12,33,A321,1,0.5841,0,5,2
2,0,12,DEL,GOI,1920,0,8.4,0.3564012841140812,18,21,A321,1,0.4926,1,7,2
5,3,8,BOM,PNQ,82,1,10.8,0.141060473171115,2,60,A320,1,0.6064,0,8,0
21,4,3,DEL,CCU,1346,2,5.7,0.46914060154663595,19,70,B777,1,0.6877,1,4,4
21,1,2,DEL,BOM,1186,0,11.3,0.33673143514614673,13,85,B777,0,0.3847,1,0,4
1,4,11,BOM,PNQ,115,2,2.3,0.19064194657031036,12,79,A321,1,0.5763,0,8,2
4,3,12,DEL,BLR,1769,0,4.4,0.39832971948978146,21,27,B777,0,0.4093,1,2,4
20,4,10,BLR,HYD,475,2,5.0,0.20647729330384568,1,73,B777,1,0.6326,2,3,4
6,3,11,PNQ,BOM,81,1,8.5,0.1806279446256505,13,58,A321,0,0.4723,8,0,2
10,2,3,BLR,DEL,1775,0,7.6,0.3778592077063158,3,65,A321,0,0.1511,2,1,2
20,2,8,MAA,BOM,1026,3,1.5,0.32948216592153423,15,81,B737,1,1.0,5,0,1
23,4,10,BLR,HYD,471,2,8.2,0.1690259271266178,17,54,B737,1,0.6676,2,3,1
23,5,9,AMD,DEL,887,1,3.3,0.20962356716182823,13,77,ATR72,0,0.4838,6,1,3
5,4,3,HYD,BLR,452,0,6.9,0.23075253699269233,13,64,B777,0,0.1423,3,2,4
10,5,1,GOI,DEL,1853,0,5.7,0.34270496907390824,6,50,A321,0,0.1871,7,1,2
10,4,1,BOM,HYD,664,0,7.0,0.27226491567206423,17,69,ATR72,0,0.2089,0,3,3
9,2,6,DEL,GOI,1913,0,4.8,0.3110841161391751,11,76,A321,0,0.4244,1,7,2
22,3,10,DEL,BLR,1767,0,7.3,0.39026834470791,16,73,B777,0,0.2561,1,2,4
5,5,7,BLR,DEL,1719,2,11.1,0.4185096637069282,19,49,A321,1,1.0,2,1,2
2,0,7,HYD,BLR,489,0,11.3,0.21089767236582418,5,61,ATR72,0,0.3844,3,2,3
9,3,4,BOM,DEL,1181,2,10.9,0.4261263878095473,20,68,A320,1,1.0,0,1,0
15,0,1,BOM,MAA,1018,0,9.9,0.3109033546293995,3,78,B737,0,0.2244,0,5,1
14,3,12,BOM,MAA,1058,2,13.6,0.2972450332331502,10,66,B777,1,0.7189,0,5,4
4,0,10,BOM,MAA,1027,3,3.3,0.3078026958640474,18,54,B737,1,0.8231,0,5,1
4,6,1,CCU,DEL,1271,0,8.8,0.40771945376246627,6,81,ATR72,0,0.3131,4,1,3
10,1,2,BLR,HYD,538,2,13.6,0.21274267022772686,19,31,ATR72,1,0.8551,2,3,3
22,0,8,DEL,CCU,1326,0,2.5,0.4977215254825519,6,42,B737,0,0.3691,1,4,1
7,2,1,DEL,CCU,1331,0,13.6,0.4185725767685482,11,34,B737,1,0.6374,1,4,1
4,5,1,DEL,BLR,1740,2,12.8,0.39900660615107814,21,31,B777,1,0.9796,1,2,4
2,5,9,DEL,AMD,906,3,2.6,0.24003925760658634,21,68,A320,1,0.946,1,6,0
1,6,1,HYD,BOM,627,1,8.4,0.26167504211839004,4,83,A320,0,0.4547,3,0,0
17,4,2,BOM,HYD,583,0,10.2,0.2874894153294868,21,79,A320,1,0.565,0,3,0
23,2,3,CCU,DEL,1350,0,13.2,0.4497445490816595,4,76,B777,0,0.3799,4,1,4
12,1,9,MAA,BOM,1030,2,5.0,0.25504064255497777,18,65,ATR72,1,0.702,5,0,3
6,1,7,BLR,DEL,1734,0,12.0,0.43906293756761733,1,79,ATR72,0,0.4756,2,1,3
23,6,4,DEL,GOI,1908,1,4.0,0.36628543563022825,9,30,ATR72,0,0.4665,1,7,3
12,0,5,BOM,MAA,1032,1,8.2,0.2877507919795912,19,83,ATR72,0,0.5151,0,5,3
17,1,7,PNQ,BOM,165,1,10.1,0.16617184264949336,11,56,B737,1,0.8165,8,0,1
21,4,2,BLR,HYD,515,0,3.8,0.22655972108107214,5,51,A320,0,0.0906,2,3,0
6,3,2,DEL,AMD,865,2,8.3,0.16325954999015052,9,51,B737,1,0.5653,1,6,1
23,6,1,BOM,DEL,1160,0,7.9,0.3958023171085654,7,42,B737,0,0.2783,0,1,1
20,4,4,BOM,BLR,816,0,8.9,0.2393468093583369,9,77,ATR72,0,0.3457,0,2,3
6,0,12,BLR,HYD,504,1,10.7,0.17810712338629087,21,75,B737,1,0.5712,2,3,1
6,4,7,DEL,AMD,938,1,9.3,0.24257277307779887,16,45,B777,1,0.597,1,6,4
12,5,4,GOI,DEL,1877,0,7.3,0.32644291858355506,5,75,A320,0,0.1806,7,1,0
22,2,3,DEL,BLR,1734,0,9.4,0.41953161785959275,20,66,A320,0,0.3678,1,2,0
10,4,11,BOM,PNQ,148,1,13.7,0.10947815891133955,9,34,ATR72,1,0.5638,0,8,3
20,5,7,DEL,AMD,855,1,2.7,0.22489798282938317,9,20,B777,1,0.74,1,6,4
1,1,7,BLR,DEL,1726,0,7.1,0.3818356846033067,1,75,A320,0,0.2527,2,1,0
19,5,1,BOM,DEL,1106,1,4.3,0.39450239420386674,19,24,ATR72,1,0.8078,0,1,3
7,4,3,DEL,GOI,1877,0,1.2,0.3006543656317001,3,36,A321,0,0.3403,1,7,2
18,2,2,BOM,HYD,596,0,14.0,0.2510599535296309,12,31,A321,1,0.5704,0,3,2
4,3,8,BOM,BLR,841,0,11.9,0.24962490385881456,9,55,A321,0,0.3998,0,2,2
1,4,11,BLR,HYD,490,2,8.1,0.13333238190897154,20,58,A321,1,0.6533,2,3,2
4,4,4,PNQ,BOM,142,1,1.5,0.13978807256039577,18,68,A320,0,0.4059,8,0,0
20,0,6,BLR,DEL,1731,1,10.3,0.40608236328524455,21,84,A320,1,0.9124,2,1,0
19,5,9,DEL,AMD,904,0,4.2,0.17187956044208513,8,83,B737,0,0.3688,1,6,1
20,3,8,DEL,BOM,1135,2,11.9,0.32369452697879064,12,34,A321,1,1.0,1,0,2
13,5,6,BOM,DEL,1134,0,4.3,0.3363211326334039,18,35,A320,0,0.4545,0,1,0
11,2,8,HYD,BLR,516,0,11.2,0.14112115624111154,19,50,A321,0,0.4564,3,2,2
0,3,10,BOM,DEL,1152,1,12.4,0.4256892157588524,17,24,B777,1,0.8203,0,1,4
17,3,5,BLR,BOM,814,0,11.6,0.30460224334119135,18,52,B777,1,0.5718,2,0,4
23,5,10,BOM,DEL,1173,1,10.0,0.42101323365436777,2,34,A321,1,0.5884,0,1,2
7,1,1,DEL,BOM,1112,1,5.5,0.35912053951268336,19,65,A320,1,0.5936,1,0,0
16,1,5,PNQ,BOM,135,0,10.5,0.10155199621187219,14,58,ATR72,0,0.3406,8,0,3
13,1,12,BLR,BOM,795,0,9.8,0.26394897782365256,13,27,B737,0,0.4056,2,0,1
1,0,12,BOM,MAA,1015,1,7.5,0.3025426045366598,8,40,A320,0,0.391,0,5,0
3,6,11,MAA,BOM,1055,1,8.3,0.2772134913393395,3,88,A320,0,0.4609,5,0,0
9,3,10,BLR,HYD,547,0,8.6,0.15979995027906432,8,79,B737,0,0.3139,2,3,1
2,0,9,BOM,MAA,977,1,7.3,0.3428256852643154,10,82,B737,0,0.4371,0,5,1
16,5,3,DEL,AMD,894,0,2.6,0.22550955727568844,11,44,B737,0,0.2602,1,6,1
11,2,8,DEL,BLR,1690,0,9.8,0.4011530692083106,21,32,A321,0,0.5305,1,2,2
13,1,10,PNQ,BOM,118,0,1.1,0.17434443160361032,20,44,A321,0,0.2897,8,0,2
22,2,1,DEL,BLR,1706,0,1.4,0.3896239753716769,1,61,A320,0,0.1558,1,2,0
4,1,1,BOM,HYD,631,0,7.2,0.27854055213260615,18,80,B777,0,0.2114,0,3,4
9,0,5,AMD,DEL,906,0,3.6,0.25492167133427174,2,83,ATR72,0,0.252,6,1,3
1,4,7,BLR,DEL,1722,1,9.0,0.4418924806079624,15,57,A320,1,0.6268,2,1,0
17,3,8,PNQ,BOM,121,2,3.0,0.17550057297117633,4,87,A320,1,0.7702,8,0,0
18,1,10,MAA,BOM,1052,1,9.4,0.27417619261307813,16,84,B777,1,0.6597,5,0,4
18,1,2,HYD,BOM,653,0,4.7,0.3133624046967064,21,75,B777,0,0.3753,3,0,4
4,3,10,BOM,HYD,660,0,4.1,0.2064902873513259,17,34,B777,0,0.2526,0,3,4
21,6,1,BOM,BLR,857,2,5.2,0.2867971153960939,3,73,A320,1,0.5647,0,2,0
18,1,2,BOM,BLR,839,1,1.6,0.23566880704697965,20,80,B777,1,0.5443,0,2,4
9,2,1,MAA,BOM,988,0,10.8,0.3356990025448196,3,66,A321,1,0.4843,5,0,2
14,2,1,BOM,MAA,1062,0,7.1,0.3489333659631138,13,53,B737,0,0.1896,0,5,1
11,5,3,HYD,BLR,494,0,2.7,0.1457621095054713,20,43,ATR72,0,0.2783,3,2,3
6,4,11,AMD,DEL,915,3,12.3,0.19266459854656814,20,42,A320,1,1.0,6,1,0
21,1,4,DEL,BOM,1175,2,9.0,0.36202799870305874,10,32,B737,1,0.7148,1,0,1
8,6,11,BOM,DEL,1185,0,4.0,0.4266806738282081,1,34,A321,0,0.4407,0,1,2
4,0,11,AMD,DEL,892,0,3.3,0.26929437180099886,17,77,ATR72,0,0.2077,6,1,3
3,4,2,BLR,HYD,502,0,10.1,0.18034481958121917,2,88,B737,0,0.2721,2,3,1
8,1,1,BOM,HYD,624,1,9.4,0.2659206058827255,17,71,A321,1,0.6564,0,3,2
18,4,4,HYD,BLR,545,1,8.7,0.20908458775558414,10,29,ATR72,1,0.6836,3,2,3
1,3,12,BOM,MAA,1004,0,6.3,0.294421614349778,18,73,A321,0,0.2178,0,5,2
8,3,7,BOM,DEL,1098,1,6.1,0.41692977233294487,18,70,B777,1,0.7168,0,1,4
7,2,12,AMD,DEL,895,0,5.9,0.21929216281731073,20,49,B777,0,0.3377,6,1,4
6,1,7,PNQ,BOM,144,2,5.1,0.18091196381433755,11,49,A320,1,0.6724,8,0,0
21,3,3,HYD,BOM,608,2,7.2,0.3067232629014242,17,39,A320,1,0.6927,3,0,0
7,2,5,BLR,HYD,524,0,10.3,0.1577723524302914,7,32,B737,0,0.4831,2,3,1
12,0,7,PNQ,BOM,129,0,6.0,0.12455599920009966,13,57,B737,0,0.2498,8,0,1
3,0,8,AMD,DEL,880,0,8.3,0.1762629298269847,8,31,B777,0,0.3405,6,1,4
7,2,11,DEL,BLR,1758,0,10.5,0.4094512316398271,11,43,A320,1,0.6338,1,2,0
13,4,6,BOM,HYD,651,1,7.5,0.2656322184403923,12,79,B777,0,0.4563,0,3,4
22,3,7,DEL,CCU,1336,0,8.2,0.4109126283009623,21,84,B737,0,0.4644,1,4,1
6,4,7,BLR,BOM,869,0,6.3,0.2714899173926462,10,62,A320,0,0.2086,2,0,0
23,0,12,DEL,BOM,1121,3,1.3,0.34346628926549677,4,41,A320,1,0.8074,1,0,0
19,6,2,BLR,HYD,518,1,4.0,0.17196730219357348,14,33,A320,1,0.5888,2,3,0
9,3,3,BLR,BOM,801,0,11.7,0.334197671186215,4,51,ATR72,0,0.4837,2,0,3
5,6,12,BOM,BLR,863,2,7.9,0.2405137849480992,11,68,ATR72,1,0.5962,0,2,3
18,1,10,GOI,DEL,1919,1,13.8,0.3056113949051091,13,88,A321,1,0.7222,7,1,2
17,2,11,MAA,BOM,1037,0,12.7,0.30905603583411,21,75,B737,1,0.5736,5,0,1
22,1,4,PNQ,BOM,159,1,12.4,0.12664772343546724,16,32,ATR72,1,0.6707,8,0,3
13,4,9,BOM,DEL,1134,2,9.1,0.40914152573606355,16,58,B737,1,0.8637,0,1,1
23,1,8,PNQ,BOM,127,0,6.8,0.18803103243757502,14,67,A320,0,0.2752,8,0,0
13,0,12,HYD,BOM,648,1,4.0,0.24763346476160558,4,44,B777,0,0.3691,3,0,4
17,5,4,BOM,PNQ,149,2,7.6,0.11601655482618134,9,60,B777,1,0.6964,0,8,4
0,2,11,MAA,BOM,1037,0,6.8,0.3271470442989273,13,71,A320,0,0.1809,5,0,0
3,3,1,AMD,DEL,882,1,13.6,0.25949764881284915,19,75,ATR72,1,0.6038,6,1,3
0,1,10,BOM,BLR,854,0,3.9,0.29894691061233036,1,73,ATR72,0,0.1196,0,2,3
12,0,3,HYD,BOM,587,0,11.9,0.24279534762475732,10,66,A321,0,0.2971,3,0,2
3,2,5,BOM,PNQ,145,2,10.9,0.14810982505948067,20,79,B737,1,0.8092,0,8,1
4,0,11,MAA,BOM,994,1,3.8,0.34659477419489837,20,29,B777,1,0.5886,5,0,4
22,2,7,BOM,MAA,983,0,4.5,0.2754620223440058,12,23,ATR72,0,0.4102,0,5,3
20,4,10,HYD,BLR,461,1,6.9,0.14243853946155058,3,79,B777,0,0.407,3,2,4
19,0,6,DEL,CCU,1338,0,11.9,0.4700220507339803,5,60,A321,1,0.638,1,4,2
20,4,6,BOM,HYD,580,0,9.2,0.21961605098031525,8,62,B777,0,0.4378,0,3,4
0,2,10,HYD,BLR,549,1,1.8,0.18968542988063852,19,79,A321,0,0.3759,3,2,2
0,5,4,AMD,DEL,876,0,9.4,0.2192182287480574,8,22,B777,0,0.3877,6,1,4
13,3,9,BOM,HYD,579,2,2.1,0.24695130514782743,4,67,A321,1,0.5988,0,3,2
18,1,11,BLR,DEL,1705,0,4.9,0.41062848151837883,8,22,B777,0,0.4643,2,1,4
11,4,3,BOM,PNQ,109,1,9.8,0.11204583943697408,15,71,A321,0,0.4448,0,8,2
14,1,9,DEL,AMD,854,0,2.3,0.19885758664646408,9,64,ATR72,0,0.1795,1,6,3
19,0,2,DEL,BLR,1731,0,7.0,0.37470473473601495,3,41,A321,0,0.3699,1,2,2
14,1,7,BOM,MAA,1047,1,8.8,0.2755190789506106,17,55,B777,1,0.6102,0,5,4
10,2,3,MAA,BOM,1014,2,13.5,0.2504393351659995,3,84,A320,1,0.7002,5,0,0
21,2,1,PNQ,BOM,90,1,9.7,0.12528314832468035,13,31,B737,1,0.5201,8,0,1
12,0,5,DEL,GOI,1907,1,13.0,0.3512391573756102,3,20,A321,1,0.6905,1,7,2
5,0,12,MAA,BOM,998,0,5.3,0.25514620276842503,15,58,A320,0,0.1521,5,0,0
8,3,2,BOM,BLR,797,0,13.5,0.3117451776582188,14,45,A320,0,0.5247,0,2,0
0,3,11,BOM,BLR,871,2,7.5,0.2628573600215378,7,64,B777,1,0.5051,0,2,4
17,2,8,BOM,DEL,1128,2,3.4,0.4277172891814941,11,88,B777,1,0.8711,0,1,4
20,0,2,BOM,HYD,615,0,10.7,0.23407003873126508,15,61,B737,1,0.4936,0,3,1
12,5,6,BOM,PNQ,126,2,6.1,0.10293467981755292,11,79,A320,1,0.6912,0,8,0
12,4,7,BOM,BLR,821,1,1.7,0.2613412277217129,13,88,A321,0,0.4545,0,2,2
10,6,6,MAA,BOM,1026,0,7.9,0.32633402314750226,15,83,B737,0,0.3305,5,0,1
7,0,4,BOM,DEL,1134,1,7.1,0.4045025730959092,20,75,A321,1,0.6118,0,1,2
19,4,3,GOI,DEL,1928,1,11.8,0.370119098464883,4,24,A321,1,0.848,7,1,2
6,6,9,BLR,BOM,823,1,11.0,0.2775242687250396,15,29,A321,1,0.861,2,0,2
11,0,7,BLR,DEL,1767,2,11.9,0.37398372154452897,19,48,B777,1,0.9496,2,1,4
21,4,12,HYD,BLR,470,2,1.6,0.17073047922908008,16,52,A320,1,0.5683,3,2,0
10,2,4,BOM,BLR,857,0,8.7,0.2959252802121008,6,29,B777,0,0.3684,0,2,4
4,6,8,PNQ,BOM,123,0,13.4,0.18467723275725628,20,35,A320,1,0.6439,8,0,0
1,1,11,BLR,BOM,889,0,11.1,0.2967833911417095,11,88,B737,0,0.3687,2,0,1
16,1,4,AMD,DEL,903,1,10.4,0.1824520711460188,14,62,A320,1,0.523,6,1,0
3,1,12,BOM,MAA,1007,0,2.0,0.3537189181934357,21,21,B777,0,0.3915,0,5,4
21,1,6,DEL,BLR,1785,2,7.1,0.4241359992132839,15,87,A320,1,0.7197,1,2,0
9,6,11,BOM,DEL,1098,0,13.3,0.3475405031846696,1,29,B777,1,0.689,0,1,4
3,2,7,BOM,PNQ,81,0,13.8,0.19293140380193213,5,26,A320,1,0.5772,0,8,0
4,5,9,DEL,CCU,1306,0,9.8,0.4223367994780904,7,74,A321,0,0.4189,1,4,2
16,0,9,BOM,PNQ,83,2,8.3,0.1353888039093908,9,53,B737,1,0.7042,0,8,1
14,2,12,GOI,DEL,1884,0,7.7,0.31425000025842964,12,63,ATR72,0,0.1757,7,1,3
15,0,4,HYD,BLR,458,1,4.3,0.18128945508668015,7,85,B737,0,0.2725,3,2,1
14,3,11,BOM,BLR,868,1,11.1,0.2828091528028033,20,41,B737,1,0.6831,0,2,1
12,3,12,DEL,BOM,1112,0,10.9,0.3943548102208103,20,23,A321,1,0.6077,1,0,2
8,2,3,BOM,PNQ,82,0,2.1,0.1577104202763307,9,88,ATR72,0,0.2631,0,8,3
0,3,8,DEL,BOM,1171,0,1.2,0.37393850479271057,16,79,A321,0,0.3496,1,0,2
2,3,4,DEL,CCU,1270,0,2.3,0.40249884562302474,1,74,B777,0,0.161,1,4,4
23,6,1,BLR,BOM,893,0,10.3,0.2721095420352971,8,34,B777,0,0.4288,2,0,4
0,0,3,BLR,BOM,802,0,3.6,0.31188795250694396,6,74,A320,0,0.1248,2,0,0
14,3,10,DEL,CCU,1332,0,9.3,0.42342807858104525,8,79,ATR72,0,0.2694,1,4,3
20,5,11,AMD,DEL,902,2,4.5,0.22678741582552175,18,86,B777,1,0.7907,6,1,4
19,0,12,BLR,HYD,535,0,5.4,0.19580548589234462,20,32,ATR72,0,0.3983,2,3,3
21,1,8,GOI,DEL,1945,1,9.4,0.37623767573191763,19,53,ATR72,1,0.6505,7,1,3
14,1,7,MAA,BOM,1050,2,2.9,0.27543383578468583,19,33,B737,1,0.7802,5,0,1
17,2,1,AMD,DEL,887,0,1.0,0.2671861362794665,6,56,A320,0,0.2569,6,1,0
6,2,6,DEL,BOM,1101,2,8.9,0.32658065757407506,9,29,B737,1,0.8806,1,0,1
3,0,8,HYD,BLR,507,0,11.1,0.22515237693310705,6,33,ATR72,0,0.4601,3,2,3
19,2,4,HYD,BOM,577,0,9.2,0.2926702022171217,5,63,A321,0,0.3671,3,0,2
5,2,6,BOM,PNQ,156,1,1.9,0.10667614822799001,18,48,A321,0,0.4927,0,8,2
5,0,8,BLR,HYD,501,1,9.8,0.22678335570701197,7,74,A321,0,0.4907,2,3,2
11,0,12,MAA,BOM,1014,0,4.0,0.28589312842569287,15,21,B777,0,0.3144,5,0,4
5,1,8,BOM,PNQ,95,0,1.1,0.1531239746101093,1,85,A321,0,0.2112,0,8,2
3,2,8,BOM,DEL,1152,0,9.1,0.34804283360052396,7,73,A321,0,0.3392,0,1,2
4,1,4,BOM,HYD,580,0,9.3,0.23930804484439505,15,77,ATR72,0,0.2457,0,3,3
4,1,11,HYD,BLR,546,2,5.3,0.22137717310566662,12,21,A321,1,0.6886,3,2,2
14,4,11,DEL,BLR,1740,0,12.3,0.4041629318476188,13,40,A321,0,0.4817,1,2,2
5,2,9,BOM,HYD,616,0,2.9,0.2880316327586616,6,56,A320,0,0.2152,0,3,0
22,0,3,HYD,BOM,637,2,7.4,0.2243431647011007,8,60,ATR72,0,0.4897,3,0,3
14,2,3,PNQ,BOM,142,0,5.5,0.16462063251053902,15,48,ATR72,0,0.1658,8,0,3
4,3,2,BLR,HYD,508,2,12.3,0.18465874231140492,15,85,ATR72,1,0.7239,2,3,3
10,4,6,HYD,BOM,663,3,4.0,0.2822547928325811,15,28,B737,1,1.0,3,0,1
18,1,8,DEL,CCU,1312,2,3.7,0.4251436041771456,1,60,ATR72,1,0.8201,1,4,3
0,3,1,BOM,BLR,885,0,3.9,0.31441285299444793,16,49,ATR72,0,0.2258,0,2,3
3,2,6,CCU,DEL,1340,1,7.8,0.3819089445709723,7,57,A320,0,0.4528,4,1,0
18,2,12,BLR,HYD,513,0,10.1,0.146146800694475,18,38,B777,1,0.5785,2,3,4
1,2,11,BLR,HYD,451,1,12.8,0.14248039830468331,17,58,B737,1,0.557,2,3,1
7,3,11,GOI,DEL,1888,2,8.3,0.3006644246940915,20,66,B777,1,0.8703,7,1,4
1,3,2,AMD,DEL,850,3,2.9,0.26800879769879665,9,68,ATR72,1,0.7072,6,1,3
22,2,8,BLR,HYD,466,1,1.0,0.1800769261269786,2,39,ATR72,0,0.442,2,3,3
16,0,2,DEL,CCU,1307,0,8.5,0.41862748049158854,16,66,B777,0,0.3675,1,4,4
7,0,4,DEL,CCU,1280,0,13.4,0.48135526897143455,16,45,A320,1,0.6425,1,4,0
17,1,12,BOM,MAA,980,2,5.7,0.2815508338423339,17,51,A321,1,0.7626,0,5,2
4,0,5,BLR,HYD,527,3,3.2,0.13694394011667893,11,87,ATR72,1,0.7048,2,3,3
16,3,6,GOI,DEL,1920,1,13.5,0.29851998413290226,2,65,B777,1,0.6194,7,1,4
20,5,10,DEL,GOI,1944,0,7.2,0.36608591859562883,1,79,B777,0,0.3464,1,7,4
1,3,1,DEL,AMD,897,3,2.5,0.21083795955702486,11,85,ATR72,1,0.7343,1,6,3
11,5,2,PNQ,BOM,84,0,12.6,0.12643975554130463,6,39,ATR72,0,0.4206,8,0,3
7,2,2,DEL,BLR,1767,1,7.7,0.43753698860870704,10,50,ATR72,0,0.525,1,2,3
23,4,8,DEL,GOI,1853,0,10.4,0.3084751723102651,20,60,A320,1,0.5234,1,7,0
22,4,6,BOM,BLR,889,0,5.9,0.23122141698631837,11,34,ATR72,0,0.3125,0,2,3
0,3,12,DEL,BOM,1123,0,2.8,0.34048680349661525,2,85,B737,0,0.1362,1,0,1
9,5,10,BOM,DEL,1182,0,11.1,0.3814533121092843,4,50,B737,1,0.5526,0,1,1
12,6,12,BOM,MAA,1028,3,2.6,0.36027242052240016,15,80,B737,1,0.8441,0,5,1
7,1,8,DEL,GOI,1901,0,2.4,0.38038279616662696,5,67,A320,0,0.4022,1,7,0
19,3,8,MAA,BOM,1030,1,11.4,0.2966207285988888,3,86,B737,1,0.7686,5,0,1
19,3,8,BOM,HYD,659,0,3.2,0.2082041937769919,21,50,ATR72,0,0.4333,0,3,3
4,1,11,MAA,BOM,1034,1,1.9,0.2896732166500179,19,35,A320,0,0.4859,5,0,0
1,2,11,PNQ,BOM,128,0,13.9,0.1654093929488935,9,81,A321,0,0.3162,8,0,2
11,5,10,BLR,HYD,496,1,7.1,0.21929391994383793,21,73,B737,0,0.4377,2,3,1
13,2,9,BOM,HYD,607,0,8.3,0.2971702665456467,1,26,B777,0,0.4689,0,3,4
0,1,4,CCU,DEL,1325,1,10.5,0.3893998684337583,4,89,ATR72,1,0.5558,4,1,3
10,0,12,DEL,BLR,1758,3,11.3,0.43315446796719737,11,40,B737,1,1.0,1,2,1
17,4,12,DEL,BLR,1729,0,2.0,0.41205603570187516,7,37,ATR72,0,0.3848,1,2,3
4,3,9,BOM,HYD,592,1,11.4,0.2886453194355684,8,70,A321,1,0.6155,0,3,2
16,1,12,DEL,AMD,921,1,9.5,0.18333269283364187,15,61,A320,0,0.4233,1,6,0
13,5,12,BOM,MAA,990,0,4.1,0.3479866765501249,18,76,ATR72,0,0.2892,0,5,3
16,6,1,HYD,BOM,667,0,3.1,0.2591536272242988,10,53,B777,0,0.1537,3,0,4
9,2,8,BOM,DEL,1153,0,6.5,0.36674271524270163,1,64,A320,0,0.3967,0,1,0
19,0,4,BLR,HYD,451,0,5.5,0.16040072542106262,20,33,B737,0,0.3842,2,3,1
14,3,5,DEL,BLR,1724,0,10.6,0.4184922677255748,6,67,B737,0,0.3674,1,2,1
18,5,8,CCU,DEL,1272,1,11.5,0.4315844188662131,3,86,B777,1,0.8726,4,1,4
2,4,2,BLR,DEL,1775,0,7.5,0.3669282116916669,19,65,B777,0,0.2468,2,1,4
8,3,5,DEL,GOI,1884,2,7.8,0.3621003181524166,9,22,B777,1,0.8448,1,7,4
17,5,8,DEL,AMD,841,0,6.1,0.18579324973803232,6,66,ATR72,0,0.3743,1,6,3
6,0,8,BOM,BLR,894,0,12.1,0.27674458986649036,14,83,A321,0,0.4607,0,2,2
23,0,11,HYD,BLR,466,0,12.0,0.1769479522053331,11,64,A321,0,0.3208,3,2,2
10,5,11,DEL,CCU,1333,1,12.1,0.4487802495629989,20,80,A320,1,0.7295,1,4,0
3,5,5,BLR,BOM,888,0,1.3,0.31071845721618513,2,83,ATR72,0,0.1743,2,0,3
21,5,3,DEL,CCU,1295,2,2.3,0.48589273713587994,7,49,B737,1,0.6444,1,4,1
5,2,12,DEL,BLR,1704,1,6.4,0.42631383033187886,3,45,A320,0,0.3705,1,2,0
12,3,3,BOM,HYD,630,0,6.9,0.25961841475796493,17,60,A320,0,0.2038,0,3,0
16,6,4,HYD,BOM,667,3,6.5,0.24126281421692394,1,41,ATR72,1,0.8165,3,0,3
19,6,7,GOI,DEL,1946,2,12.1,0.28077342290474194,19,65,ATR72,1,1.0,7,1,3
14,5,1,AMD,DEL,920,0,7.0,0.2690094979055557,4,75,A320,0,0.1576,6,1,0
21,6,6,BOM,DEL,1158,1,12.9,0.42759874845428364,14,80,B777,1,0.771,0,1,4
17,4,5,CCU,DEL,1293,2,4.7,0.4486487805744528,18,74,ATR72,1,0.8295,4,1,3
22,6,1,BOM,PNQ,156,3,6.2,0.18142789696696926,10,79,B777,1,0.7726,0,8,4
3,5,9,DEL,BOM,1166,1,12.3,0.3609478578124084,20,48,A321,1,0.7944,1,0,2
2,6,3,DEL,BLR,1741,1,10.3,0.43869473485117944,19,66,B737,1,0.7255,1,2,1
15,4,1,DEL,GOI,1926,1,9.1,0.3349355168585542,10,68,B737,0,0.434,1,7,1
9,4,2,GOI,DEL,1858,1,2.4,0.2802389855124011,7,59,A320,1,0.4621,7,1,0
5,2,6,AMD,DEL,910,0,4.2,0.18242123705116922,21,88,B777,0,0.273,6,1,4
21,1,1,BOM,MAA,1029,0,4.6,0.3509170738896494,3,65,B737,0,0.1404,0,5,1
18,2,8,CCU,DEL,1286,0,11.9,0.40340666197486086,6,80,B737,1,0.6114,4,1,1
22,6,11,HYD,BOM,590,0,3.7,0.23561808878391952,15,80,B777,0,0.1942,3,0,4
2,1,10,BOM,BLR,846,1,11.1,0.272368297409195,2,82,A320,1,0.5089,0,2,0
19,1,11,DEL,BOM,1150,0,8.7,0.34290940616542415,4,57,A320,0,0.3872,1,0,0
12,3,9,HYD,BOM,669,1,3.6,0.2915824189263839,18,72,B737,1,0.5166,3,0,1
14,2,7,BOM,MAA,970,0,13.4,0.284322927608927,6,52,B777,0,0.4137,0,5,4
7,2,11,BOM,PNQ,119,2,5.7,0.1998373701199085,8,85,B777,1,0.6799,0,8,4
5,3,9,CCU,DEL,1346,0,5.9,0.4735241631396374,5,38,B737,0,0.3594,4,1,1
18,0,2,BOM,HYD,655,1,6.7,0.24382865667181855,17,55,ATR72,1,0.5475,0,3,3
8,2,8,BLR,DEL,1736,0,1.2,0.42529719982998465,7,24,ATR72,1,0.5701,2,1,3
2,0,5,MAA,BOM,1032,0,1.2,0.2632709359427464,2,86,A320,0,0.1053,5,0,0
3,2,7,DEL,CCU,1261,3,11.5,0.4940910931845909,21,25,ATR72,1,1.0,1,4,3
8,0,5,PNQ,BOM,142,0,8.2,0.14792877613941408,4,75,A321,0,0.3592,8,0,2
5,6,3,AMD,DEL,935,3,4.4,0.20081415452314216,5,40,B737,1,0.8003,6,1,1
18,2,3,PNQ,BOM,158,0,8.2,0.1541442880973205,4,60,B777,0,0.3617,8,0,4
3,4,1,BOM,HYD,633,1,3.0,0.25276534260963984,9,43,B777,0,0.3711,0,3,4
10,0,1,DEL,BOM,1192,0,13.7,0.3647738330026397,15,46,A321,0,0.3959,1,0,2
4,5,6,DEL,BLR,1754,0,11.5,0.3889603383967372,17,53,ATR72,1,0.6056,1,2,3
8,3,3,DEL,BOM,1133,0,11.1,0.3485832453261019,20,58,A321,1,0.5894,1,0,2
12,3,6,HYD,BOM,618,0,8.3,0.22728910357735765,3,84,B777,0,0.2909,3,0,4
2,4,2,CCU,DEL,1324,3,11.5,0.44151487507650417,6,22,B777,1,1.0,4,1,4
1,6,5,PNQ,BOM,94,3,1.1,0.1788246435024149,18,86,ATR72,1,0.8715,8,0,3
6,0,4,BOM,BLR,849,0,9.9,0.27761957746084204,9,61,B737,0,0.211,0,2,1
9,1,1,HYD,BLR,549,2,12.2,0.21635489880492437,19,62,B737,1,0.9365,3,2,1
1,3,7,BOM,HYD,623,0,7.3,0.25722441842651256,16,60,ATR72,0,0.3029,0,3,3
11,1,5,BOM,DEL,1172,0,6.8,0.3847920507271665,4,50,B737,0,0.1539,0,1,1
17,2,3,MAA,BOM,1020,2,12.2,0.2924381285646496,13,54,B777,1,0.917,5,0,4
9,3,10,BOM,BLR,822,0,4.1,0.30069849658743797,4,42,ATR72,0,0.3403,0,2,3
12,0,5,BLR,HYD,473,0,11.9,0.14884466068210095,6,75,A321,0,0.2595,2,3,2
4,0,5,CCU,DEL,1291,2,2.6,0.44738552145504157,10,89,B737,1,0.579,4,1,1
11,6,4,BOM,BLR,883,2,12.1,0.26029235372638976,14,86,ATR72,1,0.8041,0,2,3
5,0,1,BOM,BLR,806,0,5.9,0.31972846103153557,13,50,A320,0,0.1779,0,2,0
21,1,9,HYD,BOM,649,2,10.7,0.257294405182775,18,59,B737,1,0.9029,3,0,1
12,0,4,BOM,MAA,1053,1,2.9,0.29243849839162417,12,72,B777,0,0.367,0,5,4
9,6,9,BOM,MAA,982,2,12.9,0.29009019048803286,10,24,ATR72,1,1.0,0,5,3
18,1,2,BOM,DEL,1175,1,10.7,0.3349977938055312,15,42,B737,1,0.804,0,1,1
5,6,6,MAA,BOM,981,3,7.0,0.2543476559746407,7,54,B737,1,0.8517,5,0,1
17,6,9,BOM,BLR,828,0,9.0,0.302551243079296,20,63,B737,1,0.621,0,2,1
12,0,9,HYD,BOM,626,0,3.7,0.23035908104674957,5,25,B777,0,0.3421,3,0,4
6,1,7,HYD,BOM,669,3,3.6,0.2547724263845103,10,67,B737,1,0.8019,3,0,1
5,6,8,BOM,DEL,1133,0,9.5,0.3795370582727352,14,81,B737,0,0.4518,0,1,1
5,0,4,BLR,HYD,494,2,10.9,0.14542693987926467,4,59,A321,1,0.6582,2,3,2
1,3,2,BLR,DEL,1720,0,13.4,0.3628368592305814,3,57,B737,0,0.3451,2,1,1
7,3,5,BLR,DEL,1783,0,12.2,0.4382587511973244,4,58,ATR72,1,0.5253,2,1,3
5,3,4,DEL,AMD,860,0,12.8,0.17362781186717513,12,61,B777,0,0.3195,1,6,4
8,0,4,MAA,BOM,1007,1,11.8,0.2853981159863815,7,80,B777,1,0.6642,5,0,4
1,1,7,AMD,DEL,872,2,12.6,0.17657431914718874,21,33,B737,1,0.9406,6,1,1
21,1,5,DEL,BLR,1763,2,13.3,0.46339272822491795,12,60,B737,1,0.8354,1,2,1
19,1,10,HYD,BLR,458,2,3.8,0.18154604551358566,1,74,A320,1,0.6226,3,2,0
21,5,5,HYD,BLR,450,0,2.3,0.22066053862795126,10,36,A320,0,0.2083,3,2,0
17,0,1,PNQ,BOM,88,0,12.1,0.12907081721737093,12,57,ATR72,0,0.5016,8,0,3
0,6,4,HYD,BLR,451,1,5.1,0.2102206454285757,8,80,ATR72,0,0.3341,3,2,3
12,0,1,BOM,DEL,1118,1,12.0,0.3653813309453157,13,59,A320,1,0.5962,0,1,0
15,6,6,BOM,BLR,869,2,9.0,0.29299314308089763,19,25,B737,1,1.0,0,2,1
10,1,6,PNQ,BOM,138,2,11.1,0.14390399039080626,2,31,B737,1,0.8776,8,0,1
0,4,11,BOM,BLR,853,1,7.7,0.3248603695200845,19,44,A321,1,0.4999,0,2,2
6,0,11,DEL,BLR,1692,2,6.4,0.4689124760361705,7,76,B777,1,0.5876,1,2,4
21,2,11,MAA,BOM,982,1,3.4,0.30314442406835074,6,36,A321,0,0.3913,5,0,2
19,0,9,BLR,HYD,493,1,4.1,0.15431461122297288,12,67,A320,1,0.5617,2,3,0
9,2,11,CCU,DEL,1282,2,13.2,0.43109869511725146,4,29,ATR72,1,1.0,4,1,3
22,2,2,BOM,BLR,802,3,13.6,0.3086909151775725,14,71,A321,1,0.9735,0,2,2
18,2,1,GOI,DEL,1852,0,2.8,0.35721130037055165,4,62,ATR72,0,0.2929,7,1,3
18,6,8,MAA,BOM,991,1,3.6,0.263166569987997,1,66,A321,1,0.6053,5,0,2
16,6,11,DEL,GOI,1885,0,7.7,0.3755776555437841,20,46,ATR72,0,0.3002,1,7,3
13,0,4,BOM,PNQ,94,0,3.2,0.1749639954655699,4,34,A321,0,0.19,0,8,2
18,4,1,BOM,DEL,1180,1,9.0,0.3645722567870902,8,50,B777,1,0.5958,0,1,4
23,5,2,DEL,GOI,1903,3,5.8,0.328478737865805,10,87,B777,1,0.7814,1,7,4
17,5,5,HYD,BOM,641,1,9.3,0.2471015274820876,14,77,ATR72,1,0.6488,3,0,3
5,3,5,PNQ,BOM,152,0,4.4,0.15217467839496046,14,25,B777,0,0.3109,8,0,4
21,5,7,GOI,DEL,1948,2,2.8,0.37218684408748404,9,67,B777,1,0.6989,7,1,4
19,0,4,DEL,AMD,921,0,13.2,0.23198330548418786,14,25,B777,1,0.6428,1,6,4
16,0,10,DEL,BOM,1181,1,6.9,0.31806908939543815,15,79,A321,0,0.3772,1,0,2
10,6,3,CCU,DEL,1281,1,6.6,0.47154036403672805,5,82,ATR72,0,0.4386,4,1,3
21,0,2,HYD,BLR,526,2,10.2,0.15738256524939673,3,56,A321,1,0.663,3,2,2
2,1,4,BLR,BOM,854,0,9.7,0.2663050568703783,8,20,B777,0,0.3565,2,0,4
3,1,1,DEL,CCU,1263,0,4.3,0.4566276497156565,15,78,ATR72,0,0.2327,1,4,3
1,3,4,DEL,BOM,1120,0,9.6,0.325634744204032,17,43,ATR72,0,0.4003,1,0,3
12,5,11,DEL,BOM,1105,1,13.6,0.36505600468048016,5,61,B737,1,0.596,1,0,1
20,4,12,PNQ,BOM,117,0,12.9,0.162657347691852,5,23,A321,1,0.6151,8,0,2
18,1,8,DEL,BLR,1766,0,2.2,0.4066662615278607,11,28,A321,1,0.6127,1,2,2
22,4,6,BLR,DEL,1726,1,9.6,0.44851206131212096,3,67,ATR72,1,0.5794,2,1,3
12,3,7,CCU,DEL,1284,2,11.5,0.4269210850273952,9,45,ATR72,1,0.8708,4,1,3
13,1,6,BLR,BOM,867,0,4.1,0.3350228218695499,2,42,A321,0,0.304,2,0,2
23,5,6,DEL,CCU,1270,0,2.2,0.44852058385053295,21,21,A320,1,0.5794,1,4,0
7,4,9,DEL,CCU,1307,0,6.2,0.42530807304026014,5,35,ATR72,0,0.4901,1,4,3
20,4,4,PNQ,BOM,168,1,14.0,0.16175816854774971,12,30,B737,1,0.7847,8,0,1
22,0,6,BLR,DEL,1719,0,3.6,0.3655786257997606,18,72,ATR72,0,0.3462,2,1,3
4,2,4,DEL,CCU,1315,0,4.9,0.4396612356499175,20,50,ATR72,0,0.2759,1,4,3
1,6,7,BLR,HYD,476,0,4.1,0.2247771436765194,3,43,A320,0,0.3099,2,3,0
6,2,8,DEL,BLR,1697,0,7.4,0.41224304086367103,10,86,A320,0,0.2649,1,2,0
0,3,12,BOM,BLR,878,0,1.0,0.2959904606910917,15,74,B737,0,0.1684,0,2,1
17,2,1,AMD,DEL,855,0,4.6,0.19494402790994572,15,65,ATR72,0,0.278,6,1,3
23,3,12,DEL,CCU,1274,1,9.7,0.40645149284198234,18,85,B777,1,0.5626,1,4,4
5,2,8,BOM,MAA,1062,1,4.7,0.3145522374814742,13,89,ATR72,0,0.4758,0,5,3
7,0,4,HYD,BLR,540,0,9.8,0.22460949629166654,17,33,A320,0,0.5098,3,2,0
7,4,9,HYD,BOM,634,1,11.8,0.3098202987033311,5,83,A320,1,0.7739,3,0,0
5,6,6,DEL,CCU,1341,2,7.7,0.4453483110392464,20,22,A320,1,0.9781,1,4,0
13,1,1,PNQ,BOM,81,1,12.2,0.18997542223869213,9,31,A320,1,0.596,8,0,0
12,4,7,DEL,CCU,1266,1,5.6,0.4255734295130424,2,31,ATR72,1,0.5402,1,4,3
16,5,5,BOM,BLR,857,0,7.5,0.26614041491722457,20,86,A320,0,0.2565,0,2,0
12,1,10,PNQ,BOM,154,0,10.6,0.1339730337618579,14,50,A320,0,0.3536,8,0,0
6,3,12,BLR,HYD,483,0,5.7,0.17383216013219469,7,25,ATR72,0,0.2195,2,3,3
1,2,2,BLR,DEL,1718,0,7.3,0.42599232961086597,13,35,B737,0,0.2904,2,1,1
17,3,1,HYD,BOM,634,0,13.2,0.2961759130270185,11,44,A321,1,0.5885,3,0,2
13,1,8,DEL,BOM,1122,2,7.5,0.389684070907052,10,29,B737,1,0.8059,1,0,1
5,5,9,BLR,DEL,1722,1,1.8,0.4019316575430904,15,54,B737,1,0.5608,2,1,1
18,1,8,BOM,PNQ,168,1,5.5,0.19259332797798387,4,73,ATR72,1,0.577,0,8,3
17,0,5,HYD,BOM,607,1,6.5,0.3045992635226795,2,76,A320,0,0.4718,3,0,0
21,0,4,BOM,PNQ,122,1,3.4,0.1958862988540666,19,85,A320,0,0.4284,0,8,0
5,5,2,DEL,AMD,879,0,10.9,0.21614940778960065,7,31,A320,0,0.4065,1,6,0
19,4,2,DEL,BOM,1112,2,5.3,0.3488933012317568,7,83,ATR72,1,0.6896,1,0,3
14,1,7,CCU,DEL,1309,0,4.5,0.42455013597501007,21,40,B737,0,0.4398,4,1,1
5,6,8,CCU,DEL,1306,2,9.6,0.40460586380210184,18,56,A321,1,0.9118,4,1,2
3,4,4,BOM,DEL,1115,2,13.0,0.33238371210312867,11,31,ATR72,1,0.853,0,1,3
5,4,5,PNQ,BOM,128,0,4.1,0.14823963287007602,14,77,B777,0,0.1593,8,0,4
19,5,4,PNQ,BOM,149,1,9.2,0.1481447238885263,20,51,B737,1,0.7093,8,0,1
15,3,3,DEL,BOM,1156,1,4.0,0.3322789371806093,1,67,B777,0,0.3329,1,0,4
9,4,4,BOM,DEL,1104,0,10.0,0.39544203071673667,12,63,A320,0,0.4582,0,1,0
7,1,4,BOM,BLR,849,0,5.5,0.31218257931583665,10,35,ATR72,0,0.3449,0,2,3
10,0,5,HYD,BOM,612,0,6.9,0.30405480824141645,1,23,A320,0,0.2716,3,0,0
7,2,8,DEL,BLR,1784,1,8.8,0.4513363616924717,13,82,B777,1,0.7805,1,2,4
12,6,12,MAA,BOM,1046,0,1.8,0.33221643637435977,9,49,A320,0,0.1829,5,0,0
9,3,3,DEL,AMD,903,0,2.0,0.21013742628619098,11,82,B777,0,0.2841,1,6,4
5,5,11,BOM,MAA,1039,0,6.5,0.32194872026268234,19,43,B777,0,0.3488,0,5,4
15,4,5,BOM,HYD,616,1,13.6,0.28110456056730104,17,59,B777,1,0.6124,0,3,4
9,6,9,AMD,DEL,933,0,5.6,0.25220100030815845,14,49,ATR72,0,0.4509,6,1,3
22,0,4,BLR,BOM,864,0,2.5,0.3038813209576138,1,56,B737,0,0.1216,2,0,1
14,6,4,DEL,GOI,1921,0,12.3,0.36198072261927505,6,50,A321,0,0.3948,1,7,2
0,4,10,PNQ,BOM,130,0,10.6,0.1412319294758522,14,61,A320,0,0.3565,8,0,0
14,6,2,HYD,BOM,661,1,5.3,0.31712533832832557,14,74,A320,0,0.4269,3,0,0
1,3,7,BOM,HYD,653,0,1.4,0.2786909686662393,3,32,B737,0,0.2815,0,3,1
12,0,2,BLR,DEL,1771,0,9.2,0.37415641882602935,12,61,ATR72,0,0.2997,2,1,3
15,5,4,DEL,AMD,872,1,5.7,0.1813690212817094,1,61,ATR72,0,0.3225,1,6,3
11,6,11,GOI,DEL,1946,2,1.3,0.2913761381576231,17,40,ATR72,1,0.7366,7,1,3
12,3,1,BOM,DEL,1175,0,8.3,0.35930324501156624,4,86,B737,0,0.2437,0,1,1
1,5,2,AMD,DEL,863,1,10.6,0.25503228662274624,15,27,B777,1,0.752,6,1,4
2,1,1,CCU,DEL,1345,0,1.1,0.44508263249835556,7,41,A321,0,0.248,4,1,2
0,2,9,BOM,MAA,1030,0,7.4,0.3481290417557769,14,28,B777,0,0.4393,0,5,4
1,6,1,CCU,DEL,1276,1,1.6,0.4727797122565438,10,34,A320,0,0.5091,4,1,0
13,0,8,BOM,HYD,610,0,7.5,0.26943956043154904,5,21,B737,0,0.3578,0,3,1
3,3,10,BOM,DEL,1155,2,5.2,0.4056034788233819,12,61,A320,1,0.6122,0,1,0
15,4,7,AMD,DEL,852,0,4.0,0.2678883061604086,17,87,ATR72,0,0.3072,6,1,3
3,6,9,DEL,BOM,1179,1,5.2,0.3981163882437141,18,71,A320,1,0.6092,1,0,0
19,5,4,PNQ,BOM,97,2,12.6,0.18568461472103487,11,81,B737,1,0.9743,8,0,1
15,5,9,BOM,DEL,1104,0,6.1,0.3492369494434819,14,57,ATR72,0,0.3397,0,1,3
4,4,2,BOM,PNQ,113,0,5.3,0.15422749532981894,15,21,A321,0,0.3117,0,8,2
20,4,1,BOM,PNQ,97,1,13.6,0.13364937421855055,14,21,A321,1,0.8535,0,8,2
19,0,8,BLR,BOM,812,0,13.8,0.2692944575619722,17,20,B737,1,0.8077,2,0,1
7,6,4,BLR,BOM,887,0,3.3,0.30438765337520873,10,80,A320,0,0.3218,2,0,0
11,4,1,BOM,PNQ,135,0,2.1,0.19927601991814559,9,70,B777,0,0.1297,0,8,4
20,6,5,BOM,DEL,1164,1,4.9,0.3945134296441104,13,81,B737,1,0.6078,0,1,1
8,0,6,BOM,BLR,814,1,2.6,0.2865924150470838,15,34,A320,1,0.6846,0,2,0
12,5,4,BLR,BOM,810,1,7.8,0.30481303128791815,7,66,A321,0,0.3719,2,0,2
5,4,7,BOM,DEL,1129,1,5.8,0.37111463445961007,7,51,B777,0,0.4484,0,1,4
16,5,9,BLR,BOM,876,0,2.0,0.31301856384047344,1,52,A320,0,0.2752,2,0,0
20,1,6,DEL,GOI,1888,1,7.4,0.3300482111791617,7,25,A320,1,0.732,1,7,0
8,3,9,GOI,DEL,1916,0,9.1,0.3324521751982045,4,27,B737,1,0.633,7,1,1
23,6,5,BOM,BLR,808,2,13.6,0.2769960754593262,21,70,B737,1,0.8608,0,2,1
10,6,10,BOM,HYD,592,1,8.5,0.250840924623955,10,63,A320,0,0.4503,0,3,0
6,4,7,HYD,BOM,598,1,5.1,0.28380460616974457,19,51,B777,0,0.5135,3,0,4
18,4,11,DEL,BOM,1157,1,13.4,0.3682696894308455,3,36,B777,1,0.7673,1,0,4
19,6,11,BLR,DEL,1731,2,12.4,0.4302032180345895,3,75,B777,1,0.9721,2,1,4
5,4,12,DEL,BLR,1690,1,12.2,0.39228746771339307,2,78,A321,1,0.5569,1,2,2
21,6,3,MAA,BOM,1064,1,11.9,0.2920709495336245,1,20,B777,1,0.7168,5,0,4
16,3,1,DEL,GOI,1939,0,9.6,0.30427293792516064,11,49,B737,0,0.2717,1,7,1
20,2,11,DEL,BLR,1734,3,7.5,0.4685138853869554,11,84,A321,1,0.9874,1,2,2
6,2,2,MAA,BOM,1039,3,9.9,0.27438862067246905,16,63,A321,1,0.9098,5,0,2
22,2,3,MAA,BOM,1014,1,2.2,0.2713431003931665,21,68,ATR72,0,0.4085,5,0,3
23,1,6,HYD,BOM,635,0,6.5,0.27565613402452577,8,20,B777,0,0.3603,3,0,4
8,6,3,BLR,BOM,887,1,8.0,0.32742082260421057,8,52,B737,1,0.531,2,0,1
8,6,9,BLR,HYD,462,0,4.1,0.14931978024156722,19,68,ATR72,0,0.4597,2,3,3
13,3,9,BLR,DEL,1734,2,8.6,0.38566415987729874,9,22,A320,1,0.9043,2,1,0
4,6,1,AMD,DEL,843,0,6.4,0.20762868131694773,20,52,B737,0,0.2331,6,1,1
6,2,5,DEL,BOM,1159,0,4.9,0.37157439206295034,11,58,B737,0,0.1986,1,0,1
17,6,2,BOM,HYD,616,1,10.4,0.23057009325542657,20,79,B777,1,0.7922,0,3,4
0,4,4,DEL,CCU,1277,0,10.8,0.45999432053050204,4,77,ATR72,0,0.384,1,4,3
4,1,11,BOM,MAA,1030,0,11.3,0.34977193610084356,3,60,A320,0,0.3399,0,5,0
4,3,5,BOM,PNQ,102,1,4.2,0.14026080972082394,13,45,A321,0,0.3561,0,8,2
14,0,9,MAA,BOM,991,0,11.9,0.3063595648793047,11,43,A320,1,0.5425,5,0,0
7,2,7,DEL,BOM,1104,0,4.2,0.31815587192369843,11,73,A320,0,0.4273,1,0,0
9,3,1,CCU,DEL,1340,2,6.7,0.4149871018283981,19,61,B777,1,0.816,4,1,4
15,4,2,HYD,BOM,594,0,2.4,0.22876779052340906,2,59,B737,0,0.0915,3,0,1
12,2,4,PNQ,BOM,74,1,6.0,0.16000499823395117,18,55,A320,0,0.414,8,0,0
5,1,5,DEL,BLR,1784,1,13.1,0.37543020958167467,11,59,B777,1,0.6002,1,2,4
4,5,3,BLR,BOM,826,1,4.6,0.30958498483701724,10,80,A320,0,0.3738,2,0,0
7,2,8,AMD,DEL,869,0,9.6,0.21913157278345083,21,67,B737,1,0.5377,6,1,1
10,1,5,BOM,HYD,631,0,5.2,0.2476364080824071,12,61,ATR72,0,0.1491,0,3,3
14,1,9,HYD,BOM,653,0,2.4,0.2890646120028143,1,73,ATR72,0,0.2156,3,0,3
10,2,12,BOM,MAA,990,0,9.4,0.2939350399233959,8,69,ATR72,0,0.2176,0,5,3
9,4,7,BLR,DEL,1767,1,10.1,0.3993908653482231,19,20,ATR72,1,1.0,2,1,3
10,0,10,BOM,HYD,668,0,9.5,0.20486013082902463,18,83,A320,0,0.2819,0,3,0
11,0,9,BLR,BOM,837,0,6.0,0.3155457015329466,17,37,A320,0,0.3962,2,0,0
18,6,1,AMD,DEL,920,1,13.7,0.2311557149021038,16,84,B777,1,0.7925,6,1,4
10,2,9,MAA,BOM,1039,0,2.3,0.3371105499385468,16,88,B777,0,0.3348,5,0,4
11,5,10,DEL,BLR,1692,1,11.7,0.42633303574510373,19,79,B777,1,0.7205,1,2,4
5,5,6,CCU,DEL,1287,0,6.0,0.4394401708767532,2,47,A321,0,0.3258,4,1,2
8,4,7,BOM,HYD,617,0,13.3,0.2892973582602945,10,72,B777,1,0.5657,0,3,4
2,1,9,GOI,DEL,1921,0,8.2,0.359968198102534,15,21,B777,1,0.544,7,1,4
1,5,11,BOM,MAA,972,1,3.9,0.35824020162312126,7,61,A321,0,0.3933,0,5,2
14,4,11,BLR,BOM,832,1,8.7,0.3280830460686913,16,59,B777,1,0.5312,2,0,4
2,4,12,PNQ,BOM,120,0,5.5,0.18760823742348326,6,63,B777,0,0.125,8,0,4
20,1,9,AMD,DEL,840,0,7.9,0.21615467212833628,11,26,B777,1,0.5365,6,1,4
20,5,11,BOM,DEL,1128,1,10.7,0.3811454965463658,5,20,B777,1,0.9025,0,1,4
19,0,2,CCU,DEL,1346,0,9.1,0.42357942871238446,13,64,B737,0,0.4694,4,1,1
23,3,12,BOM,DEL,1154,2,4.0,0.4239919018589232,6,67,ATR72,1,0.5696,0,1,3
23,6,4,DEL,CCU,1291,2,3.9,0.46450175690686635,12,80,B737,1,0.6858,1,4,1
4,5,3,DEL,BOM,1181,2,13.3,0.35422502846663984,11,31,B737,1,0.9117,1,0,1
5,1,9,DEL,BLR,1707,1,4.0,0.4446577154986,2,64,A320,1,0.4779,1,2,0
23,5,10,BOM,DEL,1107,0,3.3,0.40814286912574194,18,35,ATR72,0,0.3833,0,1,3
8,0,8,BOM,BLR,833,2,13.4,0.267118480639245,7,46,ATR72,1,0.9568,0,2,3
13,5,2,HYD,BOM,573,0,2.3,0.23827469572006668,17,25,A321,0,0.3953,3,0,2
23,6,7,DEL,AMD,878,1,12.7,0.2251287588185189,17,57,B777,1,0.7401,1,6,4
22,2,10,BLR,DEL,1691,1,8.4,0.38321286088895185,15,32,B777,1,0.5733,2,1,4
13,3,6,BOM,HYD,592,0,12.1,0.27597217983015143,19,51,ATR72,1,0.5104,0,3,3
21,6,1,DEL,BLR,1740,1,6.2,0.4214672212148317,19,24,B777,1,0.6686,1,2,4
10,4,1,BOM,HYD,664,0,4.1,0.20533723844328572,20,36,B737,0,0.2521,0,3,1
0,4,5,BOM,MAA,1001,0,9.4,0.3272656140199977,7,60,A320,0,0.2309,0,5,0
6,0,10,BLR,DEL,1717,3,11.5,0.35941138001366235,13,63,ATR72,1,0.9938,2,1,3
23,6,11,BLR,HYD,468,2,12.9,0.16472803536540104,21,78,B777,1,0.8159,2,3,4
13,3,2,BOM,PNQ,77,0,5.5,0.10043196273015204,20,77,ATR72,0,0.1902,0,8,3
13,5,8,DEL,BOM,1104,1,12.3,0.3334411378646983,3,60,B737,1,0.6834,1,0,1
14,1,6,DEL,BLR,1708,0,12.6,0.42531809173956864,4,28,ATR72,1,0.6201,1,2,3
3,6,12,BLR,BOM,849,0,13.8,0.342651000078514,9,58,B777,0,0.3871,2,0,4
17,1,7,BOM,PNQ,158,1,9.5,0.18309450154214624,16,74,A321,1,0.7732,0,8,2
5,3,5,DEL,BLR,1729,1,1.4,0.4047887198608686,2,39,B737,0,0.4319,1,2,1
3,2,2,MAA,BOM,968,2,2.7,0.27902130646107565,17,83,A320,1,0.6116,5,0,0
2,0,9,DEL,AMD,937,2,12.0,0.2067894932004855,18,49,A320,1,0.8827,1,6,0
5,2,5,BOM,MAA,1011,0,6.0,0.3004708059801798,15,55,B777,0,0.1702,0,5,4
11,1,6,DEL,CCU,1311,2,12.8,0.4297075775541064,3,43,A320,1,0.9419,1,4,0
15,6,3,MAA,BOM,1062,0,7.5,0.3105470075559398,10,72,A320,0,0.1742,5,0,0
6,0,5,HYD,BLR,489,1,8.2,0.20396256089331838,21,39,B777,1,0.5516,3,2,4
2,2,2,BOM,BLR,808,2,2.5,0.26900068369669977,11,36,B737,1,0.6276,0,2,1
15,1,1,HYD,BLR,496,0,11.7,0.19528638461853495,21,82,A320,0,0.3781,3,2,0
17,0,12,BOM,PNQ,75,2,9.2,0.13051617564337575,18,30,A320,1,0.9222,0,8,0
6,5,8,CCU,DEL,1279,2,7.8,0.3935273516370838,1,77,ATR72,1,0.7074,4,1,3
14,4,4,BOM,BLR,886,1,11.1,0.3182935730388554,20,75,B777,1,0.6273,0,2,4
10,4,7,HYD,BLR,477,2,9.7,0.2149297027854732,20,70,A320,1,0.786,3,2,0
6,5,8,BLR,DEL,1753,0,13.1,0.4429129216683776,19,52,A321,1,0.6272,2,1,2
14,2,3,CCU,DEL,1295,2,4.0,0.4458866013823972,11,65,A320,1,0.6284,4,1,0
3,0,8,BOM,PNQ,169,0,8.7,0.11968906704126854,7,58,A321,0,0.2979,0,8,2
22,1,7,HYD,BLR,507,0,2.3,0.2372202001362655,1,53,A320,0,0.1949,3,2,0
11,5,10,BOM,DEL,1194,1,11.4,0.36332087254280737,15,63,B737,1,0.6453,0,1,1
12,5,3,HYD,BLR,539,0,8.9,0.22402026248484935,15,24,ATR72,0,0.4396,3,2,3
21,2,7,HYD,BLR,534,0,2.9,0.2346652713459148,12,29,A321,0,0.3939,3,2,2
5,5,3,BLR,BOM,812,2,5.7,0.260052389505426,13,74,ATR72,1,0.604,2,0,3
15,4,11,PNQ,BOM,141,0,1.8,0.13150339967424707,21,48,B777,0,0.2026,8,0,4
15,1,11,BOM,PNQ,96,1,4.0,0.19688710457870967,15,82,B737,0,0.3788,0,8,1
10,2,8,HYD,BLR,489,1,10.6,0.2063328281631638,6,60,B777,1,0.5825,3,2,4
17,1,3,BOM,PNQ,137,0,10.1,0.14937181207337025,6,87,A321,0,0.4597,0,8,2
7,3,4,HYD,BLR,502,0,7.1,0.15826906749700476,12,88,A320,0,0.2633,3,2,0
3,1,11,DEL,AMD,933,0,3.6,0.24847329153031505,21,48,B737,0,0.1994,1,6,1
19,0,7,CCU,DEL,1259,0,12.7,0.43871454351209155,18,77,B737,1,0.7255,4,1,1
7,2,7,GOI,DEL,1880,2,11.8,0.3065151142577858,4,55,A320,1,0.9726,7,1,0
14,1,11,HYD,BLR,504,1,2.4,0.2160380403565374,5,61,B777,0,0.2864,3,2,4
1,6,6,BOM,DEL,1104,0,6.3,0.3726873995278181,9,82,ATR72,0,0.2991,0,1,3
5,5,10,BLR,HYD,547,0,3.5,0.17641256488968063,6,30,ATR72,0,0.1906,2,3,3
11,2,5,BOM,HYD,573,1,3.4,0.2555616844382971,7,88,A321,0,0.3022,0,3,2
4,6,1,BOM,BLR,886,1,12.3,0.2919589651868837,21,54,A320,1,0.6668,0,2,0
9,5,5,DEL,AMD,905,0,9.9,0.23112300139540098,18,84,A320,0,0.4924,1,6,0
0,6,4,BOM,PNQ,122,2,5.5,0.1967239065811464,16,33,A321,1,0.7487,0,8,2
12,2,11,MAA,BOM,1029,0,3.1,0.28078411406613335,2,52,B737,0,0.1123,5,0,1
0,6,3,DEL,AMD,858,0,13.9,0.1851699247706645,3,42,A321,0,0.3941,1,6,2
6,3,1,DEL,BOM,1170,0,4.5,0.33546034960553467,9,80,B777,0,0.1342,1,0,4
23,2,5,GOI,DEL,1932,2,13.9,0.3179191196855554,8,22,A321,1,0.8772,7,1,2
10,4,9,BOM,PNQ,162,0,11.5,0.15545400766264056,20,74,A320,0,0.5122,0,8,0
23,0,7,BLR,BOM,878,0,6.8,0.3236775171012925,18,65,A320,0,0.3295,2,0,0
2,5,12,HYD,BOM,637,0,2.1,0.26587331042398055,18,47,B737,0,0.2563,3,0,1
18,5,12,MAA,BOM,1005,0,1.7,0.29302969336977236,14,88,ATR72,0,0.3672,5,0,3
4,6,6,MAA,BOM,1062,0,5.4,0.29807278179046376,21,38,ATR72,0,0.4392,5,0,3
4,0,3,MAA,BOM,972,0,2.5,0.26156651718693497,10,31,B777,0,0.1746,5,0,4
2,4,1,BOM,PNQ,104,0,13.2,0.15256377149779443,10,33,A320,0,0.381,0,8,0
0,3,8,PNQ,BOM,120,2,2.8,0.17258863386813433,9,33,B777,1,0.689,8,0,4
8,3,9,BOM,HYD,630,0,1.8,0.2205256103922768,15,35,B777,0,0.4582,0,3,4
21,1,6,DEL,BOM,1101,1,3.1,0.3650857451910088,1,73,ATR72,0,0.446,1,0,3
15,6,1,DEL,CCU,1337,1,10.2,0.49026644912155115,21,83,A320,1,0.7461,1,4,0
3,6,9,GOI,DEL,1949,1,7.3,0.29815487915276023,18,38,B777,1,0.6393,7,1,4
4,3,3,HYD,BLR,499,1,4.6,0.189572043886169,5,64,ATR72,0,0.2758,3,2,3
1,1,9,BOM,DEL,1152,0,11.2,0.38722108979456266,7,29,B777,1,0.6049,0,1,4
4,1,9,AMD,DEL,865,0,5.6,0.2502444205155919,20,72,ATR72,0,0.3001,6,1,3
11,5,11,GOI,DEL,1875,0,10.0,0.3673090177198265,5,87,B777,0,0.2969,7,1,4
21,1,5,BLR,DEL,1708,3,1.1,0.351699920984372,8,46,B777,1,0.7407,2,1,4
21,5,6,MAA,BOM,975,1,4.2,0.3391083976057689,9,47,B777,0,0.4856,5,0,4
2,0,7,PNQ,BOM,93,2,4.2,0.14898830091551268,8,74,ATR72,1,0.6096,8,0,3
15,4,9,BOM,BLR,861,0,3.6,0.3258138279711181,8,53,B737,0,0.2303,0,2,1
12,2,12,BOM,DEL,1120,0,7.6,0.3422459439392171,17,39,A321,0,0.3069,0,1,2
13,1,10,HYD,BLR,492,0,3.8,0.14876073200018677,2,43,B777,0,0.1295,3,2,4
23,3,10,BOM,BLR,870,0,13.4,0.28162275488038085,9,72,B737,0,0.3126,0,2,1
8,6,4,DEL,BLR,1708,0,13.3,0.3924974799686932,20,78,B777,1,0.657,1,2,4
10,5,5,DEL,BLR,1721,0,8.1,0.41086463257105676,3,57,B737,0,0.3143,1,2,1
5,1,10,MAA,BOM,1060,0,6.4,0.3369304721073581,13,43,ATR72,0,0.2548,5,0,3
18,4,10,AMD,DEL,882,2,6.5,0.17836641375622014,5,35,ATR72,1,0.6913,6,1,3
18,1,9,BOM,BLR,879,0,2.2,0.3108547937353675,21,81,B737,0,0.4743,0,2,1
23,4,12,DEL,BLR,1782,0,3.3,0.4240164494367098,18,49,ATR72,0,0.2696,1,2,3
4,1,6,DEL,AMD,923,1,13.0,0.24177810989691825,5,36,B777,1,0.6667,1,6,4
3,2,3,BOM,HYD,587,0,8.7,0.2986585845481075,6,83,B737,0,0.2195,0,3,1
11,6,11,BOM,PNQ,124,0,3.8,0.17066234690779458,13,29,B737,0,0.3683,0,8,1
18,3,1,DEL,GOI,1914,1,2.8,0.3854928757059292,1,41,ATR72,1,0.5742,1,7,3
17,5,1,BOM,PNQ,124,0,8.2,0.1866750608415595,10,49,B737,0,0.4247,0,8,1
23,3,3,HYD,BOM,625,0,4.8,0.23240686343547365,8,77,B737,0,0.093,3,0,1
18,2,9,BLR,BOM,812,0,8.5,0.32758426620369613,17,85,B777,1,0.581,2,0,4
7,0,12,PNQ,BOM,118,0,11.8,0.14150058358713355,19,75,ATR72,1,0.5566,8,0,3
13,5,8,HYD,BLR,503,0,10.8,0.20313787077114245,9,52,A321,0,0.4313,3,2,2
0,6,8,BLR,BOM,853,0,4.2,0.3303065964914121,11,35,B737,0,0.4021,2,0,1
4,5,3,BOM,MAA,1063,0,13.7,0.32184227802322896,21,45,ATR72,1,0.4787,0,5,3
23,6,10,BOM,DEL,1155,0,2.2,0.37199775424526516,21,31,B777,0,0.3688,0,1,4
12,5,10,BLR,BOM,837,1,8.3,0.33683691036633473,1,84,B737,1,0.4847,2,0,1
12,6,4,BOM,DEL,1178,2,5.6,0.4265197468132837,9,42,A320,1,0.6906,0,1,0
20,5,9,BOM,MAA,1016,0,2.0,0.32940676762743437,19,89,A321,1,0.5318,0,5,2
0,3,4,DEL,BLR,1748,0,7.0,0.4581064305766796,10,81,ATR72,0,0.1832,1,2,3
1,6,9,AMD,DEL,880,0,10.3,0.19313813368404326,12,29,B777,1,0.6273,6,1,4
18,4,3,BOM,PNQ,84,1,8.9,0.19668742524514837,13,42,A320,1,0.6987,0,8,0
21,4,3,CCU,DEL,1291,0,5.8,0.42152479056820435,12,87,B777,0,0.2186,4,1,4
19,3,9,DEL,BLR,1786,2,8.2,0.4400673273362397,16,62,B737,1,1.0,1,2,1
10,6,7,HYD,BOM,622,0,1.5,0.31173515780867794,20,50,B737,0,0.3747,3,0,1
1,2,1,DEL,CCU,1328,0,11.6,0.4425035499051238,7,89,B777,0,0.377,1,4,4
17,4,3,DEL,BOM,1148,1,8.6,0.30700506396354477,14,78,A320,1,0.6228,1,0,0
9,0,2,BOM,HYD,638,0,1.3,0.24210918165743084,1,30,A320,0,0.3168,0,3,0
23,2,11,BOM,HYD,574,0,6.4,0.28993003780083026,8,73,A320,0,0.116,0,3,0
21,0,4,DEL,BOM,1132,0,13.7,0.31116780156686513,19,53,A320,0,0.4245,1,0,0
23,2,9,BOM,HYD,653,2,12.4,0.2736310547396305,13,46,B777,1,0.8595,0,3,4
12,4,9,BOM,HYD,588,0,5.4,0.21048751266434465,3,36,B737,0,0.2542,0,3,1
17,0,4,BOM,PNQ,156,2,5.7,0.13342471807154857,14,33,ATR72,1,0.7734,0,8,3
3,6,4,BLR,BOM,815,1,4.8,0.2518851404739789,13,21,B777,1,0.5508,2,0,4
5,0,10,BOM,PNQ,81,0,5.8,0.11515826738738091,15,49,ATR72,0,0.1461,0,8,3
10,3,9,BLR,DEL,1757,1,3.5,0.41201931365513633,18,64,A320,1,0.5648,2,1,0
18,0,8,DEL,AMD,939,1,10.6,0.1656241982184556,1,50,ATR72,1,0.7162,1,6,3
16,1,7,DEL,AMD,852,1,9.2,0.21777414229496792,16,41,ATR72,1,0.6571,1,6,3
19,4,8,DEL,BOM,1125,1,6.2,0.31712489447286857,13,48,A321,1,0.6268,1,0,2
1,6,12,BLR,HYD,493,0,7.9,0.19268153613861594,4,48,A321,0,0.1271,2,3,2
14,1,11,DEL,GOI,1898,0,8.0,0.34549596055695747,11,88,B737,0,0.1882,1,7,1
20,6,8,DEL,GOI,1932,0,10.7,0.35885762857232173,13,79,ATR72,1,0.6935,1,7,3
2,4,7,HYD,BOM,600,0,5.2,0.25890851571966095,17,77,B777,0,0.3036,3,0,4
1,4,7,DEL,AMD,888,1,11.7,0.22826521579199283,11,22,B737,1,0.7913,1,6,1
22,4,9,BLR,BOM,867,0,6.6,0.3432201097304193,18,81,B777,0,0.3373,2,0,4
17,3,3,DEL,GOI,1929,0,9.1,0.3078261438398259,21,83,ATR72,0,0.4731,1,7,3
12,4,5,CCU,DEL,1352,0,6.9,0.4251976654441129,7,58,B737,0,0.1701,4,1,1
4,6,7,BLR,DEL,1734,0,10.2,0.42904260871642874,14,43,B777,1,0.6416,2,1,4
8,5,2,BOM,BLR,804,1,10.5,0.31009805670355184,12,48,B737,1,0.774,0,2,1
4,4,5,MAA,BOM,1006,0,9.7,0.33487071001187657,15,87,A320,0,0.2839,5,0,0
1,0,6,DEL,AMD,848,0,9.8,0.17135349563206156,18,78,B777,0,0.3685,1,6,4
16,4,7,BOM,BLR,869,0,4.3,0.27972730199186335,2,44,B777,0,0.2819,0,2,4
7,1,3,AMD,DEL,906,3,6.3,0.18934591063182205,15,84,A320,1,0.8757,6,1,0
3,4,6,PNQ,BOM,128,0,3.5,0.11822590440332965,10,39,A321,0,0.2673,8,0,2
9,5,1,BOM,MAA,1025,0,5.6,0.33005266281290646,8,48,A320,0,0.332,0,5,0
21,3,5,HYD,BLR,541,0,7.3,0.23212377730783634,4,26,B777,0,0.2428,3,2,4
17,2,1,CCU,DEL,1282,1,8.6,0.3967488737772641,21,78,A321,1,0.7087,4,1,2
15,5,10,DEL,BOM,1138,0,1.1,0.3119402889743102,4,46,A320,0,0.1748,1,0,0
17,6,8,BLR,HYD,486,0,9.7,0.15591442164280556,21,48,A320,1,0.5624,2,3,0
15,2,5,CCU,DEL,1277,0,8.9,0.4716130910086475,17,69,B737,0,0.3886,4,1,1
18,6,2,DEL,BLR,1700,1,6.2,0.38324339294960785,15,86,B777,1,0.6033,1,2,4
10,3,3,DEL,GOI,1919,0,11.0,0.3509414430638547,20,38,B777,1,0.5104,1,7,4
11,2,9,BLR,HYD,523,1,3.7,0.15831367646221475,5,74,ATR72,0,0.3633,2,3,3
9,0,10,BOM,BLR,824,1,3.5,0.24783092746235924,17,26,B777,1,0.6991,0,2,4
11,1,2,HYD,BOM,595,1,6.2,0.22320134531900565,14,86,A321,0,0.3393,3,0,2
5,1,8,BLR,DEL,1780,1,5.7,0.40574473472650735,12,66,A321,1,0.5123,2,1,2
22,4,12,BLR,BOM,874,0,1.3,0.25672425163860046,17,30,A321,0,0.2727,2,0,2
18,3,9,BLR,BOM,796,0,13.5,0.2666335491570193,10,54,A321,1,0.5567,2,0,2
4,2,2,GOI,DEL,1934,2,3.3,0.3543220535214814,7,76,B737,1,0.5417,7,1,1
8,2,3,BOM,BLR,888,0,5.6,0.32398558518841786,8,74,A321,0,0.2796,0,2,2
1,4,2,DEL,GOI,1927,0,12.8,0.39004991851359505,9,29,B777,1,0.506,1,7,4
12,5,5,BLR,DEL,1735,2,5.1,0.4172757791533557,9,35,ATR72,1,0.6869,2,1,3
13,1,3,PNQ,BOM,124,1,5.0,0.11941906526669568,18,54,A321,0,0.3978,8,0,2
20,6,5,BLR,BOM,848,2,12.6,0.3469830872291375,5,83,A321,1,0.9388,2,0,2
2,1,8,BOM,PNQ,164,0,5.0,0.1364053759465202,13,30,A320,0,0.3246,0,8,0
4,6,12,BOM,DEL,1189,0,7.6,0.3574328760418728,8,78,B777,0,0.193,0,1,4
2,0,7,GOI,DEL,1855,1,5.0,0.33813442373078345,18,89,B737,1,0.5353,7,1,1
1,4,5,MAA,BOM,1034,0,13.2,0.3052019218574202,8,52,A321,0,0.3221,5,0,2
2,1,4,BOM,PNQ,134,0,9.8,0.15981473276907188,14,25,ATR72,0,0.4139,0,8,3
22,0,9,GOI,DEL,1939,0,4.1,0.32578334955555316,3,71,B737,0,0.2303,7,1,1
9,1,10,BLR,DEL,1695,0,12.7,0.39595514530148257,11,25,ATR72,1,0.7084,2,1,3
15,0,5,HYD,BLR,548,3,10.5,0.1622726135236511,17,83,ATR72,1,0.9649,3,2,3
0,3,11,DEL,CCU,1265,2,4.5,0.4384077253741964,19,82,ATR72,1,0.6754,1,4,3
7,1,10,DEL,CCU,1255,2,5.0,0.4214579850419564,2,36,A321,1,0.7886,1,4,2
18,6,10,BLR,DEL,1723,1,12.2,0.405298439690227,6,88,ATR72,1,0.7621,2,1,3
11,2,1,BOM,MAA,1025,3,2.2,0.31287223881899184,2,42,B737,1,0.7951,0,5,1
11,1,1,DEL,BLR,1746,0,4.8,0.4244972710718549,11,41,B737,0,0.2898,1,2,1
2,5,1,BLR,DEL,1722,1,3.9,0.37029060823356935,3,67,A321,0,0.3981,2,1,2
5,2,6,CCU,DEL,1288,2,4.5,0.4301945771078889,14,81,B737,1,0.7221,4,1,1
19,4,10,DEL,CCU,1318,0,13.6,0.41097075945356243,11,21,A320,1,0.7144,1,4,0
20,1,8,BLR,DEL,1784,0,4.3,0.4371584411617705,14,40,ATR72,1,0.5449,2,1,3
2,4,11,HYD,BLR,477,0,4.7,0.1575100626610379,8,26,ATR72,0,0.213,3,2,3
5,4,6,CCU,DEL,1267,2,3.3,0.41333815613156005,18,24,A320,1,0.9153,4,1,0
10,5,3,DEL,BLR,1707,0,13.6,0.4555532235469391,19,37,B777,1,0.6022,1,2,4
3,1,10,PNQ,BOM,130,0,5.3,0.12028024399985664,20,47,ATR72,0,0.1981,8,0,3
2,3,5,BLR,DEL,1728,0,1.2,0.39404103805174345,13,75,A320,0,0.2076,2,1,0
16,5,9,DEL,AMD,914,0,13.6,0.18760249400874718,12,59,A320,0,0.475,1,6,0
22,2,12,BOM,HYD,649,1,9.4,0.2626380987946175,17,65,A321,0,0.5051,0,3,2
3,3,1,BOM,PNQ,133,0,1.6,0.1474078640677159,21,53,B777,0,0.209,0,8,4
11,5,11,HYD,BLR,503,1,1.8,0.2165610508650222,11,39,A320,0,0.4566,3,2,0
7,0,12,HYD,BLR,490,2,11.7,0.16302423708675237,21,69,B777,1,0.9152,3,2,4
18,4,7,MAA,BOM,1054,1,12.2,0.3448627869380765,4,73,A321,1,0.7879,5,0,2
14,3,3,DEL,BLR,1717,1,7.4,0.37046122013252847,15,43,ATR72,0,0.4682,1,2,3
20,4,3,DEL,CCU,1343,0,9.3,0.44593448845012357,12,64,B737,0,0.4784,1,4,1
15,3,10,DEL,GOI,1882,0,8.9,0.32198256707743017,8,38,B737,0,0.2988,1,7,1
0,0,4,PNQ,BOM,107,1,8.9,0.1321154657469421,4,30,B737,0,0.4728,8,0,1
19,1,5,BLR,BOM,875,0,4.1,0.2654614687830986,2,25,ATR72,0,0.4062,2,0,3
0,2,11,CCU,DEL,1350,0,6.8,0.380373374840441,1,44,A321,0,0.2221,4,1,2
3,5,8,DEL,BLR,1728,0,10.4,0.4698497565110055,4,54,B777,1,0.5379,1,2,4
5,4,4,DEL,AMD,936,3,3.6,0.18221960222776462,15,68,ATR72,1,0.7229,1,6,3
16,0,10,BLR,HYD,523,0,7.2,0.14427865390217784,4,39,B777,0,0.1277,2,3,4
22,6,12,BOM,BLR,886,1,4.8,0.23262807084835002,5,76,ATR72,0,0.3431,0,2,3
20,3,4,HYD,BOM,646,0,4.8,0.29472147039542423,19,70,A320,0,0.3679,3,0,0
9,6,1,HYD,BLR,509,0,4.7,0.18633210695654012,8,43,B777,0,0.3445,3,2,4
22,0,5,PNQ,BOM,127,0,13.8,0.11501497017789643,12,27,ATR72,0,0.496,8,0,3
2,6,11,PNQ,BOM,139,2,14.0,0.14087815959149405,3,65,A321,1,0.7564,8,0,2
5,1,12,BOM,DEL,1134,0,1.3,0.38396965101394487,13,62,B777,0,0.2036,0,1,4
5,4,2,BOM,DEL,1156,0,13.3,0.3944491952252871,16,70,A320,0,0.4578,0,1,0
23,0,2,HYD,BLR,526,0,12.7,0.17054118846154886,4,35,A320,0,0.3382,3,2,0
9,1,4,DEL,AMD,868,1,4.5,0.22488586684423595,7,46,A320,0,0.44,1,6,0
11,5,10,BOM,BLR,886,1,11.8,0.29435398121134043,5,50,B777,1,0.5677,0,2,4
20,3,3,DEL,BLR,1776,0,4.3,0.4379543950490632,15,32,A321,0,0.4452,1,2,2
22,1,3,MAA,BOM,985,0,2.6,0.3003565059222824,17,31,B737,0,0.2901,5,0,1
5,2,3,BOM,PNQ,130,0,8.4,0.19016389268800848,12,67,B737,0,0.2761,0,8,1
17,5,5,MAA,BOM,990,1,5.9,0.25669649636193004,10,20,ATR72,1,0.6527,5,0,3
3,6,8,BOM,DEL,1111,1,8.8,0.34486095580777437,19,26,B737,1,0.8379,0,1,1
20,5,12,DEL,GOI,1901,3,1.5,0.38658597302506037,20,69,B737,1,1.0,1,7,1
4,3,4,AMD,DEL,917,0,3.1,0.22055240602109555,21,31,B777,0,0.2582,6,1,4
20,0,2,BLR,HYD,462,1,9.7,0.2018055296135729,4,50,ATR72,0,0.5307,2,3,3
19,1,10,BLR,BOM,809,0,9.2,0.26502682740836825,5,79,B777,0,0.356,2,0,4
11,6,2,DEL,BLR,1771,1,4.7,0.46856934548363227,7,73,ATR72,0,0.4374,1,2,3
20,3,1,GOI,DEL,1879,1,10.3,0.3297028965409246,8,25,B737,1,0.8319,7,1,1
7,6,5,BLR,HYD,486,0,6.7,0.13571409346498792,2,41,ATR72,0,0.3243,2,3,3
13,0,12,CCU,DEL,1344,0,12.9,0.43007145834570637,20,75,B737,0,0.472,4,1,1
23,5,11,DEL,BLR,1719,0,11.4,0.46392194729372466,7,21,A320,1,0.5856,1,2,0
16,2,5,BLR,HYD,466,0,2.4,0.18343446394457397,6,61,A320,0,0.0734,2,3,0
17,1,1,DEL,BOM,1195,2,10.5,0.36899825838265066,13,49,ATR72,1,0.9476,1,0,3
15,1,4,HYD,BOM,667,0,9.3,0.2866263177290188,1,31,A321,0,0.2847,3,0,2
4,2,3,PNQ,BOM,108,1,8.8,0.10859234251060504,3,68,A321,0,0.3934,8,0,2
3,2,6,MAA,BOM,971,1,8.1,0.3233199948546275,10,30,A321,1,0.5993,5,0,2
14,2,4,DEL,AMD,922,0,9.3,0.18625826065769935,14,51,A320,0,0.2245,1,6,0
15,3,1,BOM,DEL,1130,0,10.9,0.4162923041871112,20,52,A321,0,0.4665,0,1,2
5,3,1,DEL,BLR,1726,0,3.3,0.3896883221679228,2,84,A321,0,0.1559,1,2,2
10,4,3,AMD,DEL,930,0,6.6,0.18232533540856485,7,84,B777,0,0.0729,6,1,4
6,3,11,DEL,CCU,1349,3,6.6,0.47489466930901103,11,21,B737,1,0.99,1,4,1
6,5,4,BOM,PNQ,83,1,2.1,0.1164660281785958,11,33,ATR72,1,0.4666,0,8,3
17,2,2,BLR,BOM,853,1,5.1,0.3033772327654568,18,20,ATR72,1,0.7214,2,0,3
14,2,11,DEL,GOI,1930,0,2.0,0.360169059430307,4,54,B737,0,0.1441,1,7,1
19,0,6,GOI,DEL,1917,0,9.5,0.33752401564498097,4,63,ATR72,0,0.485,7,1,3
4,3,5,BOM,MAA,974,1,12.2,0.33958714875280904,8,25,ATR72,1,0.6858,0,5,3
1,4,6,BLR,HYD,476,3,8.3,0.22900077801264457,16,72,A320,1,0.9916,2,3,0
12,4,5,PNQ,BOM,162,1,13.4,0.18100089223383803,8,33,A321,1,0.5924,8,0,2
8,5,8,HYD,BOM,631,1,3.7,0.30846787849136953,13,61,B737,1,0.6734,3,0,1
12,2,10,HYD,BOM,599,0,9.6,0.30375959417807696,11,46,B777,0,0.2715,3,0,4
0,2,7,BLR,DEL,1748,0,7.6,0.44805254693864743,13,74,ATR72,0,0.3292,2,1,3
17,0,12,DEL,BOM,1147,1,13.0,0.3873076692704724,8,79,A321,1,0.7049,1,0,2
21,6,10,DEL,BOM,1144,0,11.7,0.3502229638290488,14,41,B737,0,0.5101,1,0,1
15,0,1,CCU,DEL,1329,0,11.3,0.4504734193461354,17,70,A320,0,0.4802,4,1,0
9,2,1,BOM,MAA,1028,0,10.0,0.369583075368627,12,65,ATR72,0,0.4478,0,5,3
2,1,12,DEL,BOM,1158,0,9.7,0.3315743494024038,18,68,B737,0,0.3326,1,0,1
19,6,3,MAA,BOM,1042,1,4.6,0.3294982771380294,18,82,B777,1,0.6318,5,0,4
14,3,12,DEL,GOI,1864,0,6.4,0.3687821610079315,19,22,B777,0,0.3975,1,7,4
6,2,8,GOI,DEL,1949,1,1.6,0.3543307537811886,7,44,A321,0,0.5117,7,1,2
19,0,6,BLR,DEL,1715,0,1.5,0.4259353654973644,21,38,A320,1,0.5904,2,1,0
14,1,3,AMD,DEL,934,2,7.5,0.25063962442207394,6,27,ATR72,1,0.6503,6,1,3
13,3,1,HYD,BOM,655,1,1.1,0.31325384469792084,19,26,A321,1,0.5753,3,0,2
20,1,12,AMD,DEL,903,0,5.6,0.24389948713160645,9,86,B777,0,0.2476,6,1,4
17,1,9,DEL,BLR,1766,2,5.2,0.46609167112503824,16,27,ATR72,1,1.0,1,2,3
11,5,12,HYD,BLR,484,0,2.8,0.23874470430784417,17,82,A320,0,0.2455,3,2,0
2,6,10,BOM,HYD,639,0,9.0,0.2673913133088951,7,26,A321,0,0.407,0,3,2
6,1,4,BOM,PNQ,164,1,1.9,0.19261226175799523,12,60,B777,0,0.377,0,8,4
17,3,2,BLR,HYD,461,1,12.9,0.21595465075304543,1,63,A321,1,0.6364,2,3,2
22,5,12,BLR,HYD,546,0,11.2,0.14383861013101182,2,36,B737,0,0.3775,2,3,1
3,5,5,AMD,DEL,882,0,4.6,0.17163793454573115,7,62,A320,0,0.1187,6,1,0
18,4,10,BOM,PNQ,72,1,10.5,0.14624529106499962,7,20,B777,1,0.8085,0,8,4
5,3,4,MAA,BOM,1058,2,10.9,0.3311308042172243,14,22,ATR72,1,0.9325,5,0,3
19,6,4,MAA,BOM,996,1,6.6,0.29844429062694233,4,48,B737,1,0.5194,5,0,1
9,3,3,BOM,BLR,817,0,5.3,0.3153480303676873,8,66,A320,0,0.2761,0,2,0
15,4,11,CCU,DEL,1344,0,12.1,0.43065850294254726,21,53,A321,0,0.4723,4,1,2
18,0,4,BLR,HYD,543,2,4.8,0.16037465804122258,3,75,ATR72,1,0.6141,2,3,3
12,0,2,DEL,GOI,1923,3,1.2,0.3116445536767811,19,27,A320,1,0.9747,1,7,0
0,5,2,BOM,PNQ,118,1,7.3,0.15928774643890053,8,79,A321,0,0.3637,0,8,2
8,1,9,DEL,GOI,1852,0,10.5,0.37356944045519913,21,62,A320,1,0.6994,1,7,0
10,6,2,CCU,DEL,1309,1,8.2,0.43577331920309703,21,24,ATR72,1,0.7743,4,1,3
19,6,12,HYD,BLR,524,2,9.2,0.22421660009473685,8,21,A321,1,0.9397,3,2,2
15,4,6,DEL,CCU,1313,1,1.4,0.4998147803552518,3,24,B777,1,0.6499,1,4,4
20,0,7,AMD,DEL,846,0,4.6,0.24003358397810204,7,39,B737,0,0.416,6,1,1
7,4,3,GOI,DEL,1855,0,10.9,0.28678370200359393,18,45,B737,1,0.5647,7,1,1
9,1,8,DEL,BLR,1723,0,12.2,0.377405747433954,14,45,A320,1,0.651,1,2,0
10,6,5,DEL,CCU,1322,1,9.0,0.4485620298817978,17,25,A320,1,0.7794,1,4,0
7,0,10,MAA,BOM,1036,3,7.8,0.2706313203277685,19,23,B777,1,1.0,5,0,4
1,2,5,GOI,DEL,1882,2,12.7,0.3065465003581276,2,58,B777,1,0.7226,7,1,4
13,2,3,CCU,DEL,1271,0,9.8,0.4122774408286137,8,23,B737,0,0.4149,4,1,1
14,2,5,BLR,BOM,798,0,3.3,0.327724956751873,10,75,ATR72,0,0.1311,2,0,3
9,4,7,BOM,HYD,614,0,9.9,0.27363535769867886,7,23,A321,1,0.6095,0,3,2
15,0,8,HYD,BLR,527,0,5.1,0.15957738207050473,10,72,B737,0,0.1638,3,2,1
7,5,7,CCU,DEL,1265,0,2.7,0.4359382590393246,6,79,A321,0,0.4744,4,1,2
9,1,9,GOI,DEL,1937,0,7.0,0.32103955964083747,15,72,A321,0,0.4284,7,1,2
20,3,12,PNQ,BOM,107,2,2.7,0.17797884815748538,19,43,A321,1,0.8412,8,0,2
2,3,2,AMD,DEL,887,0,10.5,0.17558600516235084,15,62,A320,0,0.3202,6,1,0
17,3,12,BOM,DEL,1168,1,9.6,0.39427615211870926,6,36,B737,1,0.6777,0,1,1
18,2,9,BLR,DEL,1757,1,5.2,0.44736762563232896,18,29,B737,1,0.8789,2,1,1
16,5,11,BOM,DEL,1187,0,4.7,0.36260044029824584,20,67,A320,0,0.295,0,1,0
4,3,5,CCU,DEL,1275,0,7.6,0.38391312933325683,1,71,B737,0,0.1536,4,1,1
15,0,1,PNQ,BOM,145,1,2.5,0.18206533310789288,11,81,B737,0,0.3728,8,0,1
6,0,10,BOM,PNQ,137,0,1.3,0.11712117809012848,10,60,ATR72,0,0.0968,0,8,3
3,1,4,DEL,AMD,933,0,11.8,0.24379259347122423,5,39,B737,0,0.3675,1,6,1
10,2,4,DEL,BLR,1731,0,7.7,0.4251745232925262,13,23,B777,0,0.3701,1,2,4
16,4,3,BOM,DEL,1128,0,8.3,0.33769787709621035,2,70,ATR72,0,0.2351,0,1,3
20,2,9,BOM,DEL,1137,1,9.3,0.40179981257018293,4,39,A320,1,0.7807,0,1,0
13,5,8,DEL,BLR,1701,0,1.9,0.4617832581490633,14,85,ATR72,0,0.3847,1,2,3
15,3,5,HYD,BLR,497,2,12.0,0.1909691946448418,7,55,B737,1,0.6764,3,2,1
8,2,4,HYD,BLR,549,0,8.5,0.18052678886857593,20,42,A320,0,0.4922,3,2,0
21,5,6,BLR,DEL,1780,3,6.1,0.4358778235660293,1,49,B737,1,0.9244,2,1,1
16,5,10,BOM,BLR,890,0,1.2,0.2458018080032132,5,80,ATR72,0,0.1483,0,2,3
9,5,9,MAA,BOM,972,1,13.6,0.26195045041888754,12,27,A320,1,1.0,5,0,0
19,6,8,DEL,BLR,1722,1,8.3,0.43762877501629366,8,81,ATR72,1,0.7751,1,2,3
15,2,2,BOM,PNQ,149,0,13.1,0.11094147521214404,7,42,B737,0,0.3644,0,8,1
19,5,6,GOI,DEL,1879,1,5.3,0.31182812636524904,13,64,ATR72,1,0.6747,7,1,3
11,6,1,DEL,AMD,895,0,10.2,0.1656500534745834,16,22,B737,1,0.5663,1,6,1
12,2,7,MAA,BOM,1041,1,11.2,0.3093332657712438,10,63,B737,1,0.6237,5,0,1
20,2,5,BLR,BOM,820,0,8.9,0.28455985524287947,18,79,B777,0,0.4638,2,0,4
0,1,12,HYD,BLR,495,1,10.6,0.21849659997555299,21,54,B777,1,0.5874,3,2,4
23,0,10,BLR,HYD,548,0,2.4,0.15893672139586149,5,64,B737,0,0.0636,2,3,1
12,2,8,BOM,HYD,619,0,14.0,0.2007006845423585,6,49,B777,0,0.3803,0,3,4
5,1,3,BLR,DEL,1773,0,6.2,0.4210099412352333,4,27,A320,0,0.3184,2,1,0
18,0,4,MAA,BOM,966,0,11.8,0.2595151114560761,8,28,ATR72,1,0.6038,5,0,3
21,2,2,BOM,DEL,1159,2,1.6,0.42899926090564455,10,28,ATR72,1,0.7216,0,1,3
12,6,12,DEL,AMD,895,0,9.6,0.20714590537366973,13,60,A320,0,0.2829,1,6,0
17,5,7,HYD,BOM,618,3,12.2,0.299807815107825,11,60,ATR72,1,1.0,3,0,3
5,3,7,BOM,MAA,988,2,2.6,0.28967265479765414,6,68,B737,1,0.6159,0,5,1
12,3,5,BOM,HYD,649,1,7.5,0.24525085263920113,10,44,A320,0,0.3681,0,3,0
12,5,5,PNQ,BOM,143,0,10.2,0.17821603788541268,7,27,A321,1,0.5213,8,0,2
5,3,5,DEL,AMD,925,1,11.7,0.1808168757498082,4,51,A321,0,0.4723,1,6,2
9,0,5,GOI,DEL,1895,0,8.6,0.28028660660366783,4,77,A320,0,0.3621,7,1,0
21,5,12,BOM,MAA,973,2,1.3,0.3670383038923124,12,59,ATR72,1,0.6468,0,5,3
13,5,2,BOM,DEL,1102,3,1.1,0.38467856731703587,17,41,ATR72,1,0.9739,0,1,3
13,3,11,DEL,GOI,1907,0,12.8,0.3836549066547844,17,46,A321,0,0.4535,1,7,2
1,6,9,HYD,BOM,647,1,9.4,0.2563385879494429,7,89,A320,1,0.5525,3,0,0
6,6,5,BOM,MAA,979,0,13.4,0.28103371115862147,15,53,B777,0,0.4124,0,5,4
5,2,8,DEL,BLR,1774,0,8.0,0.46748858803460175,4,89,A321,0,0.287,1,2,2
3,1,10,DEL,BLR,1747,2,11.5,0.4436837976632852,14,50,A320,1,0.8275,1,2,0
10,4,7,DEL,BOM,1141,2,3.9,0.3210036644362956,1,34,B777,1,0.6984,1,0,4
15,1,2,BLR,DEL,1722,2,6.5,0.3740721070440532,18,75,A320,1,0.6496,2,1,0
16,2,3,BLR,HYD,502,3,11.4,0.18986011482176912,7,74,B777,1,0.8759,2,3,4
23,0,12,BOM,DEL,1194,2,11.4,0.333943466230892,17,82,A321,1,0.8336,0,1,2
11,1,1,DEL,AMD,917,0,7.3,0.18396525941530878,5,56,A320,0,0.0736,1,6,0
11,6,2,BOM,HYD,575,2,10.1,0.2789823430547351,16,89,A321,1,0.8616,0,3,2
13,4,3,BOM,HYD,635,2,10.2,0.20352059383115897,2,56,ATR72,1,0.6814,0,3,3
0,4,12,BLR,HYD,468,0,11.2,0.22267733793809313,16,54,ATR72,0,0.3891,2,3,3
13,4,2,BOM,HYD,614,0,11.1,0.25485283392939806,6,35,ATR72,0,0.3719,0,3,3
4,2,10,BLR,BOM,803,0,5.7,0.2524625493493245,6,49,ATR72,0,0.101,2,0,3
19,2,2,PNQ,BOM,130,0,3.2,0.1585254607139207,10,86,A320,0,0.2634,8,0,0
8,0,1,BLR,DEL,1711,1,1.7,0.4470574118787455,13,60,B737,1,0.5788,2,1,1
0,5,12,DEL,BOM,1105,0,8.5,0.355672542344966,6,59,B737,0,0.2923,1,0,1
9,6,5,DEL,AMD,917,2,13.7,0.23490668751198462,13,87,B777,1,0.944,1,6,4
0,2,2,DEL,BOM,1105,1,11.4,0.3058457665848475,18,20,B777,1,0.7723,1,0,4
3,6,8,BLR,BOM,872,0,13.7,0.321831472656376,11,30,A320,1,0.5987,2,0,0
14,1,6,BLR,BOM,879,1,8.7,0.3172439442722923,9,34,ATR72,1,0.5969,2,0,3
23,1,7,BLR,HYD,500,0,8.1,0.18736305655745839,12,20,A320,0,0.4749,2,3,0
23,3,12,BOM,MAA,1031,2,10.4,0.3261072898094045,16,81,B737,1,0.8304,0,5,1
17,3,8,DEL,GOI,1872,0,6.1,0.3439823732988334,18,65,B777,0,0.4876,1,7,4
15,6,4,BOM,BLR,817,0,7.6,0.270377618190828,11,80,A321,0,0.2082,0,2,2
19,4,2,HYD,BOM,635,1,2.0,0.22300885463845177,12,30,ATR72,1,0.5592,3,0,3
6,4,6,BLR,HYD,462,0,12.7,0.22051525623265944,15,59,B737,0,0.4382,2,3,1
4,6,3,DEL,AMD,898,2,9.0,0.16013121678771716,17,73,A321,1,0.7141,1,6,2
22,1,5,DEL,BOM,1140,0,13.9,0.37183720399651676,15,80,B777,0,0.3987,1,0,4
17,2,8,GOI,DEL,1857,2,13.3,0.355622601740195,8,44,B737,1,1.0,7,1,1
18,5,6,PNQ,BOM,77,2,8.6,0.0991816075695783,12,22,B777,1,1.0,8,0,4
9,3,6,BOM,BLR,860,0,5.1,0.2796279199774396,12,35,B737,0,0.4819,0,2,1
17,6,11,BLR,HYD,464,1,9.5,0.22995432463955132,2,30,A320,1,0.662,2,3,0
18,0,4,BLR,BOM,884,0,12.9,0.31152846968384124,15,38,A320,1,0.5946,2,0,0
22,0,2,BOM,MAA,1027,0,2.7,0.28240714825896784,5,82,B777,0,0.113,0,5,4
18,4,8,BOM,HYD,610,3,10.5,0.23096668487461608,9,38,B777,1,1.0,0,3,4
9,5,5,DEL,BLR,1731,1,6.5,0.416717604728359,20,33,A320,1,0.7367,1,2,0
5,6,7,DEL,CCU,1303,0,2.0,0.4774997423435083,18,52,A321,0,0.441,1,4,2
20,3,1,BOM,HYD,608,0,4.6,0.2843043574584727,12,78,B777,0,0.3137,0,3,4
19,2,4,BLR,DEL,1757,0,3.9,0.4463965012983117,4,86,ATR72,0,0.3286,2,1,3
14,0,8,DEL,BOM,1195,0,6.2,0.3586294583625,10,80,A321,0,0.2435,1,0,2
6,6,1,DEL,AMD,903,0,3.6,0.24471339066549305,2,49,B737,0,0.1479,1,6,1
15,3,6,PNQ,BOM,105,0,14.0,0.17343306482247892,15,22,B777,1,0.6194,8,0,4
15,4,11,DEL,GOI,1945,2,7.5,0.31938194126142067,21,81,A320,1,0.6278,1,7,0
14,5,9,MAA,BOM,979,2,13.0,0.2632294311288222,12,63,A320,1,0.9053,5,0,0
10,0,5,BLR,BOM,810,2,1.9,0.30458998378133073,3,64,A321,1,0.5218,2,0,2
23,3,9,BOM,BLR,867,0,2.8,0.2579195277320403,7,89,A321,0,0.2032,0,2,2
2,2,8,BOM,PNQ,165,0,5.5,0.10453162472249644,7,57,B737,0,0.1918,0,8,1
22,6,1,HYD,BLR,536,1,9.8,0.16390381783129493,16,31,B737,1,0.5856,3,2,1
18,5,6,HYD,BOM,606,1,12.6,0.27183189810690306,11,28,B777,1,1.0,3,0,4
5,3,3,PNQ,BOM,161,1,13.5,0.13976586804890082,12,38,B777,1,0.6259,8,0,4
13,0,7,GOI,DEL,1908,3,3.8,0.3197163445673223,4,40,ATR72,1,0.8979,7,1,3
4,4,1,DEL,GOI,1943,0,4.7,0.3553717974960672,10,68,ATR72,0,0.1421,1,7,3
9,1,5,PNQ,BOM,120,0,4.5,0.10012938665242099,13,76,B737,0,0.2901,8,0,1
15,4,6,GOI,DEL,1892,0,2.8,0.3621154303484258,10,89,B777,0,0.2448,7,1,4
16,3,7,HYD,BLR,461,1,13.7,0.16336221699464037,21,27,B777,1,0.8153,3,2,4
13,6,3,GOI,DEL,1858,1,8.1,0.32814700394630886,15,49,ATR72,1,0.5313,7,1,3
20,0,2,DEL,BLR,1769,0,5.5,0.39225116706777335,13,65,A320,0,0.3569,1,2,0
17,6,7,PNQ,BOM,80,0,6.0,0.096668615230422,13,68,A320,0,0.4387,8,0,0
0,1,5,MAA,BOM,1047,1,13.7,0.33906360886808273,13,79,B737,1,0.5856,5,0,1
7,6,6,GOI,DEL,1945,0,3.2,0.3295261619559811,13,77,B777,0,0.4818,7,1,4
12,3,4,HYD,BLR,548,0,11.9,0.19521681851968484,19,23,B777,0,0.5281,3,2,4
18,6,7,AMD,DEL,866,0,4.7,0.2584188078472953,2,55,ATR72,0,0.4034,6,1,3
0,0,6,DEL,BOM,1108,0,7.9,0.3130242498413303,9,40,A320,0,0.2952,1,0,0
18,3,3,DEL,BOM,1132,2,7.9,0.32554428061743146,17,30,B737,1,0.8502,1,0,1
14,5,7,DEL,GOI,1916,0,11.8,0.39936423795929304,3,78,B777,1,0.5097,1,7,4
22,0,6,BOM,DEL,1128,0,8.8,0.4118281104075341,12,55,B777,0,0.4147,0,1,4
18,0,11,BOM,DEL,1114,0,13.1,0.4079552823787117,2,60,ATR72,0,0.5132,0,1,3
19,6,1,GOI,DEL,1878,1,10.6,0.2842724004485616,6,89,ATR72,1,0.7137,7,1,3
20,1,10,DEL,CCU,1309,0,8.3,0.43848473716691605,12,43,ATR72,1,0.5454,1,4,3
18,2,7,BLR,HYD,491,0,6.6,0.1544684643913401,2,76,A321,0,0.3118,2,3,2
4,6,1,BOM,MAA,1031,0,2.4,0.3511422919333845,13,79,A321,0,0.2405,0,5,2
3,4,10,AMD,DEL,854,0,7.8,0.1789561302194446,18,67,B777,0,0.1716,6,1,4
0,4,10,DEL,CCU,1319,2,11.7,0.4456576677678692,18,32,A320,1,0.9483,1,4,0
22,4,1,DEL,GOI,1943,0,10.6,0.33957425950779013,15,54,B737,0,0.3858,1,7,1
23,6,11,BOM,MAA,1037,1,1.0,0.3509149034531315,21,83,B737,0,0.4904,0,5,1
8,6,11,PNQ,BOM,109,1,14.0,0.09039919316457787,5,53,B737,1,0.6862,8,0,1
23,5,10,CCU,DEL,1288,2,7.7,0.4582045445951972,2,44,A320,1,0.7033,4,1,0
11,6,4,BOM,PNQ,164,3,4.9,0.17141142735737255,9,36,B777,1,0.8386,0,8,4
10,1,5,HYD,BLR,548,1,13.4,0.19159282326763022,15,73,A321,0,0.5266,3,2,2
2,1,8,DEL,BLR,1755,0,5.8,0.44967800464311486,9,49,ATR72,0,0.2799,1,2,3
14,3,1,PNQ,BOM,160,1,11.3,0.12251100616775457,6,23,A320,1,0.649,8,0,0
23,0,4,BOM,PNQ,120,1,8.4,0.1579166412793201,5,69,ATR72,0,0.4132,0,8,3
17,2,6,MAA,BOM,1018,0,8.5,0.3317145404983125,9,60,B737,1,0.4827,5,0,1
3,6,10,MAA,BOM,975,0,12.1,0.3463140330682942,3,85,ATR72,0,0.3885,5,0,3
23,6,3,DEL,BLR,1778,0,2.7,0.45365889427146333,18,48,B737,0,0.3315,1,2,1
0,6,9,DEL,CCU,1336,2,9.6,0.41451913101995563,6,77,A320,1,0.8158,1,4,0
6,2,1,DEL,BLR,1788,0,10.4,0.4525274001930552,1,63,B777,0,0.381,1,2,4
10,6,9,BOM,HYD,637,2,12.8,0.25222245095740015,18,50,B737,1,0.9509,0,3,1
10,5,3,HYD,BLR,485,0,7.7,0.20011550366179814,19,30,B737,0,0.3,3,2,1
1,3,8,AMD,DEL,865,0,8.1,0.23842539553461273,11,54,B737,0,0.3454,6,1,1
15,0,10,BLR,BOM,839,1,3.3,0.2752408266512587,17,23,B777,1,0.5601,2,0,4
11,4,12,DEL,GOI,1928,0,10.2,0.3341300193523687,21,37,B737,1,0.5037,1,7,1
11,0,10,PNQ,BOM,119,1,3.2,0.14893178763405285,17,24,A320,1,0.5596,8,0,0
20,4,4,BOM,MAA,1033,1,12.1,0.28483462757672673,17,42,ATR72,1,0.8339,0,5,3
19,6,2,DEL,GOI,1934,0,2.7,0.33133464599240964,12,50,A321,0,0.3825,1,7,2
20,4,7,BLR,BOM,850,0,8.1,0.2649203104033967,13,28,A321,1,0.656,2,0,2
13,5,11,BOM,MAA,979,2,4.7,0.3416401340949804,14,60,A320,1,0.6367,0,5,0
22,3,9,DEL,BOM,1129,2,2.0,0.3591089794889075,2,52,A320,1,0.6436,1,0,0
6,1,3,BOM,PNQ,117,1,8.8,0.1581572936784712,12,41,ATR72,1,0.5333,0,8,3
23,3,8,HYD,BLR,481,0,9.1,0.19162466977529724,14,74,B777,0,0.3266,3,2,4
5,5,12,BOM,MAA,1052,0,7.8,0.3554157847779764,14,77,A320,0,0.2422,0,5,0
10,0,12,GOI,DEL,1942,0,1.3,0.3449936172350704,1,37,B777,0,0.208,7,1,4
7,0,11,BOM,PNQ,152,0,2.5,0.17616532697388915,2,42,A321,0,0.3405,0,8,2
15,4,2,GOI,DEL,1910,1,8.5,0.3540355806959752,8,63,A320,0,0.4416,7,1,0
19,0,10,PNQ,BOM,91,0,9.4,0.09013312709481211,11,54,B777,0,0.3861,8,0,4
4,6,6,DEL,GOI,1933,0,6.6,0.35139860821225,18,46,B777,0,0.3906,1,7,4
13,4,8,PNQ,BOM,135,0,10.6,0.10013650108911801,20,30,B737,1,0.5601,8,0,1
2,1,4,BLR,HYD,537,0,3.2,0.1558020870804156,10,67,B737,0,0.0623,2,3,1
6,4,1,MAA,BOM,1026,2,3.2,0.32059370088425543,11,51,ATR72,1,0.5782,5,0,3
4,4,11,BLR,DEL,1730,2,8.1,0.3600686593064998,7,77,B777,1,0.644,2,1,4
7,1,12,DEL,AMD,929,0,5.8,0.15907416089174337,2,36,ATR72,0,0.2836,1,6,3
14,3,8,BOM,PNQ,98,1,7.9,0.1259289167978536,11,53,ATR72,0,0.4504,0,8,3
8,2,11,BLR,HYD,494,2,7.5,0.15108196012020464,3,59,B737,1,0.6104,2,3,1
13,0,10,PNQ,BOM,122,1,3.7,0.18170089132875156,8,28,A321,0,0.4727,8,0,2
18,3,4,DEL,BLR,1737,1,13.9,0.3785166955863327,16,69,ATR72,1,0.8014,1,2,3
16,2,6,HYD,BLR,511,0,10.6,0.2278016048174185,4,61,A320,0,0.3911,3,2,0
15,2,4,HYD,BOM,574,0,2.2,0.2601355858277664,17,59,B737,0,0.2041,3,0,1
1,0,3,PNQ,BOM,83,0,8.3,0.13467719569074185,11,75,ATR72,0,0.2539,8,0,3
15,1,10,CCU,DEL,1263,0,7.4,0.47326960663202144,10,85,B777,0,0.1893,4,1,4
12,5,3,MAA,BOM,1023,2,9.3,0.2983654407273987,16,79,B777,1,0.7693,5,0,4
8,1,8,AMD,DEL,921,0,11.7,0.25733370879416556,11,30,ATR72,1,0.6729,6,1,3
19,6,12,BOM,DEL,1160,0,11.2,0.39419111925779643,10,57,B777,1,0.5577,0,1,4
19,5,5,BLR,DEL,1719,1,10.5,0.43836629327968196,1,77,ATR72,1,0.7753,2,1,3
1,2,3,DEL,CCU,1347,2,1.2,0.4574889323036334,3,27,A320,1,0.733,1,4,0
23,0,2,HYD,BOM,665,0,4.0,0.2312734921584851,7,29,B777,0,0.2425,3,0,4
15,6,1,HYD,BOM,645,3,13.8,0.3044813195780891,6,86,ATR72,1,0.9718,3,0,3
16,5,7,AMD,DEL,888,0,9.6,0.24125033640603855,10,58,A320,0,0.3465,6,1,0
5,2,5,CCU,DEL,1327,1,3.4,0.3969807654058026,10,44,B737,0,0.4288,4,1,1
22,3,2,HYD,BOM,637,1,4.0,0.30504761452468315,16,72,A321,0,0.422,3,0,2
5,2,4,CCU,DEL,1314,0,1.0,0.4036142631647579,12,64,ATR72,0,0.2114,4,1,3
7,3,6,HYD,BOM,583,1,6.1,0.2449330020174515,7,23,B737,1,0.698,3,0,1
16,2,7,BLR,BOM,892,2,4.0,0.3319411059799409,4,71,B777,1,0.6328,2,0,4
15,0,11,GOI,DEL,1864,3,9.1,0.33106508140690666,1,30,B777,1,0.9024,7,1,4
16,0,7,BOM,BLR,877,0,4.7,0.2949514585691533,19,78,A320,0,0.318,0,2,0
3,5,2,BOM,HYD,630,3,12.3,0.2397503019654016,7,85,B777,1,0.9459,0,3,4
6,1,12,HYD,BLR,509,0,10.5,0.1571067750637532,21,36,B737,0,0.4328,3,2,1
13,4,3,DEL,BOM,1189,1,11.1,0.3014688530790514,21,83,ATR72,1,0.6206,1,0,3
17,3,4,DEL,AMD,871,0,11.9,0.18791598846217528,6,61,A321,0,0.4252,1,6,2
4,5,4,MAA,BOM,1061,1,13.4,0.2606839592888253,12,22,A320,1,0.7543,5,0,0
15,2,7,BOM,MAA,1016,1,8.9,0.28810109822167485,9,30,A320,1,0.5852,0,5,0
3,0,10,HYD,BLR,472,1,6.3,0.19348258581503464,11,49,A320,0,0.3274,3,2,0
2,4,2,DEL,BOM,1192,1,2.4,0.34365867274012263,15,88,A321,0,0.3875,1,0,2
12,4,3,BLR,DEL,1763,2,4.8,0.3761990862670964,1,84,A321,1,0.5505,2,1,2
4,6,5,MAA,BOM,1051,3,6.1,0.26428243841961035,12,73,ATR72,1,0.8057,5,0,3
22,0,11,AMD,DEL,891,0,14.0,0.24116324127695526,19,88,A320,0,0.3965,6,1,0
14,4,1,BLR,DEL,1722,0,8.0,0.3558973207630705,5,49,B737,0,0.1424,2,1,1
20,4,12,DEL,GOI,1856,0,10.3,0.3517872865350477,14,44,A320,1,0.6107,1,7,0
8,1,4,HYD,BOM,609,0,9.7,0.24658532092900282,7,43,A321,0,0.4186,3,0,2
1,5,4,AMD,DEL,888,2,3.8,0.21319940751962896,14,68,A321,1,0.5853,6,1,2
22,1,5,BOM,DEL,1137,0,10.6,0.3315014641286144,12,58,B777,0,0.3826,0,1,4
23,2,8,BOM,BLR,815,0,10.1,0.28529589005871664,12,29,A320,1,0.6141,0,2,0
22,2,9,BLR,BOM,855,1,11.1,0.3498680944591916,21,63,B777,1,0.7399,2,0,4
16,0,10,DEL,AMD,843,2,6.8,0.22453813957130364,9,21,B777,1,0.6398,1,6,4
8,0,7,BOM,HYD,646,2,4.1,0.2023394935516822,17,49,ATR72,1,0.8309,0,3,3
23,0,1,DEL,BOM,1173,0,7.2,0.3787657578844593,4,79,ATR72,0,0.1515,1,0,3
12,3,9,HYD,BLR,517,1,7.5,0.2135145206938351,6,56,A321,0,0.3854,3,2,2
18,2,12,BOM,MAA,1029,1,4.8,0.3177985877868058,8,41,B777,1,0.5471,0,5,4
11,0,1,BLR,HYD,467,1,5.6,0.1930871008552766,17,54,ATR72,0,0.3772,2,3,3
20,0,5,BOM,MAA,1004,0,8.7,0.3601307670937215,13,62,B737,0,0.4441,0,5,1
14,6,7,CCU,DEL,1264,1,6.0,0.40752650692416736,11,34,B737,1,0.633,4,1,1
1,1,1,DEL,BOM,1174,2,7.4,0.3896946910836426,4,22,A320,1,0.7059,1,0,0
17,3,7,BOM,MAA,1011,0,9.7,0.3374393137340225,10,81,B737,0,0.485,0,5,1
20,6,10,BOM,BLR,875,0,4.9,0.2848290894900286,14,60,B737,0,0.3639,0,2,1
4,2,2,HYD,BOM,605,0,4.3,0.2625372050375085,9,69,ATR72,0,0.105,3,0,3
16,1,6,BOM,BLR,827,1,11.2,0.23805564233009513,11,24,ATR72,1,0.7952,0,2,3
17,2,2,BLR,HYD,525,1,2.3,0.20211981433769968,14,54,ATR72,1,0.4808,2,3,3
18,4,9,BLR,HYD,478,3,9.2,0.15210791666146842,1,70,A320,1,1.0,2,3,0
17,5,3,BOM,BLR,838,3,2.3,0.3210710005435857,17,40,B777,1,1.0,0,2,4
0,1,12,BLR,DEL,1690,0,7.5,0.41453147804985385,15,89,B737,0,0.2158,2,1,1
16,1,3,AMD,DEL,923,1,1.1,0.22493758815345608,15,58,A321,0,0.34,6,1,2
9,2,11,BOM,PNQ,137,2,1.0,0.10477245588771206,11,76,B737,1,0.6919,0,8,1
6,2,9,DEL,CCU,1255,0,2.2,0.4225725392224289,2,89,A320,0,0.269,1,4,0
14,3,5,DEL,GOI,1887,0,8.9,0.3856091086568335,10,43,B737,0,0.3242,1,7,1
1,1,3,HYD,BLR,455,2,10.3,0.23225653158116835,3,41,A320,1,0.7629,3,2,0
19,0,11,BLR,DEL,1776,0,5.6,0.4404480984114679,7,80,ATR72,0,0.3262,2,1,3
13,2,7,DEL,GOI,1872,0,10.5,0.3826492087205122,11,30,B777,1,0.5731,1,7,4
16,1,6,BOM,HYD,597,0,12.7,0.21434911885105512,13,40,B737,0,0.5057,0,3,1
3,0,10,BOM,BLR,813,2,7.7,0.3292417544164522,19,23,A321,1,0.7817,0,2,2
8,4,12,BOM,MAA,1020,1,6.8,0.31125141936862355,11,68,B737,0,0.5245,0,5,1
15,3,1,DEL,BOM,1186,1,2.1,0.3390195700491049,18,29,A321,1,0.5856,1,0,2
11,1,12,DEL,GOI,1882,0,13.9,0.3077120187656539,9,86,A320,0,0.3231,1,7,0
17,6,2,AMD,DEL,893,1,3.5,0.18186072348392238,9,40,B737,1,0.5427,6,1,1
9,4,8,BOM,BLR,795,0,1.3,0.23817514020687228,11,77,A320,0,0.3953,0,2,0
19,5,2,GOI,DEL,1871,0,3.9,0.3713075652463829,10,58,A321,0,0.3485,7,1,2
13,0,9,BOM,DEL,1147,0,11.5,0.39283744541371735,4,46,B777,0,0.4571,0,1,4
5,1,10,GOI,DEL,1893,0,6.3,0.3222863124060204,11,68,B777,0,0.1789,7,1,4
12,5,9,BOM,DEL,1104,1,9.6,0.3645739577534891,8,67,A320,1,0.5958,0,1,0
17,3,3,BOM,PNQ,107,0,6.3,0.17045089256077678,4,73,A320,0,0.2682,0,8,0
7,4,3,BLR,DEL,1727,0,1.4,0.4268397630344735,1,82,B737,0,0.3207,2,1,1
6,4,10,DEL,BOM,1133,1,9.4,0.326975777947142,10,41,A321,0,0.5008,1,0,2
9,2,11,HYD,BLR,463,1,10.3,0.16188201889702922,13,33,A321,1,0.7348,3,2,2
15,1,10,BLR,BOM,840,2,4.2,0.33083404369015396,14,50,A321,1,0.5823,2,0,2
19,2,3,MAA,BOM,1053,0,7.2,0.28542883472184455,8,31,A320,0,0.3342,5,0,0
10,2,11,BLR,HYD,524,0,6.9,0.21813464745897743,5,32,B737,0,0.1573,2,3,1
20,5,4,BLR,DEL,1771,0,1.7,0.3838452045186281,13,83,A320,0,0.4035,2,1,0
18,6,4,DEL,BLR,1767,1,2.4,0.39625616033448,17,27,B737,1,0.8085,1,2,1
11,6,2,DEL,CCU,1340,2,10.4,0.44977005406172915,12,23,B777,1,1.0,1,4,4
12,3,3,AMD,DEL,852,0,10.0,0.2103303276556798,9,53,A320,0,0.1841,6,1,0
11,4,12,BOM,HYD,606,1,4.4,0.24052473289664247,11,79,A321,0,0.3462,0,3,2
17,0,7,PNQ,BOM,150,0,10.0,0.16087120195165694,2,60,ATR72,1,0.4643,8,0,3
12,0,8,BOM,HYD,593,0,6.4,0.27069473454584486,7,73,A320,0,0.2083,0,3,0
6,2,3,DEL,CCU,1310,3,8.1,0.42204533081115136,6,40,A321,1,0.9388,1,4,2
12,6,1,DEL,BOM,1163,0,3.9,0.30752010869500174,13,64,A320,0,0.223,1,0,0
14,2,1,PNQ,BOM,83,0,10.0,0.13858591560923156,11,62,A321,0,0.2554,8,0,2
19,2,7,HYD,BOM,652,0,9.6,0.26063391546375664,13,38,A321,1,0.5743,3,0,2
12,1,4,MAA,BOM,1028,0,10.6,0.34025656522821324,6,70,B777,0,0.3361,5,0,4
11,4,12,BOM,DEL,1113,1,2.1,0.38803185706879756,20,55,B737,0,0.4552,0,1,1
20,3,10,BOM,BLR,864,0,7.0,0.2621724725018855,16,23,B737,1,0.5049,0,2,1
15,4,4,DEL,GOI,1923,1,5.6,0.302486263361573,18,83,ATR72,0,0.421,1,7,3
23,0,10,BOM,HYD,598,0,3.1,0.2909083815422551,15,53,A321,0,0.1664,0,3,2
11,6,5,BLR,BOM,814,2,3.1,0.2517887108404871,15,51,B737,1,0.6007,2,0,1
12,0,11,GOI,DEL,1875,2,3.2,0.2847938845233927,18,76,ATR72,1,0.6139,7,1,3
8,4,8,BOM,DEL,1189,0,4.2,0.33996949798737774,19,73,ATR72,0,0.486,0,1,3
8,6,9,BLR,HYD,495,1,11.6,0.14371694444283753,6,77,B737,1,0.7575,2,3,1
9,0,8,HYD,BOM,593,2,3.4,0.24043409555628031,3,89,A320,1,0.7462,3,0,0
10,3,10,BOM,DEL,1098,0,12.4,0.403425146876235,11,49,A320,0,0.4114,0,1,0
10,3,12,DEL,BOM,1101,0,3.8,0.38737089584544915,9,54,B737,0,0.1549,1,0,1
5,6,5,GOI,DEL,1864,0,2.7,0.3159924649449763,15,81,A320,0,0.2264,7,1,0
12,2,12,DEL,AMD,916,0,4.7,0.18214584062304073,12,20,ATR72,0,0.2729,1,6,3
23,1,7,DEL,GOI,1891,1,6.2,0.3097803362138597,4,86,B777,0,0.4239,1,7,4
16,3,4,BLR,BOM,851,0,6.5,0.3142157437459424,16,49,A320,0,0.2257,2,0,0
15,6,4,DEL,AMD,938,1,5.2,0.17238149250417895,16,77,ATR72,0,0.419,1,6,3
10,3,10,HYD,BOM,669,2,2.1,0.22121291686118566,14,89,A321,1,0.5385,3,0,2
7,3,9,DEL,BLR,1694,0,9.1,0.43966236339687914,18,70,B777,1,0.6259,1,2,4
15,6,10,PNQ,BOM,159,0,9.7,0.10807567826203676,20,25,A321,0,0.4932,8,0,2
21,0,12,PNQ,BOM,80,0,11.9,0.11682835681745136,2,52,A321,0,0.2967,8,0,2
23,3,2,DEL,AMD,898,0,4.6,0.1564205579321482,20,66,ATR72,0,0.1626,1,6,3
10,0,10,DEL,BLR,1697,0,5.5,0.4014529893645939,6,48,B737,0,0.1606,1,2,1
7,2,5,MAA,BOM,1052,0,6.2,0.3360807625570045,10,62,A321,0,0.2844,5,0,2
13,5,2,BOM,DEL,1165,0,10.6,0.4175215920744876,16,28,B737,1,0.667,0,1,1
3,2,1,BLR,BOM,854,2,3.5,0.26441032554463056,14,26,A320,1,0.7058,2,0,0
19,5,1,BLR,BOM,878,0,1.1,0.2949804549130607,18,65,B737,0,0.418,2,0,1
6,3,4,DEL,BLR,1787,1,10.9,0.4203670637220717,2,45,ATR72,1,0.5681,1,2,3
18,1,4,MAA,BOM,1055,0,6.0,0.2758763471334208,12,55,B737,0,0.3104,5,0,1
1,5,5,CCU,DEL,1274,0,9.1,0.4192842023484761,4,81,A320,0,0.3177,4,1,0
16,4,11,BOM,PNQ,161,2,7.1,0.1783167484958853,16,21,B737,1,0.7713,0,8,1
21,4,7,DEL,GOI,1911,1,10.0,0.31414806706650156,11,72,A320,1,0.5757,1,7,0
5,1,12,BOM,MAA,1034,2,4.4,0.2792574057101786,21,61,A320,1,0.6117,0,5,0
14,0,11,MAA,BOM,1012,0,12.3,0.3318247681735232,8,72,B777,0,0.3327,5,0,4
7,0,11,AMD,DEL,888,2,10.4,0.17835210278290295,20,33,B737,1,0.9913,6,1,1
7,0,1,BLR,BOM,800,1,6.7,0.2528109342207519,8,60,B777,0,0.4511,2,0,4
15,0,10,BOM,HYD,639,1,2.7,0.27529909120270213,3,57,ATR72,0,0.3101,0,3,3
11,0,2,BOM,DEL,1105,0,4.0,0.34299297518649674,20,48,A321,0,0.2372,0,1,2
19,3,5,BOM,BLR,874,0,3.2,0.2788812595812211,6,30,A320,0,0.3316,0,2,0
7,2,5,BOM,BLR,875,1,8.5,0.23458879889318296,19,60,B777,1,0.6438,0,2,4
19,6,6,BOM,HYD,639,1,6.2,0.20032167733197545,2,22,B737,1,0.7301,0,3,1
3,6,1,BLR,BOM,825,0,10.7,0.29383954648122185,12,69,ATR72,0,0.4175,2,0,3
9,1,4,DEL,AMD,908,1,12.8,0.1628426253624914,16,47,B737,1,0.7151,1,6,1
19,5,11,BOM,PNQ,163,0,7.3,0.14970423080951661,15,76,A320,0,0.3599,0,8,0
4,3,5,BOM,DEL,1178,0,12.4,0.3494414754281091,20,24,B737,1,0.5898,0,1,1
16,6,11,BLR,DEL,1691,0,6.8,0.38008546518067304,12,20,ATR72,0,0.402,2,1,3
7,4,12,BOM,HYD,640,1,13.6,0.292716531040428,13,77,ATR72,1,0.7171,0,3,3
14,6,12,AMD,DEL,847,0,2.9,0.21776558693356263,4,78,A320,0,0.1371,6,1,0
21,5,6,BOM,BLR,844,0,7.9,0.29049994581979915,13,40,ATR72,0,0.3862,0,2,3
20,6,4,DEL,AMD,895,1,4.8,0.24586667905288334,5,37,A320,1,0.5683,1,6,0
7,4,2,DEL,GOI,1861,0,13.9,0.3440807766159798,21,24,ATR72,1,0.7376,1,7,3
7,0,6,HYD,BLR,515,0,5.3,0.1607847487104246,17,88,B737,0,0.4143,3,2,1
3,4,11,BLR,DEL,1705,0,7.5,0.4159625858465015,5,89,ATR72,0,0.1664,2,1,3
6,6,3,HYD,BOM,621,1,10.8,0.31280016708679886,8,52,A321,1,0.5751,3,0,2
3,2,2,BOM,DEL,1171,0,8.8,0.4127712345308875,13,26,A321,0,0.4651,0,1,2
16,6,6,CCU,DEL,1303,0,3.3,0.43894350306737184,15,85,ATR72,0,0.3756,4,1,3
12,5,3,GOI,DEL,1874,0,4.0,0.2854330299806009,19,38,A320,0,0.3342,7,1,0
2,0,4,AMD,DEL,905,1,7.7,0.2179851112684963,3,30,B777,0,0.3572,6,1,4
6,1,10,BLR,DEL,1780,0,3.1,0.36612779271890056,2,77,A320,0,0.1465,2,1,0
6,0,10,BOM,MAA,995,3,9.1,0.3158806106847421,20,82,A320,1,0.9264,0,5,0
6,2,7,DEL,CCU,1311,0,6.3,0.42360872006980027,21,35,B737,0,0.4394,1,4,1
14,0,5,BOM,HYD,664,1,1.5,0.2022160391191553,5,51,A321,0,0.2809,0,3,2
12,4,10,BLR,HYD,535,1,11.6,0.1870063460011581,21,50,ATR72,1,0.5748,2,3,3
0,3,9,BOM,BLR,804,1,7.9,0.2962188778187482,12,34,ATR72,1,0.5385,0,2,3
2,0,2,DEL,BOM,1133,0,2.6,0.3112920781815106,20,49,A321,0,0.2245,1,0,2
1,3,4,DEL,BLR,1758,2,5.8,0.4315379150849735,12,85,B737,1,0.6226,1,2,1
6,0,8,HYD,BLR,522,1,13.9,0.21062256705832758,7,48,ATR72,1,0.5842,3,2,3
0,3,9,BLR,HYD,523,2,7.1,0.17257292971427074,3,33,A320,1,0.639,2,3,0
15,5,10,MAA,BOM,1005,0,1.0,0.3434381402660742,12,29,A320,0,0.3874,5,0,0
9,6,10,DEL,AMD,900,0,6.5,0.19861681966829187,1,88,A320,0,0.2794,1,6,0
13,1,4,BLR,BOM,795,0,13.3,0.33700230154917127,16,59,A320,0,0.4348,2,0,0
8,3,8,HYD,BOM,611,0,1.7,0.30952875795786,5,32,B777,0,0.4438,3,0,4
5,6,9,BOM,MAA,1010,0,3.3,0.3345975232286549,6,51,B737,0,0.2838,0,5,1
14,6,8,BOM,PNQ,74,0,2.6,0.18377038920351146,7,21,A320,0,0.4235,0,8,0
22,0,3,DEL,GOI,1884,0,1.3,0.3078944528715243,10,47,B737,0,0.1232,1,7,1
6,5,4,DEL,GOI,1904,1,7.1,0.332433634817639,17,48,A321,0,0.483,1,7,2
10,6,2,CCU,DEL,1322,0,13.8,0.40720742535430776,18,78,A320,0,0.5129,4,1,0
18,5,5,MAA,BOM,1020,0,5.2,0.29798144352683514,2,25,A320,0,0.4692,5,0,0
22,2,9,GOI,DEL,1884,0,6.7,0.2932892759027981,6,43,B777,0,0.2873,7,1,4
9,1,1,BLR,BOM,885,2,12.1,0.2879729369306243,11,85,A320,1,0.9152,2,0,0
4,1,5,BLR,DEL,1735,1,2.7,0.4172039006276857,21,47,B777,0,0.4669,2,1,4
4,5,11,DEL,GOI,1940,2,11.9,0.38221156550668933,20,76,B737,1,0.9029,1,7,1
20,0,4,BLR,BOM,848,0,13.2,0.3192181328527143,12,25,B737,1,0.6777,2,0,1
22,3,11,DEL,AMD,907,0,4.3,0.2311473217087447,18,72,ATR72,0,0.1925,1,6,3
3,2,5,HYD,BLR,548,1,3.1,0.23843476459035223,13,20,A321,0,0.4954,3,2,2
17,4,9,BLR,DEL,1784,0,10.6,0.39843367456863843,3,41,B777,1,0.6794,2,1,4
22,6,2,CCU,DEL,1301,0,4.1,0.45045441341513126,13,81,B737,0,0.2802,4,1,1
23,0,11,BOM,PNQ,134,1,11.9,0.1569592949230415,12,43,A320,1,0.6328,0,8,0
1,6,2,DEL,AMD,918,1,8.3,0.15950079028376601,7,29,B737,1,0.5638,1,6,1
17,4,8,DEL,BOM,1192,0,4.2,0.33811523588127246,3,34,A320,0,0.4552,1,0,0
21,1,2,BLR,BOM,838,1,3.7,0.2733472224203075,9,83,A321,0,0.3093,2,0,2
15,4,6,BOM,BLR,835,3,11.2,0.24967591622474083,3,77,B777,1,0.9999,0,2,4
16,3,4,DEL,CCU,1342,0,10.2,0.4147076041872175,17,39,A320,1,0.5359,1,4,0
9,0,1,HYD,BOM,601,0,6.2,0.3082011365043445,15,80,B777,0,0.3233,3,0,4
0,6,10,GOI,DEL,1853,0,13.5,0.3633200001081073,10,82,A320,0,0.3953,7,1,0
21,2,1,BOM,HYD,628,0,11.5,0.2510147658577042,2,72,A320,0,0.3004,0,3,0
5,4,6,PNQ,BOM,153,2,12.5,0.1737842288862804,7,55,B737,1,0.8195,8,0,1
16,1,4,HYD,BLR,481,1,13.6,0.18549602510750723,1,20,A321,1,0.6242,3,2,2
4,1,3,DEL,BLR,1782,2,9.7,0.39586971708479807,3,32,A321,1,0.7283,1,2,2
1,3,7,BOM,DEL,1129,0,4.0,0.3472057679370386,15,34,B777,0,0.3589,0,1,4
6,4,9,MAA,BOM,1060,0,4.6,0.2516534798556022,21,75,B777,0,0.3007,5,0,4
5,2,7,BOM,PNQ,80,0,7.2,0.16173541116322426,19,26,A321,0,0.4647,0,8,2
23,6,11,BOM,BLR,850,1,11.2,0.3201972093853065,7,76,ATR72,1,0.5781,0,2,3
2,1,5,DEL,GOI,1909,0,13.9,0.3901103585315327,8,26,A320,1,0.506,1,7,0
8,3,2,HYD,BOM,635,1,8.5,0.3151889794637788,18,82,A321,1,0.6761,3,0,2
13,5,11,BOM,DEL,1141,1,13.1,0.42881756448771474,6,67,ATR72,1,0.6215,0,1,3
11,2,6,BLR,HYD,464,0,8.8,0.13169433107189787,11,35,A320,0,0.3727,2,3,0
1,6,8,GOI,DEL,1881,0,8.5,0.3189253124879126,12,81,B777,0,0.4276,7,1,4
14,3,2,DEL,GOI,1937,0,9.3,0.31908045680061303,1,39,B777,0,0.2976,1,7,4
11,4,3,BLR,BOM,813,0,10.7,0.26048539306978835,17,49,B777,0,0.4042,2,0,4
12,2,8,HYD,BLR,467,0,7.3,0.19065268448768094,6,36,A321,0,0.2463,3,2,2
20,5,9,CCU,DEL,1352,2,1.2,0.4340459081235025,17,46,A321,1,0.9736,4,1,2
12,5,1,CCU,DEL,1275,2,2.3,0.44846674977925477,1,33,B737,1,0.6994,4,1,1
2,1,9,HYD,BOM,638,3,2.2,0.3140178937531353,20,52,A321,1,0.9256,3,0,2
15,2,5,BOM,PNQ,142,2,4.5,0.16453024698248112,18,59,B777,1,0.6158,0,8,4
22,6,8,BOM,BLR,809,0,1.1,0.24869582898149595,1,40,ATR72,0,0.3195,0,2,3
18,1,1,CCU,DEL,1352,0,1.2,0.4062589736652154,1,25,B737,0,0.4625,4,1,1
11,2,11,AMD,DEL,918,0,4.7,0.19065422539782664,14,88,B777,0,0.1263,6,1,4
22,1,2,GOI,DEL,1930,1,7.2,0.2878661646441678,15,23,B737,1,0.5151,7,1,1
14,5,2,BOM,PNQ,130,0,13.6,0.1886137464975876,3,42,ATR72,0,0.4454,0,8,3
23,1,10,BLR,DEL,1778,2,13.8,0.4194316141755061,2,22,A320,1,0.9178,2,1,0
0,6,8,AMD,DEL,859,0,13.2,0.2453559612598698,5,80,A320,0,0.4481,6,1,0
22,1,1,PNQ,BOM,102,1,6.0,0.12286486166058733,9,37,B737,0,0.3691,8,0,1
0,5,5,DEL,BLR,1728,0,5.7,0.37159254146743986,16,45,B777,0,0.2986,1,2,4
2,2,2,GOI,DEL,1884,0,9.8,0.28646483036558185,14,47,A321,0,0.2646,7,1,2
23,1,10,CCU,DEL,1303,0,8.6,0.39966732191282844,4,46,A321,0,0.2599,4,1,2
19,5,2,BLR,HYD,488,0,7.5,0.1617522596408099,18,54,A321,0,0.3647,2,3,2
2,3,9,HYD,BOM,613,1,12.9,0.22352127108035488,10,36,B777,1,0.6594,3,0,4
8,0,12,HYD,BLR,490,1,13.6,0.18595557311628286,10,82,B737,1,0.6244,3,2,1
0,1,11,BLR,DEL,1731,0,2.2,0.4229537798288949,4,49,ATR72,0,0.1692,2,1,3
16,0,6,BOM,HYD,662,0,7.4,0.23193276568900079,18,33,ATR72,0,0.3628,0,3,3
19,6,7,BLR,DEL,1770,1,10.0,0.4450246093917983,17,21,A321,1,1.0,2,1,2
10,6,1,DEL,AMD,852,2,3.3,0.24253963645925064,3,23,ATR72,1,0.697,1,6,3
5,2,11,DEL,CCU,1352,1,7.8,0.44905376256173923,7,81,ATR72,0,0.3796,1,4,3
17,4,10,PNQ,BOM,162,2,2.0,0.10533622549079141,6,24,A320,1,0.7921,8,0,0
11,2,3,DEL,BOM,1185,1,9.9,0.39017620414056264,5,79,A320,0,0.4561,1,0,0
11,6,11,AMD,DEL,858,2,9.2,0.2574951095036909,19,86,B777,1,0.753,6,1,4
6,3,1,AMD,DEL,860,0,4.1,0.1836818739461385,3,59,A321,0,0.0735,6,1,2
1,5,3,DEL,BOM,1177,1,2.6,0.33203303100617915,13,49,B777,0,0.4328,1,0,4
0,5,3,DEL,CCU,1290,2,4.8,0.47509678808760103,16,23,ATR72,1,0.89,1,4,3
6,1,11,BOM,MAA,1001,1,2.6,0.3120025740523899,15,46,ATR72,0,0.3748,0,5,3
10,6,6,BOM,BLR,808,1,9.1,0.2953136372715992,7,46,A321,1,0.5681,0,2,2
3,2,10,HYD,BLR,450,2,4.8,0.1831071522813808,11,41,ATR72,1,0.5932,3,2,3
6,4,10,DEL,CCU,1279,0,10.8,0.49457466933539296,17,37,ATR72,1,0.5678,1,4,3
11,5,4,BOM,BLR,831,0,9.0,0.30214038563476375,7,77,A320,0,0.2709,0,2,0
5,3,3,DEL,GOI,1907,0,9.7,0.3223432022798531,20,63,B777,0,0.3289,1,7,4
12,4,5,PNQ,BOM,96,0,3.4,0.09043309254905404,14,89,A321,0,0.1362,8,0,2
17,3,12,BOM,PNQ,121,0,4.5,0.16832515320711133,9,31,ATR72,0,0.3373,0,8,3
15,5,3,DEL,AMD,926,3,12.8,0.19609763699489813,9,33,B777,1,0.9984,1,6,4
15,5,9,DEL,BOM,1153,0,3.9,0.32267694143439857,8,59,A321,0,0.2791,1,0,2
3,3,10,DEL,AMD,926,0,7.0,0.18493473270833305,20,23,A320,0,0.324,1,6,0
8,0,1,PNQ,BOM,142,0,3.2,0.1719745921380546,2,42,A320,0,0.3388,8,0,0
22,1,11,BLR,HYD,540,0,4.6,0.20167312071234383,21,64,ATR72,0,0.1807,2,3,3
21,3,6,BOM,HYD,651,1,1.6,0.2574054858849362,14,82,ATR72,0,0.453,0,3,3
5,1,10,DEL,AMD,912,1,7.2,0.21070504315079164,13,30,B777,0,0.4043,1,6,4
2,5,9,BLR,HYD,494,1,2.9,0.1430108324522857,14,60,ATR72,1,0.4572,2,3,3
11,3,5,DEL,BOM,1119,1,10.4,0.33924552265879493,3,62,B777,0,0.5357,1,0,4
23,6,4,BOM,BLR,848,0,13.7,0.23881701466837474,8,69,A320,0,0.3455,0,2,0
0,6,6,DEL,GOI,1949,2,11.3,0.3326001986029523,20,38,B737,1,1.0,1,7,1
3,4,2,DEL,CCU,1324,3,10.1,0.47966064342761894,14,72,ATR72,1,1.0,1,4,3
6,5,11,MAA,BOM,1058,0,9.2,0.3317151508409039,2,65,A320,0,0.2827,5,0,0
21,5,2,HYD,BOM,656,0,12.2,0.24986691142042186,16,27,B777,1,0.5999,3,0,4
2,1,4,PNQ,BOM,156,2,6.7,0.13963303723844905,19,73,ATR72,1,0.6059,8,0,3
21,0,4,AMD,DEL,856,3,11.8,0.21491352189760038,2,67,B777,1,0.886,6,1,4
12,4,3,BLR,DEL,1783,1,11.6,0.4086770505686232,10,43,B737,1,0.6335,2,1,1
11,0,1,GOI,DEL,1891,0,6.7,0.3647002934778552,10,28,A321,0,0.2959,7,1,2
16,5,7,MAA,BOM,994,0,10.6,0.25710775427668253,20,48,ATR72,1,0.5528,5,0,3
7,2,4,BLR,HYD,523,0,3.1,0.17994465606955695,11,52,A321,0,0.272,2,3,2
12,6,1,BLR,BOM,809,0,11.7,0.3112198667257246,11,74,B777,0,0.4245,2,0,4
21,1,11,BOM,PNQ,92,1,8.3,0.1551925906494154,17,22,A320,1,0.6621,0,8,0
2,2,8,PNQ,BOM,94,1,9.7,0.10946739783824808,16,82,A321,1,0.5938,8,0,2
14,6,11,HYD,BLR,467,0,4.1,0.17436857862494914,13,78,A321,0,0.1697,3,2,2
16,6,9,DEL,GOI,1906,1,10.6,0.35032560828982356,12,73,B777,1,0.7401,1,7,4
22,4,10,DEL,GOI,1850,2,11.9,0.36489204773465955,11,33,ATR72,1,0.866,1,7,3
8,6,3,GOI,DEL,1899,2,9.3,0.3558825091177795,14,30,A321,1,0.9624,7,1,2
21,0,7,BOM,PNQ,155,1,6.1,0.13438653610679352,9,66,A320,0,0.4038,0,8,0
6,3,5,MAA,BOM,987,0,5.2,0.26965000097433,21,34,B737,0,0.2779,5,0,1
7,1,2,GOI,DEL,1928,1,6.1,0.37286416754630347,1,51,B737,1,0.4991,7,1,1
0,6,3,BOM,DEL,1120,0,6.8,0.3604434977449301,16,28,A320,0,0.4442,0,1,0
10,6,10,BOM,DEL,1120,0,5.0,0.4229931296928472,15,22,A320,0,0.4192,0,1,0
10,5,5,BOM,DEL,1100,2,8.4,0.40776245728882454,9,67,A321,1,0.7131,0,1,2
0,0,9,BOM,PNQ,115,0,13.4,0.12324385410105346,3,77,B777,0,0.3993,0,8,4
2,2,4,BOM,HYD,664,1,10.2,0.29040575580052946,10,50,A321,1,0.5162,0,3,2
16,0,4,MAA,BOM,1053,0,2.9,0.3055639564733122,18,78,ATR72,0,0.2222,5,0,3
19,3,6,BLR,HYD,468,0,4.1,0.20809752584028857,1,59,ATR72,0,0.3332,2,3,3
15,6,2,DEL,BOM,1152,2,2.5,0.3841981014867319,18,78,B777,1,0.7037,1,0,4
17,5,7,DEL,CCU,1339,0,4.1,0.40035954415830116,1,20,ATR72,1,0.6101,1,4,3
15,0,7,DEL,AMD,894,0,12.5,0.20764648681141415,11,41,A320,0,0.5031,1,6,0
0,0,2,BOM,BLR,880,0,2.3,0.3021209016689386,17,23,ATR72,0,0.3708,0,2,3
21,2,2,HYD,BOM,609,0,12.2,0.2788093045142864,6,53,ATR72,0,0.3115,3,0,3
15,6,7,CCU,DEL,1275,0,13.6,0.42689383553713234,21,35,B777,1,0.6908,4,1,4
4,1,1,BOM,DEL,1101,0,6.5,0.4052827478588213,19,75,A321,0,0.2621,0,1,2
22,6,2,MAA,BOM,1059,0,6.5,0.27942430840046883,15,71,B777,0,0.2118,5,0,4
4,4,5,BOM,MAA,1063,0,8.4,0.3614063499273958,15,53,ATR72,0,0.2946,0,5,3
3,0,11,GOI,DEL,1898,1,13.4,0.28258447044467155,12,48,A320,1,0.563,7,1,0
6,5,2,BOM,BLR,803,0,13.0,0.23537878475055912,1,39,A321,0,0.4142,0,2,2
9,1,1,HYD,BLR,457,0,9.2,0.22766180813758163,18,34,B737,1,0.5111,3,2,1
22,6,1,BLR,HYD,522,0,3.9,0.19394640308354116,12,43,A321,0,0.2476,2,3,2
21,6,8,CCU,DEL,1258,0,8.0,0.3862255831573697,21,57,A321,0,0.4045,4,1,2
4,2,2,BOM,PNQ,133,1,3.4,0.13389715000977614,13,73,ATR72,0,0.3536,0,8,3
9,4,10,BLR,DEL,1759,0,10.0,0.43794603431786494,8,87,B777,0,0.4252,2,1,4
12,6,11,BOM,HYD,595,0,1.6,0.2994661393377387,13,51,B737,0,0.2198,0,3,1
9,5,9,PNQ,BOM,162,0,4.5,0.11776348757849514,8,70,A321,0,0.3971,8,0,2
15,5,2,BOM,PNQ,161,0,8.0,0.15683181409372188,13,78,A321,0,0.2127,0,8,2
23,1,2,BOM,MAA,970,2,4.2,0.3362019278227209,6,36,A321,1,0.6045,0,5,2
3,4,1,AMD,DEL,901,0,3.8,0.21066825588011756,17,81,A321,0,0.1843,6,1,2
10,4,1,BOM,PNQ,74,1,2.9,0.10819150468457589,11,31,A320,0,0.4133,0,8,0
22,5,6,HYD,BLR,492,0,9.7,0.19438625727401332,14,28,A321,0,0.5278,3,2,2
5,2,1,DEL,BOM,1118,0,10.2,0.30969656241826593,19,33,B737,0,0.4939,1,0,1
14,5,1,BLR,DEL,1699,2,4.1,0.35385908872324157,6,87,A321,1,0.5915,2,1,2
3,4,8,BOM,HYD,576,2,7.8,0.28164304963122677,7,60,A321,1,0.6127,0,3,2
0,5,7,DEL,BLR,1775,0,5.4,0.4312351343632695,20,49,A321,0,0.4225,1,2,2
5,4,7,BOM,BLR,823,1,2.3,0.24704741041142492,13,73,A321,0,0.4488,0,2,2
3,0,6,BLR,DEL,1743,2,12.1,0.4321062523549978,18,21,B737,1,1.0,2,1,1
8,0,1,AMD,DEL,873,0,10.1,0.21526143453253405,12,67,A321,0,0.4861,6,1,2
22,6,4,BOM,BLR,839,0,1.5,0.2881796344549386,19,48,B777,0,0.2653,0,2,4
21,0,6,DEL,BLR,1694,1,9.2,0.422623565314906,13,72,ATR72,1,0.619,1,2,3
13,5,4,HYD,BLR,530,0,13.4,0.19836180450929233,18,21,ATR72,1,0.5793,3,2,3
12,4,2,MAA,BOM,984,0,12.0,0.2766004154886375,9,23,A321,0,0.4606,5,0,2
11,4,12,DEL,BOM,1184,3,2.7,0.36375631770652617,4,22,A321,1,0.8955,1,0,2
4,6,12,BOM,HYD,641,1,4.0,0.26288514448262223,19,21,A320,1,0.6052,0,3,0
19,5,11,BLR,BOM,796,0,11.5,0.331646272688034,5,84,A320,1,0.5327,2,0,0
10,0,3,HYD,BLR,467,0,11.3,0.18032878888815398,9,25,B777,0,0.4221,3,2,4
13,6,5,AMD,DEL,928,2,13.7,0.18454762978000697,21,52,ATR72,1,0.8238,6,1,3
4,0,9,BOM,DEL,1172,0,2.0,0.3688439914329412,12,31,A321,0,0.3675,0,1,2
12,2,4,AMD,DEL,841,1,5.7,0.21040441256651898,5,37,B777,0,0.3542,6,1,4
11,6,12,HYD,BOM,617,1,9.5,0.27664759637443115,4,44,A320,0,0.5307,3,0,0
14,2,7,DEL,BLR,1738,1,12.5,0.3777166891325269,16,84,A321,1,0.7511,1,2,2
22,6,11,BLR,DEL,1708,3,6.3,0.3939560593587322,21,39,B777,1,0.9776,2,1,4
14,4,7,PNQ,BOM,103,1,11.8,0.16515381177158328,4,23,B737,1,0.7661,8,0,1
14,5,11,BLR,BOM,830,0,7.8,0.25313272037249396,17,62,A321,0,0.2513,2,0,2
18,0,4,DEL,AMD,853,1,11.0,0.15036013676454563,19,25,A321,1,0.8601,1,6,2
5,5,8,HYD,BLR,537,0,7.9,0.2360725995317493,16,27,A320,1,0.4944,3,2,0
19,4,1,DEL,BLR,1759,0,8.4,0.4002937473945577,21,28,ATR72,1,0.6601,1,2,3
15,5,9,CCU,DEL,1339,1,8.9,0.4084523693650585,3,68,B737,1,0.6134,4,1,1
11,5,1,CCU,DEL,1268,1,1.2,0.4068084944093545,17,80,B777,1,0.5127,4,1,4
21,6,1,DEL,GOI,1893,0,1.0,0.3384465694837119,8,33,B777,0,0.2554,1,7,4
9,0,7,PNQ,BOM,96,1,5.0,0.13546863960752076,6,47,A320,1,0.5542,8,0,0
9,6,11,BLR,HYD,488,0,9.6,0.21085598145562007,9,40,A320,0,0.4543,2,3,0
1,5,9,BOM,MAA,1013,3,7.7,0.3429979118135671,1,53,B737,1,0.8872,0,5,1
12,5,1,BLR,DEL,1775,0,3.6,0.4001519710689442,2,26,A320,0,0.3601,2,1,0
21,0,8,AMD,DEL,880,0,2.8,0.24098683888596345,8,25,A321,0,0.3464,6,1,2
8,5,11,BLR,HYD,516,0,2.9,0.18061261869216327,18,29,A321,1,0.5222,2,3,2
13,0,8,CCU,DEL,1271,0,6.8,0.41892964667553123,16,62,A321,0,0.3676,4,1,2
12,6,2,CCU,DEL,1318,1,1.9,0.38721275684398093,3,28,B777,1,0.5549,4,1,4
10,1,5,DEL,AMD,927,0,8.7,0.24681336050270952,13,65,ATR72,0,0.2487,1,6,3
22,1,2,DEL,CCU,1257,2,6.6,0.4621183351679833,9,41,A320,1,0.6548,1,4,0
2,5,6,HYD,BLR,501,0,3.5,0.15671428334096,19,58,A321,0,0.3127,3,2,2
15,0,2,BOM,HYD,615,0,9.3,0.24917813423429463,16,70,B777,0,0.2997,0,3,4
20,0,3,DEL,BOM,1108,0,6.8,0.3551960027429834,11,33,A321,0,0.4121,1,0,2
9,5,9,CCU,DEL,1340,0,13.3,0.42833457608007186,3,66,A320,1,0.6713,4,1,0
5,3,8,HYD,BOM,662,1,2.1,0.2648330966256116,18,45,ATR72,1,0.5059,3,0,3
11,1,2,HYD,BLR,492,0,13.0,0.21765697809772616,12,27,B737,1,0.4871,3,2,1
10,0,7,BOM,DEL,1164,1,8.3,0.36668482260761626,19,34,B777,1,0.7167,0,1,4
13,4,11,DEL,GOI,1920,0,6.3,0.3109830092965919,2,35,B737,0,0.1944,1,7,1
22,2,6,BOM,PNQ,124,1,13.1,0.126672782322674,17,30,B737,1,0.7707,0,8,1
12,5,5,BLR,HYD,471,0,1.2,0.1399585289525203,6,42,A320,0,0.176,2,3,0
0,3,1,PNQ,BOM,89,3,8.6,0.14897136240631786,16,44,A321,1,0.9796,8,0,2
14,5,10,GOI,DEL,1876,0,10.5,0.3146923226831348,15,45,B737,0,0.4259,7,1,1
22,4,8,BLR,DEL,1758,2,3.9,0.3552315488581279,7,55,ATR72,1,0.6421,2,1,3
9,6,7,GOI,DEL,1852,2,4.5,0.34684407514942783,15,45,A321,1,0.8887,7,1,2
5,6,8,DEL,CCU,1342,1,9.7,0.4029367768496197,18,20,A321,1,0.8612,1,4,2
14,0,7,BOM,HYD,654,0,13.6,0.2900510976258077,16,88,A320,1,0.516,0,3,0
8,3,12,BLR,HYD,519,0,12.7,0.16163647414766563,16,33,A321,1,0.5847,2,3,2
10,0,6,BOM,HYD,661,0,7.9,0.27323059753202494,12,63,B737,0,0.2593,0,3,1
5,6,7,DEL,BLR,1786,0,8.8,0.4324150214414346,2,73,B737,0,0.423,1,2,1
9,3,2,BOM,DEL,1188,0,4.7,0.3679395116401865,9,65,A321,0,0.2972,0,1,2
1,0,9,HYD,BLR,516,2,10.9,0.14254122029488164,14,52,B777,1,0.807,3,2,4
6,2,8,DEL,GOI,1947,1,6.3,0.3418040243081541,15,32,ATR72,1,0.5567,1,7,3
9,4,12,BOM,MAA,1042,1,1.7,0.33737614183400844,5,58,A320,0,0.485,0,5,0
6,0,9,HYD,BLR,519,1,4.2,0.1954005359248076,21,79,B737,0,0.4782,3,2,1
2,5,10,DEL,BLR,1788,1,5.1,0.39756574779377496,14,65,ATR72,0,0.459,1,2,3
1,6,1,BOM,DEL,1133,2,9.0,0.4014253803260285,8,47,ATR72,1,0.7106,0,1,3
7,1,4,BLR,HYD,509,0,8.3,0.15120759383851212,16,54,ATR72,0,0.4105,2,3,3
19,6,11,MAA,BOM,1032,0,7.4,0.2509024817370677,21,74,B737,0,0.4004,5,0,1
22,5,12,BOM,BLR,820,0,7.5,0.2431262800861397,5,59,A321,0,0.1473,0,2,2
13,3,5,HYD,BLR,502,1,4.9,0.16071039592898262,17,33,A321,0,0.4343,3,2,2
14,2,3,BOM,DEL,1191,0,3.9,0.3360628835219584,8,75,A321,0,0.1344,0,1,2
8,3,2,AMD,DEL,902,1,9.4,0.19609069399866771,9,89,A321,1,0.5284,6,1,2
14,1,10,DEL,BLR,1698,0,4.8,0.4061149514007446,6,82,A320,0,0.1624,1,2,0
12,2,1,DEL,GOI,1856,0,8.1,0.3112392761592533,13,41,A320,0,0.3445,1,7,0
23,6,5,BLR,HYD,490,1,2.4,0.1449946805744679,6,85,A321,0,0.308,2,3,2
0,6,7,DEL,CCU,1271,2,11.8,0.4530401516528715,21,49,B737,1,1.0,1,4,1
6,6,2,GOI,DEL,1872,2,9.2,0.3109160520579166,1,29,ATR72,1,0.8244,7,1,3
13,1,5,BLR,BOM,890,0,9.5,0.25431777033609626,18,50,ATR72,0,0.3017,2,0,3
21,2,12,BLR,BOM,855,0,5.5,0.309615130508332,21,88,B777,0,0.2238,2,0,4
22,2,12,BLR,DEL,1714,0,13.2,0.44151277300696407,3,31,ATR72,0,0.4466,2,1,3
8,4,9,GOI,DEL,1923,0,9.3,0.3626751856888523,17,38,ATR72,1,0.6651,7,1,3
22,6,2,BOM,BLR,854,0,8.0,0.2812632870450948,7,80,A321,0,0.1625,0,2,2
18,6,2,DEL,GOI,1883,0,9.0,0.3619183191826299,14,54,B777,0,0.4948,1,7,4
6,3,7,CCU,DEL,1339,1,12.7,0.4310332638474784,4,38,A320,1,0.7424,4,1,0
22,2,2,BOM,PNQ,159,2,5.5,0.17868103448797037,20,86,A321,1,0.6215,0,8,2
19,6,6,CCU,DEL,1327,1,2.6,0.4262082841161538,21,80,B777,1,0.7705,4,1,4
19,0,9,MAA,BOM,992,1,9.0,0.2895378770928887,12,30,A321,1,0.7858,5,0,2
14,4,1,BOM,DEL,1176,0,2.1,0.40372027502903424,15,80,A320,0,0.2115,0,1,0
19,0,11,AMD,DEL,923,0,11.9,0.23198115762977356,12,46,B737,1,0.4928,6,1,1
17,1,8,BLR,HYD,512,0,6.3,0.21618741934085814,13,20,B737,1,0.5365,2,3,1
8,0,11,DEL,GOI,1939,0,5.6,0.37476161510823625,14,61,B777,0,0.3499,1,7,4
1,4,11,BLR,BOM,826,0,9.5,0.3405948819276127,4,44,A320,0,0.3062,2,0,0
4,4,5,AMD,DEL,863,0,3.2,0.2306100805769168,7,82,A320,0,0.0922,6,1,0
3,6,9,BOM,BLR,843,0,3.5,0.31085277096890873,19,45,A320,0,0.3743,0,2,0
11,0,4,DEL,AMD,934,0,2.2,0.23564470968719303,19,80,A320,0,0.1943,1,6,0
20,3,11,BOM,BLR,806,0,2.9,0.2523830838206912,11,84,ATR72,0,0.301,0,2,3
23,4,2,HYD,BOM,607,0,10.2,0.3021466621932688,15,59,B737,0,0.3709,3,0,1
18,4,3,AMD,DEL,907,0,4.3,0.18702096446419034,15,85,A320,0,0.2748,6,1,0
22,4,1,BOM,HYD,581,0,1.2,0.21922652756915129,2,48,B777,0,0.0877,0,3,4
7,3,11,BLR,HYD,507,0,4.7,0.16667135265311528,9,61,A320,0,0.2167,2,3,0
7,0,12,BOM,BLR,866,2,6.4,0.2911151908854602,14,65,B777,1,0.7164,0,2,4
14,0,2,BLR,HYD,508,1,8.0,0.1890528425444775,20,60,B777,0,0.3756,2,3,4
19,6,3,DEL,AMD,856,2,11.3,0.23627446196707574,8,84,ATR72,1,0.8945,1,6,3
5,1,3,BOM,PNQ,95,0,11.5,0.16142499362148338,17,40,B777,0,0.4846,0,8,4
19,6,11,DEL,CCU,1285,0,1.2,0.48470274102430466,12,34,B737,1,0.5139,1,4,1
5,6,10,DEL,BLR,1725,0,7.6,0.41284445853216784,16,36,A321,0,0.3851,1,2,2
8,6,10,HYD,BLR,539,2,10.5,0.15720842886090064,17,66,ATR72,1,0.9629,3,2,3
17,4,7,BOM,DEL,1147,0,8.5,0.35397541134073945,13,41,B737,1,0.6116,0,1,1
4,5,3,DEL,BLR,1771,0,6.8,0.37165408301910074,12,26,B777,0,0.3987,1,2,4
10,6,2,DEL,AMD,864,0,4.4,0.18229999481456827,1,25,B777,0,0.2729,1,6,4
21,2,9,BLR,DEL,1760,1,8.1,0.39387621989699606,8,30,B737,1,0.6276,2,1,1
16,6,2,DEL,BOM,1194,0,10.9,0.33188798343639253,18,89,ATR72,1,0.4828,1,0,3
5,3,10,MAA,BOM,1056,0,5.8,0.2514998014234244,8,63,ATR72,0,0.1006,5,0,3
2,4,1,DEL,CCU,1274,2,6.4,0.438876393320177,18,73,B737,1,0.6756,1,4,1
8,6,1,DEL,BOM,1157,1,9.3,0.3423384185523675,13,28,B737,1,0.8369,1,0,1
13,0,12,BLR,DEL,1757,0,12.1,0.38052610238163403,5,84,A320,0,0.3522,2,1,0
13,6,10,DEL,GOI,1896,0,11.2,0.31823194970334406,6,49,A320,0,0.3773,1,7,0
7,0,5,BOM,BLR,894,1,5.1,0.32614637574929894,17,80,A320,1,0.5805,0,2,0
18,4,11,AMD,DEL,925,2,8.7,0.2007977378942778,5,31,B777,1,0.8003,6,1,4
16,2,9,DEL,GOI,1907,0,1.0,0.3993730521873906,10,58,ATR72,0,0.2597,1,7,3
22,6,6,DEL,AMD,938,1,9.8,0.1976259998452718,5,72,ATR72,1,0.5291,1,6,3
14,6,8,BLR,BOM,879,0,3.4,0.26161572892858004,5,60,B737,0,0.2546,2,0,1
9,2,1,DEL,CCU,1303,0,10.5,0.4893179081153645,18,42,ATR72,1,0.7157,1,4,3
8,4,10,AMD,DEL,929,1,12.8,0.22783508200592437,13,37,B777,1,0.7611,6,1,4
15,3,5,HYD,BLR,541,2,6.2,0.23859277353322478,13,62,A321,1,0.5454,3,2,2
8,0,9,DEL,AMD,844,1,2.8,0.1546785424843711,9,23,A321,1,0.6619,1,6,2
4,3,1,DEL,GOI,1860,3,2.4,0.31049036315253514,18,22,B737,1,0.9742,1,7,1
10,6,5,BOM,HYD,631,0,5.7,0.2210676110526205,17,42,B777,0,0.3084,0,3,4
19,1,5,GOI,DEL,1864,0,11.0,0.35951762578749974,11,39,ATR72,1,0.6138,7,1,3
13,4,12,BOM,BLR,878,1,4.1,0.23781857998711653,9,43,B777,0,0.3651,0,2,4
20,6,4,DEL,AMD,897,2,6.6,0.1902722206080198,1,80,A321,1,0.6761,1,6,2
16,0,3,AMD,DEL,868,0,8.0,0.176864150644521,11,69,ATR72,0,0.1207,6,1,3
1,1,9,BOM,MAA,1046,0,11.7,0.29459338604565916,14,88,A320,0,0.4678,0,5,0
6,5,12,CCU,DEL,1304,3,11.2,0.3808820406075881,17,39,A321,1,1.0,4,1,2
15,4,9,BLR,DEL,1697,3,11.3,0.43734899342315237,3,47,A320,1,1.0,2,1,0
17,0,2,BOM,DEL,1158,0,3.4,0.4078894244215932,3,80,ATR72,0,0.3132,0,1,3
21,3,3,HYD,BLR,535,1,10.7,0.1772142213995162,4,48,A320,0,0.4709,3,2,0
19,0,8,BLR,HYD,546,2,10.9,0.20157701664823355,9,51,A320,1,0.9306,2,3,0
21,3,1,BOM,MAA,980,0,6.5,0.31138918455281195,3,71,A321,0,0.1246,0,5,2
16,5,9,MAA,BOM,987,1,2.4,0.3240059815624716,9,78,A321,0,0.4796,5,0,2
14,2,11,CCU,DEL,1287,1,11.5,0.43295406504618394,7,40,B737,1,0.6432,4,1,1
2,3,1,GOI,DEL,1937,0,10.6,0.3459600921922149,3,82,ATR72,0,0.3384,7,1,3
10,0,10,BOM,DEL,1112,2,11.1,0.40784181317158213,4,76,B777,1,0.7631,0,1,4
17,2,1,BOM,HYD,584,0,8.6,0.28600560677286846,20,26,B737,1,0.6144,0,3,1
7,2,9,CCU,DEL,1287,2,12.1,0.4059120975730045,4,35,A321,1,1.0,4,1,2
2,0,3,DEL,GOI,1861,0,4.1,0.3958247044781784,13,72,B737,0,0.2083,1,7,1
0,2,12,DEL,CCU,1272,0,12.5,0.42522381020978023,10,35,A321,0,0.4401,1,4,2
9,5,11,BLR,DEL,1706,0,11.6,0.3918873308835039,10,64,B777,1,0.5568,2,1,4
2,6,12,HYD,BOM,593,0,13.4,0.2911823111748475,14,62,A321,0,0.4165,3,0,2
0,3,2,BLR,DEL,1725,0,6.9,0.3566694378704177,1,85,B777,0,0.1427,2,1,4
7,3,3,DEL,CCU,1298,0,6.5,0.42953377192591774,13,53,A321,0,0.3718,1,4,2
7,5,1,BLR,DEL,1777,0,6.9,0.4240667547563871,16,59,B737,0,0.4696,2,1,1
21,0,11,DEL,BOM,1196,0,9.5,0.3830477859807745,4,27,B777,0,0.4032,1,0,4
8,0,2,AMD,DEL,855,1,1.5,0.18818142002093674,5,25,B777,1,0.5753,6,1,4
16,1,11,AMD,DEL,936,1,9.9,0.22722748004726323,14,58,B737,0,0.4409,6,1,1
23,4,3,BOM,DEL,1183,0,12.2,0.36972234346055977,3,71,B737,0,0.3479,0,1,1
19,1,1,BLR,HYD,453,0,5.9,0.19578325668945182,6,29,A321,0,0.3783,2,3,2
3,3,3,AMD,DEL,906,2,8.5,0.25893846862023534,8,66,B777,1,0.6036,6,1,4
5,3,4,DEL,CCU,1264,3,5.3,0.4084212937349766,11,77,A321,1,0.8134,1,4,2
19,3,4,HYD,BOM,583,1,5.9,0.24638202989167673,15,21,A320,1,0.6486,3,0,0
11,3,1,DEL,BLR,1747,2,3.1,0.46760847524246457,20,72,A320,1,0.687,1,2,0
2,5,11,PNQ,BOM,127,0,9.5,0.15895447589361092,11,31,B777,0,0.3836,8,0,4
4,3,9,DEL,AMD,843,0,8.1,0.22709711928402937,19,47,ATR72,0,0.3908,1,6,3
14,6,2,DEL,AMD,889,2,13.1,0.22873702817832825,11,52,B777,1,0.7915,1,6,4
10,1,9,DEL,GOI,1870,1,12.2,0.35579281073345176,14,55,A321,1,0.6923,1,7,2
17,0,9,BOM,BLR,875,0,2.9,0.3171452943243282,3,33,ATR72,0,0.4469,0,2,3
5,5,6,GOI,DEL,1934,0,12.2,0.3296613318409013,10,42,A320,1,0.5519,7,1,0
20,3,3,HYD,BLR,501,1,10.7,0.22137891673344628,10,77,ATR72,1,0.6386,3,2,3
3,3,9,DEL,AMD,876,0,6.6,0.18704902922604236,4,74,A321,0,0.1748,1,6,2
3,4,1,DEL,BLR,1705,2,1.6,0.374192601407009,11,44,B737,1,0.6697,1,2,1
13,4,8,BOM,DEL,1180,1,3.2,0.388655535904418,3,72,B777,0,0.4555,0,1,4
17,6,12,AMD,DEL,865,0,3.6,0.24780494922948695,11,87,ATR72,0,0.3491,6,1,3
16,2,9,DEL,GOI,1866,0,6.5,0.31743309624515503,12,86,B777,0,0.277,1,7,4
22,4,12,DEL,AMD,886,0,6.8,0.22822540592622118,13,76,A321,0,0.1413,1,6,2
17,6,2,HYD,BOM,617,2,7.9,0.263454027435517,3,53,B777,1,0.7054,3,0,4
15,3,6,CCU,DEL,1349,0,9.1,0.4196759126103653,15,22,B737,1,0.5679,4,1,1
19,6,2,GOI,DEL,1933,1,1.9,0.29538672114462683,21,52,B737,1,0.6182,7,1,1
13,6,6,DEL,GOI,1863,2,6.0,0.322182019805111,5,85,A320,1,0.6789,1,7,0
4,5,3,DEL,BLR,1747,0,11.4,0.3929198797967848,6,85,A320,0,0.4072,1,2,0
10,5,5,BOM,HYD,643,0,10.4,0.22237290358855252,15,76,ATR72,0,0.3889,0,3,3
7,1,8,HYD,BOM,620,0,3.2,0.28165723479007976,17,60,A320,0,0.4627,3,0,0
18,6,5,HYD,BOM,627,0,3.1,0.25355158082659535,8,46,ATR72,0,0.3014,3,0,3
1,2,3,CCU,DEL,1303,1,2.8,0.4532727537986629,4,23,ATR72,1,0.5313,4,1,3
16,5,4,MAA,BOM,1053,2,13.0,0.26296487798976576,9,80,ATR72,1,0.7552,5,0,3
3,6,2,BLR,DEL,1743,0,7.0,0.3763647423369384,2,55,ATR72,0,0.2005,2,1,3
13,4,6,BLR,BOM,881,0,7.7,0.3057761486929812,5,56,A321,0,0.2223,2,0,2
6,2,12,HYD,BLR,469,0,8.6,0.1551330317723349,8,84,A320,0,0.1621,3,2,0
12,0,6,DEL,AMD,854,0,9.7,0.24862792618470503,13,44,B777,0,0.4195,1,6,4
19,4,9,DEL,CCU,1322,0,6.9,0.41369696418498625,17,23,ATR72,1,0.6655,1,4,3
1,3,3,BLR,DEL,1718,0,10.6,0.39593684079974195,6,63,ATR72,0,0.3584,2,1,3
12,2,7,DEL,CCU,1323,2,3.4,0.42312639034338917,11,56,B737,1,0.7193,1,4,1
11,0,7,DEL,AMD,847,0,4.1,0.19174470579743236,14,29,A321,0,0.3767,1,6,2
0,0,10,HYD,BOM,617,3,6.2,0.23086628527696446,3,47,A320,1,0.6923,3,0,0
12,1,3,CCU,DEL,1311,2,7.5,0.41868360253537845,21,76,A321,1,0.6675,4,1,2
3,5,9,CCU,DEL,1288,0,12.0,0.4545898170192552,12,49,ATR72,1,0.5818,4,1,3
6,6,2,HYD,BOM,664,0,3.8,0.24537681621356458,21,62,B777,0,0.2482,3,0,4
8,2,7,AMD,DEL,844,2,6.3,0.25680699850851213,15,51,A320,1,0.8027,6,1,0
11,3,2,BOM,BLR,844,2,7.7,0.24522960623135584,9,22,B737,1,0.6481,0,2,1
7,2,7,BLR,HYD,498,3,10.7,0.21614355608751945,1,33,B777,1,1.0,2,3,4
19,2,3,PNQ,BOM,120,0,6.4,0.1866889827193802,20,47,B737,0,0.3747,8,0,1
5,4,10,DEL,CCU,1315,0,6.5,0.482785172715561,9,20,B737,0,0.3431,1,4,1
22,0,6,MAA,BOM,989,2,7.6,0.28449491102566465,1,46,A320,1,0.6138,5,0,0
11,5,6,BOM,BLR,864,0,12.9,0.28748631205237235,9,33,A321,1,0.535,0,2,2
9,3,8,DEL,CCU,1325,0,1.3,0.4085665172067166,14,58,ATR72,0,0.4634,1,4,3
12,1,6,MAA,BOM,1034,0,7.8,0.2846003663097534,1,46,A321,0,0.2138,5,0,2
19,6,8,PNQ,BOM,99,2,10.0,0.1638555672171642,17,62,B737,1,1.0,8,0,1
11,5,1,HYD,BOM,643,0,3.1,0.29273225102694517,17,27,B737,0,0.4171,3,0,1
9,3,10,BLR,HYD,533,0,6.7,0.22498787731580944,14,33,ATR72,0,0.36,2,3,3
23,6,8,DEL,BLR,1766,0,11.8,0.45257133387235166,4,52,ATR72,1,0.531,1,2,3
6,6,2,DEL,CCU,1313,1,7.7,0.42894849218639275,4,86,B777,0,0.4216,1,4,4
18,4,11,PNQ,BOM,168,1,11.2,0.10108841510693725,11,31,A321,1,0.7604,8,0,2
11,5,6,DEL,CCU,1335,2,8.3,0.41876401299641747,13,65,A321,1,0.8675,1,4,2
22,2,6,BOM,MAA,1035,0,3.3,0.3588159427811297,8,60,B737,0,0.2435,0,5,1
11,4,8,PNQ,BOM,165,0,9.6,0.1719138311236062,21,30,ATR72,0,0.4888,8,0,3
1,4,11,DEL,GOI,1884,1,9.1,0.3605579524899825,18,39,B737,1,0.6142,1,7,1
0,6,10,DEL,BOM,1140,1,4.3,0.3243743869594267,19,68,A320,1,0.4797,1,0,0
6,1,5,DEL,BLR,1724,0,9.9,0.44165586161904574,14,87,B737,0,0.3267,1,2,1
17,3,1,BOM,HYD,580,0,1.5,0.23496423879330824,7,60,A321,0,0.244,0,3,2
7,0,5,HYD,BLR,506,2,6.7,0.19422184261084263,20,47,B737,1,0.7277,3,2,1
13,4,3,CCU,DEL,1352,2,4.3,0.41260646001021745,10,51,ATR72,1,0.565,4,1,3
7,6,1,BOM,HYD,629,0,1.5,0.2787340049695113,18,34,B777,0,0.4815,0,3,4
17,1,10,AMD,DEL,934,0,5.6,0.1944686476616101,8,43,B777,0,0.2978,6,1,4
0,0,8,BOM,HYD,606,2,2.0,0.2942265429148245,15,45,A320,1,0.6677,0,3,0
16,2,5,CCU,DEL,1312,0,2.1,0.38767627714832215,5,44,A320,0,0.2251,4,1,0
13,6,12,BOM,DEL,1140,2,2.5,0.33262993988505574,3,22,A320,1,0.7331,0,1,0
2,2,5,BOM,MAA,1057,2,5.7,0.33049191165436703,13,71,B777,1,0.5822,0,5,4
10,2,10,HYD,BOM,653,0,1.3,0.24354329151854653,16,25,A321,0,0.3474,3,0,2
18,2,1,BOM,PNQ,130,1,4.5,0.19993103113518562,18,54,A320,1,0.58,0,8,0
15,1,8,BLR,HYD,471,1,1.2,0.21382900368638336,6,31,B737,0,0.4555,2,3,1
1,3,2,DEL,AMD,840,1,12.2,0.15628053598919361,18,65,B737,1,0.5625,1,6,1
7,3,12,HYD,BLR,495,3,3.2,0.1522144327336568,14,38,A321,1,0.9309,3,2,2
22,0,12,BOM,HYD,579,0,13.5,0.22316669041736542,17,75,ATR72,0,0.3893,0,3,3
22,0,11,HYD,BOM,583,0,5.1,0.31024245919900895,17,72,B777,0,0.2241,3,0,4
11,6,11,CCU,DEL,1350,1,1.4,0.4435146009736896,17,51,B737,0,0.5274,4,1,1
3,4,4,DEL,BLR,1784,0,2.8,0.38699359894521196,4,33,A320,0,0.2248,1,2,0
12,2,10,BOM,PNQ,99,0,12.3,0.10018070348426505,12,76,A321,0,0.3401,0,8,2
8,0,3,DEL,BLR,1730,1,5.5,0.3975255776514453,3,87,A320,1,0.509,1,2,0
15,0,3,HYD,BLR,454,0,4.8,0.20508284457214815,9,84,B777,0,0.082,3,2,4
6,6,1,BLR,HYD,491,1,2.3,0.17441686074824186,17,50,A321,0,0.4198,2,3,2
11,3,5,DEL,GOI,1882,3,8.7,0.32687393363860523,8,72,A321,1,0.8307,1,7,2
10,1,10,BOM,BLR,814,0,13.6,0.2706513443894772,7,73,B777,0,0.3083,0,2,4
5,4,9,DEL,AMD,900,1,12.0,0.24628361405181493,10,65,ATR72,1,0.5985,1,6,3
8,3,11,BLR,DEL,1781,0,3.9,0.42057478573427,19,52,A320,0,0.4182,2,1,0
13,6,4,BLR,HYD,451,0,5.3,0.21807018344149415,15,72,A320,0,0.1872,2,3,0
4,0,7,DEL,GOI,1916,0,8.3,0.3469592642153155,10,32,B777,0,0.4088,1,7,4
18,3,2,BLR,DEL,1751,2,2.5,0.37875092000473554,19,72,B777,1,0.8015,2,1,4
0,1,5,BOM,HYD,574,0,9.1,0.22152914114064406,19,21,ATR72,0,0.4386,0,3,3
18,2,7,GOI,DEL,1944,1,1.6,0.29818886517583937,8,89,ATR72,1,0.5693,7,1,3
13,4,9,BOM,HYD,657,2,8.3,0.24307345064154856,18,50,ATR72,1,0.7972,0,3,3
22,1,10,BLR,BOM,811,0,3.1,0.254570235870692,8,67,B737,0,0.1018,2,0,1
5,4,6,BOM,BLR,870,0,3.9,0.28507742204814196,16,47,B777,0,0.314,0,2,4
8,3,11,BOM,MAA,967,0,13.8,0.3623753300105051,3,81,B777,0,0.495,0,5,4
19,6,8,BOM,MAA,995,1,10.0,0.29560600447224467,9,71,B737,1,0.7182,0,5,1
16,2,6,BLR,HYD,510,1,4.0,0.14422922779140124,12,49,A320,0,0.4077,2,3,0
2,2,6,MAA,BOM,1010,2,6.6,0.31600934482760545,18,44,B737,1,0.7964,5,0,1
23,6,1,DEL,GOI,1927,3,4.0,0.34030524948806296,14,57,B777,1,0.8361,1,7,4
11,3,9,BOM,MAA,966,2,1.8,0.366910568986921,14,76,A321,1,0.6968,0,5,2
16,1,11,DEL,BLR,1775,2,6.6,0.3780191513044211,4,58,A320,1,0.5512,1,2,0
5,3,7,DEL,BOM,1144,2,9.5,0.37398079574026505,19,66,B777,1,0.8496,1,0,4
15,6,12,DEL,BLR,1768,0,3.3,0.3987419648806394,16,54,A320,0,0.3095,1,2,0
9,6,6,DEL,BOM,1178,0,5.4,0.3655548220531279,5,71,B777,0,0.4462,1,0,4
16,6,2,BOM,HYD,663,0,5.9,0.2564085328359391,4,71,A321,0,0.1526,0,3,2
18,4,3,DEL,BOM,1177,3,1.9,0.37669657387678357,3,61,B737,1,0.9007,1,0,1
4,4,1,BOM,BLR,879,1,10.6,0.30085789947886393,11,84,ATR72,1,0.5703,0,2,3
10,6,5,DEL,AMD,930,1,9.4,0.15962181308256918,3,48,B737,0,0.4138,1,6,1
7,4,10,BOM,BLR,893,0,11.2,0.30093542898887565,9,54,A321,0,0.4704,0,2,2
8,1,7,AMD,DEL,884,0,10.6,0.20663472151696569,14,49,B777,1,0.5827,6,1,4
23,0,1,PNQ,BOM,167,1,7.9,0.1135810268164867,14,39,B737,0,0.4154,8,0,1
18,5,9,BOM,HYD,573,0,7.1,0.28797536034323995,4,38,B777,1,0.4852,0,3,4
20,3,2,HYD,BLR,518,1,3.5,0.19124432673851863,21,79,ATR72,1,0.5265,3,2,3
15,6,9,AMD,DEL,850,0,3.4,0.21001097483013834,11,81,B737,0,0.284,6,1,1
14,3,5,BOM,HYD,654,0,3.7,0.2965592195715852,19,61,B777,0,0.2186,0,3,4
8,6,1,DEL,BLR,1786,0,8.9,0.42942649628984164,18,79,A320,1,0.5718,1,2,0
5,6,5,DEL,GOI,1876,2,10.0,0.30057841979927935,15,77,A320,1,0.7202,1,7,0
10,4,1,PNQ,BOM,125,2,1.5,0.13131122523437277,1,33,B777,1,0.5725,8,0,4
15,5,6,BOM,HYD,656,1,12.6,0.2196444645392802,3,84,ATR72,1,0.6379,0,3,3
10,0,2,BOM,DEL,1127,0,10.7,0.3773371608337003,17,31,B777,1,0.5209,0,1,4
5,0,12,BOM,HYD,610,0,9.9,0.26373050447215074,5,66,A320,0,0.2055,0,3,0
17,4,6,BLR,DEL,1693,1,10.1,0.42935141887632267,21,35,B777,1,0.9917,2,1,4
14,5,7,BOM,BLR,802,0,10.1,0.2822406831077989,2,36,A320,1,0.5329,0,2,0
4,4,8,DEL,BOM,1165,0,11.9,0.32744368481392677,6,39,B737,0,0.501,1,0,1
4,3,11,HYD,BOM,639,0,6.1,0.2992851086737583,12,27,A321,0,0.3197,3,0,2
10,3,3,BOM,PNQ,153,0,10.8,0.11608682792917091,18,39,A320,0,0.4664,0,8,0
17,3,8,BLR,DEL,1772,0,13.4,0.35688702715497334,9,29,ATR72,1,0.7428,2,1,3
19,3,6,DEL,GOI,1862,0,12.1,0.3795198956713737,13,65,A321,1,0.6518,1,7,2
7,6,4,PNQ,BOM,148,2,4.3,0.12932074236369598,19,86,A321,1,0.8017,8,0,2
2,0,9,BLR,DEL,1738,0,6.2,0.3534679092984839,18,85,A320,0,0.3414,2,1,0
11,5,8,CCU,DEL,1263,0,2.8,0.4382681730821981,19,67,A321,0,0.4253,4,1,2
9,1,2,DEL,BLR,1774,2,4.7,0.4160546700961394,10,79,A321,1,0.7164,1,2,2
18,6,8,BOM,DEL,1119,0,11.7,0.35403816449308345,14,50,ATR72,1,0.6916,0,1,3
3,5,9,CCU,DEL,1289,1,6.8,0.4021205475045757,21,46,B737,1,0.6108,4,1,1
0,3,11,HYD,BOM,586,0,4.1,0.31231289063826717,14,36,A321,0,0.2449,3,0,2
3,6,4,BLR,DEL,1739,1,11.4,0.4061380954722716,15,56,A320,1,0.6625,2,1,0
6,3,8,DEL,BOM,1124,1,7.3,0.32429925190921244,19,44,B777,1,0.5997,1,0,4
7,2,1,BOM,MAA,1025,1,8.1,0.3178570590851083,7,43,B777,1,0.6471,0,5,4
4,1,11,BOM,PNQ,77,0,11.6,0.13231640082112364,12,84,A320,0,0.3529,0,8,0
11,1,3,HYD,BLR,528,0,12.8,0.20401112303977748,5,87,A321,0,0.2816,3,2,2
23,5,1,BOM,PNQ,81,0,7.1,0.14405187551117682,12,40,B737,0,0.2776,0,8,1
18,4,12,DEL,AMD,867,0,12.8,0.1657379845707789,8,65,A320,0,0.4163,1,6,0
22,4,5,GOI,DEL,1935,1,5.0,0.36082517703127626,19,23,B777,1,0.5943,7,1,4
12,5,7,DEL,AMD,888,1,8.1,0.1963573389932194,9,81,B737,1,0.5285,1,6,1
3,1,6,HYD,BOM,650,0,1.6,0.31672972597602345,3,40,B777,0,0.2967,3,0,4
23,0,6,BOM,MAA,1060,3,5.4,0.3583888186471085,6,62,B737,1,0.8434,0,5,1
